,Subj1_0h,Subj1_6h,Subj1_6h_LPS,Subj1_24h,Subj1_24h_LPS,Subj1_48h,Subj1_48h_LPS,Subj2_0h,Subj2_6h,Subj2_6h_LPS,Subj2_24h,Subj2_24h_LPS,Subj2_48h,Subj2_48h_LPS,Subj3_6h,Subj3_6h_LPS,Subj3_24h,Subj3_24h_LPS,Subj3_48h,Subj3_48h_LPS,Subj4_0h,Subj4_6h,Subj4_6h_LPS,Subj4_24h,Subj4_24h_LPS,Subj4_48h,Subj4_48h_LPS,SPQC_3,SPQC_4,SPQC_5
Subject,Subj1,Subj1,Subj1,Subj1,Subj1,Subj1,Subj1,Subj2,Subj2,Subj2,Subj2,Subj2,Subj2,Subj2,Subj3,Subj3,Subj3,Subj3,Subj3,Subj3,Subj4,Subj4,Subj4,Subj4,Subj4,Subj4,Subj4,SPQC,SPQC,SPQC
Condition,0 h,06 h,06 h_LPS,24 h,24 h_LPS,48 h,48 h_LPS,0 h,06 h,06 h_LPS,24 h,24 h_LPS,48 h,48 h_LPS,06 h,06 h_LPS,24 h,24 h_LPS,48 h,48 h_LPS,0 h,06 h,06 h_LPS,24 h,24 h_LPS,48 h,48 h_LPS,SPQC,SPQC,SPQC
A0A075B6H7,164541.25,155777.4375,161678.7344,154958.875,168540.1563,166578.0156,178122.7188,131002.0234,145323.8125,146362.4688,129682.8281,134741.2344,142000.75,139317.6094,153227.8281,152064.4531,165476.9375,160478.1875,160389.0938,183064.3906,115686.2422,108773.9531,103773.4922,113347.9688,107294.7734,115314.8672,111982.7734,145400.3438,145482.1875,146872.2031
A0A075B6H8,519822.9375,475521.1875,480260.4063,447355.875,468576.5938,418882.125,400866,314118.5313,283688.1563,287168.0313,277877.75,265091.1563,247035.625,246945.6875,259135.9531,242632.8125,238906.5,235975.2031,204157.2344,174127.125,230459.3438,189075.3594,190987.2031,176057.9688,188649.0781,173496.4844,162855.3594,282866.625,283830.4688,272465.5
A0A075B6H9,34993.53125,33964.78125,36688.07422,33828.77734,32047.3125,34026.61328,28328.5918,43239.51953,41986.63281,40204.8125,39902.19922,39349.625,41472.75781,39664.19141,25919.63477,24425.80859,22558.60156,24868.54297,22444.86133,22931.29492,14079.1748,15279.7002,15477.49414,14517.49023,16057.25391,12581.93066,13796.92773,26636.55664,27553.68164,27050.48828
A0A075B6I0,122500.8594,111512.0391,115039.8203,113293.1016,120087.7578,121155.1406,126654.0469,88579.66406,85447.08594,86443.96094,85006.03906,84202.50781,90995.10156,89977.32813,102329.0391,102597.0703,102169.7188,102993.5703,112282.9375,119833.2031,197261.6875,197756.0781,197916.8125,200370.0781,190988.9531,208642.7969,208356.3906,132856.2031,134802.0938,137651.7031
A0A075B6I1,NA,NA,NA,NA,NA,NA,NA,12763.13574,14916.41406,15677.23145,15818.14063,16204.39355,16949.30469,14044.34766,9646.882813,9333.625977,10684.98633,8662.386719,10029.70703,9010.178711,12201.5459,9454.236328,10935.71484,9915.082031,9781.761719,11813.14746,11425.02344,10186.92285,11185.55371,11878.46289
A0A075B6I4,61948.63281,59299.39844,67228.6875,59828.08594,56598.6875,67179.16406,75832.38281,101381.0625,87732.97656,97945.3125,97326.74219,98111.86719,106851.3281,115964.125,14421.81055,16429.7793,15030.85742,14900.85156,18683.28906,23012.66016,NA,NA,NA,NA,NA,NA,NA,52900.69141,51375.53516,52445.56641
A0A075B6I9,24063.36523,26570.2832,21712.61914,23588.08008,23434.3457,16644.18945,32622.94336,32515.58203,18537.79492,26173.31445,36282.24609,20476.79102,36888.04297,25830.34375,12406.96094,33591.92578,39101.66406,29677.56641,27614.10352,45943.59375,18344.2832,20900.25586,21253.6875,NA,19259.39258,27376.92578,16755.99023,21307.83008,28325.20703,27624.57422
A0A075B6J1,11037.35156,10559.27539,12582.5,10970.69531,11625.51172,12129.04102,7984.785156,19900.34961,20479.71484,20310.33984,22021.57617,19177.03906,19680.5957,20954.1543,12476.56055,13054.19141,11855.86816,12822.75781,20095.125,21879.14258,23679.01172,24097.6543,20988.66211,24230.19141,22681.54492,22749.41992,23799.28906,15766.93262,15463.27148,15343.73633
A0A075B6J9,107448.1484,112845.8359,109143.1797,108357.3359,108734.9219,102652.4609,104780.5938,94818.51563,85728.25,77818.58594,94523.03125,81139.83594,70872.17188,86805.76563,42196.25781,51296.00391,49863.42188,50352.89063,45777.14844,49095.83984,60191.03906,49162.52734,61187.29688,52840.45703,48715.96094,54775.09375,43962.90625,65975.28906,67942.53125,69660.94531
A0A075B6K2,100138.7031,115386.9688,104578.2813,106554.3438,103133.4453,119257.7813,114222.0859,52577.63281,37528.62891,57306.87109,51793.97656,17785.82813,89328.04688,79468.89844,48114.53906,61411.21094,57596.88281,91187.36719,77068.3125,87820.625,58182.87891,49142.52734,45399.93359,48479.41016,46507.65234,54192.18359,50604.75391,82694,66970.30469,63932.31641
A0A075B6K4,82501.10938,84251.44531,85176.82813,77882.38281,81446.19531,84989.90625,89100.95313,79687.64063,79103.27344,85627.85156,84192.46094,84815.78125,86950.32031,86317.21875,34017.69141,32542.48242,32914.00781,33596.60156,31961.20117,34966.53516,89633.61719,91417.14844,88443.28906,90778.44531,89632.5,91559.90625,91649.25781,73735.14844,78004.24219,80660.32813
A0A075B6K5,784489.375,762257.4375,810558.875,764914.1875,783937.5,752230.25,805584.9375,694181.375,655539.75,653668.0625,711672.5,709935.125,742136.3125,694538.5625,946220.0625,946136.8125,896282.8125,866510,901997.4375,942120.1875,471649.6563,482622.6875,481126.2813,515327.7813,493464.3125,480890.2813,495000.0313,687087.125,769379.4375,764998.875
A0A075B6K6,8588.197266,7995.188477,8096.328125,6742.308594,4114.463379,7974.972168,8596.016602,NA,NA,NA,NA,NA,NA,NA,NA,NA,NA,NA,NA,NA,NA,NA,NA,NA,NA,NA,NA,978.2554321,2050.779297,1916.038086
A0A075B6P5;P01615,767542.3125,756958.125,770849.125,760856.625,776483.3125,789852,819849.0625,588240.5,560507.5,581150.0625,564551,575914.9375,646297.5,644947.5,594512.4375,607142,618251.1875,636440.625,647289.1875,725330.5625,643771.4375,637177.375,611183,623266.375,611242.8125,673273.375,663836.3125,660709.4375,660152.9375,651150.9375
A0A075B6Q5,32178.64453,38756.52734,33988.73828,33405.70313,31783.53906,31603.91406,25643.87891,47453.8125,45038.99609,47268.75391,43622.28516,44582.47656,47634.97266,44338.94141,47496.46094,45173.99609,48175.88672,45397.32031,46546.31641,41671.13672,23256.50586,31872.5957,30595.78125,30460.32422,30854.51758,32649.34375,32360.14258,32549.81445,34759.86719,32572.25
A0A075B6R2,11415.51563,NA,3967.955811,141.7474976,NA,NA,NA,15529.25684,21563.85156,22605.38867,19437.97266,23728.25977,17101.02344,22362.23438,28631.55078,30141.10938,41567.66016,50041.68359,22592.91602,30759.10352,14697.57324,32413.70508,15647.24805,19189.96484,16925.54102,16889.12695,17649.18555,15875.88965,12751.00977,15666.89355
A0A075B6S2,967681.4375,908787.6875,973318.5,964433.3125,958068.0625,925156.1875,982009.1875,740774.9375,736190.25,738559.6875,740642.3125,734058.5,734243.9375,784438.3125,841706.75,818980.6875,826443.8125,850011.3125,875719.75,909967.5,753429.3125,740241.5625,712673.9375,729084.0625,747250.8125,747399.25,749917.3125,815899.625,886670.375,885105.4375
A0A075B6S5,5474624,5481462,5455583.5,5237917.5,5571782,5339421.5,5612884.5,5697540,5535668,5258166.5,5340958,5229112.5,5561896,5650586,4483248,4473422.5,4555236.5,4447832,4687598,4561892.5,3778370,3644927,3637293.25,3667844.25,3507896.75,3449806.75,3560902.5,4916066.5,4850625,4763652
A0A075B6S6,359240.0313,361153.9063,346608.5,333605.5625,348692.4688,325567.4375,322195.9688,297178.4688,289411.8438,291845.875,278459.9375,280552.1875,263901.75,260399.7813,199323.75,202189.2344,195964.5,173936.8438,172385.7188,195016,201290.25,187811.4688,194574.8125,194565.7656,201489.1719,194244.5469,201373.4063,240514.0469,245151.3594,252798.9063
A0A075B6S9;P0DSN7,1023116.563,988515.875,936861,929253.5625,997491.5,956498.0625,927070.75,785514.125,809805.75,788380.6875,791036.5,766321.9375,875164.125,831227.4375,536828.8125,570274.25,535511.8125,529505.5625,499033.5313,501604.6875,455565.0313,474806.4063,453421.375,440788.0625,447690,455123.7188,503634.0313,678216.8125,648337.5625,641175.8125
A0A087WSX0,23996.03711,22845.39063,24223.86328,22828.62695,23355.96875,25167.60352,21098.17188,21145.37695,20584.375,21384.55469,25863.6875,18256.58789,18452.55469,23371.34766,31122.66406,26576.85352,27774.43945,22550.10352,28605.48633,33644.80859,42577.65625,42096.91797,43681.8125,43916.46875,42650.03125,41234.71484,44359.77344,25934.97852,28389.97656,29574.64453
A0A087WSY6,267947,259345.25,257438.0938,295226.0313,299873.0313,325966.2188,360843.4688,181734.9844,174600.8594,183790.4531,185641.5469,207106.4375,182601.9531,217572.8438,188488.9688,223119.0938,192666.0156,196392.3906,208838.4688,294844.5313,301692.0938,280820.0625,307527.4688,286741.7813,291472.1563,307833.3125,284545.3125,263711.9375,281309.0313,262707.5
A0A087WSZ0,NA,NA,NA,NA,NA,NA,NA,NA,NA,NA,NA,NA,NA,NA,NA,NA,NA,NA,NA,NA,1558.238281,3046.936768,1959.962524,2049.709717,2274.686035,2787.927734,NA,NA,NA,NA
A0A087WW87;P01614,59454.57031,59557.25781,61802.40625,59145.89063,59134.21094,59716.58203,63548.79688,72051.17188,68041.10938,68700.46875,66142.14063,64321.11328,63362.32422,67530.84375,71935.69531,70997.32031,71529.35938,70528.07813,65442.37891,55704.74609,84316.04688,85431.35938,82742.03125,81085.69531,81656.0625,77880.71094,77968.86719,69228.45313,65821.71094,59129.58594
A0A0A0MRZ8;P04433,1078709.125,1035668.125,1043817.188,1135738.875,1049252.375,1018904.5,1033601.375,1198291.75,1206833.25,1140280.625,1140900.875,1136474.625,1137745.875,1132968.25,1490378.25,1504340.75,1462382,1504413.5,1371800.625,1511506,1177109.5,1167678.375,1108231,1127517.875,1089317.75,1172345.625,1143845.5,1199801,1290979.75,1301722
A0A0A0MS14,56818.97656,57118.6875,55467.55078,54517.52734,53098.44141,54754.73828,53003.09766,106056.7266,101936.0859,101250.25,98403.96875,97680.14063,102507.4922,103461.8125,110516.1016,109644.2578,107405.0547,111135.3438,104377.8047,87990.50781,59565.57031,63332.95313,58439.00391,60196.71484,61296.04297,65201.62109,64420.05078,75397.39844,71535.44531,70309.03906
A0A0A0MS15,284624.4063,305946.5625,276341.9375,294628.7813,284107.8125,271745.1875,287864.4375,188391.9531,185021.3594,210299.3125,201582.7344,185999.2031,200284.6719,201003.125,215182.7656,201670.5,221744.7031,218452.0938,229236.5938,168734.5156,187092.375,191215.2969,183785.4375,189608.9688,185748.5,185793.8438,191134.9531,214982.5625,226396.1719,226573.3281
A0A0A0MT36,261555.5469,254356.2344,242576.0156,237110.375,251347.4531,244233.5313,242941.4375,247463.7188,239515.4219,220698.5469,234906.5469,208743.0156,198152.1094,243985.5,238338.9531,259290.1406,267963.5625,246905.5156,271149.125,277999.5,162776.8438,237738.2188,206151.2344,222783.3281,197356.1719,179363.2344,190460.2969,256509.5,234716.0156,245645.6719
A0A0A0MT89,103906.7891,98253.61719,100605.7109,105553.125,127090.2891,108719.7266,111492.3828,98524.46875,90784.27344,90778.03906,92194.23438,90849.64844,111499.8281,111592.5625,121451.2344,121201.8125,113952.5781,123053.5,138926.75,164327.2188,68869.85156,73355.36719,72340.4375,69453.53125,73422.32813,71733.4375,71435.29688,97496.36719,105215.2109,106863.1719
A0A0B4J1U3,42729.19141,38142.74609,37022.23828,34232.02734,39029.83984,34595.84375,32614.46484,46682.94531,42686.64844,46619.92188,45561.58594,41708.54688,40801.72656,39525.16406,39267.04297,38399.79688,36122.90625,34180.22656,32005.42578,34282.03125,84901.01563,83520.09375,81055.30469,81493.91406,79773.85156,73638.65625,72167.23438,43498.45703,44509.75781,43812.71094
A0A0B4J1U7,188206.25,184058.7813,198403.5469,200267.3438,204481.3594,209519.75,202034.8125,188727.375,181456.6875,188626.8906,180374.3594,179682.9375,177146.5156,179579,358277.4063,357756.2188,360744.75,360955.1875,388667.8438,370370.5313,126392.7188,125430.6719,121525.7188,140652.9688,127524.4766,125823.2891,140233.0781,218581.7813,236732.3438,242569.3594
A0A0B4J1V0,66617.96094,70499.51563,67886.75,74141.55469,74862.67969,74743.75,73986.4375,105828.1719,115623.5156,109547.6563,112888.0313,113929.1016,111979.5078,118862.2891,131452.7656,115799.7188,119392.2344,138264.1406,124338.6641,134411.0781,64301.55469,65559.14063,75148.61719,68821.17188,74764,74064.85938,71119.82031,101631.4141,104339.9453,100602.2344
A0A0B4J1V1,1759112.25,1744591,1736982,1731038.25,1737248.5,1788633.5,1735781.875,1692266.875,1651987.875,1630908,1708601,1630123.75,1684916,1733555.25,1949015,1912315.875,1908948.375,1931303.875,1978444.25,1837774.875,1336572.125,1322861.375,1323222.875,1328255.25,1298287.25,1339191.125,1329579.125,1659862.625,1619602.25,1625416.25
A0A0B4J1V2,8951.799805,8833.835938,10216.5332,9742.56543,9062.466797,9275.65332,9033.49707,21320.0293,21487.28125,20422.67188,21492.44727,20629.30078,18265.61133,21846.10156,18920.39063,17751.36328,17066.65625,17165,18132.68945,18896.13477,21529.01367,26723.69727,21423.17773,24085.79688,25574.52148,20493.71094,20779.19922,15660.87012,16911.80078,17502.3457
A0A0B4J1V6,254691.3438,262686.8125,256777.2031,247908.4063,240359.375,232567.4375,236351.625,178371.9688,175976.125,177184.0469,172750.1406,169388.0625,186379.8594,169522.7969,127982.7188,117627.8203,128770.1719,137013.1094,129027.5469,116294.25,112374.6016,124845.25,108564.125,114725.3281,118080.6563,117306.1797,112655.2031,164806.6406,176768.8281,166328.0938
A0A0B4J1X5,118987.8906,116439.7266,123901.5234,117038.2344,127134.4922,135859.0469,137295.3906,136850.4219,139095.2813,130571.75,149035.3438,139604.3125,161646.1406,153456.2656,158464.6719,121929.2656,161981.4219,161215.625,191254.3906,188023.7344,104813.2344,97900.76563,103852.6484,103568.3984,100299.3906,117222.0313,111048.0469,131077.8438,127959.7891,126164.0078
A0A0B4J1X8,48777.35156,47001.29297,49351.92969,45740.07031,44606.60156,44738.83984,45578.88281,52432.17188,51734.90234,54197.63672,45242.19922,48539.49609,58064.90234,57166.66016,93683.17969,91995.625,93589.95313,95331.69531,95384.14844,95436.78906,52978.78516,52874.03906,57330.58984,47742.30469,49884.55078,52748.67969,53917.57422,62112.20313,58289.0625,59518.69922
A0A0B4J1Y8,72593.41406,95095.58594,83313.84375,88167.875,76952.40625,80377.875,107426.1797,82222.0625,85702.04688,86157.09375,77617.60938,89566.71875,83156.8125,92736.22656,24521.57227,20617.06055,22676.27539,21194.10547,25910.92578,30699.60742,29816.51367,31391.72266,30177.42578,34255.96875,33733.60938,33380.96484,30910.64063,68291.30469,66012.71094,59367.68359
A0A0B4J1Y9,477958.7188,483239.3125,492513,475103.7188,492644.125,471747.8438,483431.3125,636052.5625,608682,623908.125,628985.875,638567.75,698919.8125,694126.3125,413258.9063,429542.4688,425861,424267.8125,506557.4063,534409.0625,384295.9688,413637.4688,412672.2188,421181.4063,416374.75,470989.3438,468559.125,466971.6563,466049.2188,405748.125
A0A0B4J1Z2,24556.77344,15889.52441,22959.41211,18795.25586,23047.95117,NA,5939.120605,33461.67578,36497.13281,34297.94531,26152,17572.73242,24459.45898,27505.32227,13783.91504,24919.73047,24813.05859,23097.15039,15687.30176,14216.9541,21005.95898,28419.88281,17462.24219,10734.97754,19187.85742,16754.93945,22208.17188,13626.29688,16967.36133,10688.45703
A0A0B4J2D9;P0DP09,770103,746376.8125,715148.625,745861.4375,779351,762811.9375,712480.5625,762034.625,810211.6875,853243,742512.0625,866102.125,794128.1875,820832.875,282540.75,286173.5938,355982.0313,290847.2813,360644.8438,274123.9375,666098.0625,649103.8125,686785.9375,679754.3125,647582.5,678107.0625,693358.9375,658634.6875,725938.875,610968.5
A0A0B4J2H0;P01742,64741.43359,70499.69531,74838.70313,66497.98438,70295.28125,66524.46875,67814.73438,58203.21875,64060.54688,56027.78516,56456.94922,61626.67578,60296.44922,49716.96484,74881.42969,68954.20313,68917.10938,72333.21875,70691.45313,58977.66406,26480.93359,25741.22656,25343.02734,24011.30273,24295.39453,20217.10742,27469.89258,59513.26172,54017.42188,58717.41406
A0A0C4DH24,98825.55469,98622.80469,100266.0547,94584.8125,100861.0156,101597.0938,106438.4375,213612.2031,204929.5781,209381.4375,208156.2969,208018.3281,228532.8281,217340.2656,446546.0625,447697.5,446563.2188,455149.875,488696.75,540665.9375,205882.6719,201661.9531,205940.0938,201383.5156,206356.7813,217972.1875,223962.6719,248694.4219,246111.6094,250616.8438
A0A0C4DH25,3651815.75,3466343.75,3595767.25,3672801.25,4013686,3746454.25,3854748,2653035.5,2958002.5,2694237.5,2754363,2814222,3130513.75,2918665.25,2597518.75,2645213.25,2790661.75,2668432,2821207.75,3129265.5,2473860.75,2375979.25,2430533.25,2329288.25,2468651.75,2581959.25,2701213.75,3043865.75,3019979.25,2962869
A0A0C4DH29,323424.3438,318832.0625,342978.5938,328989.9688,315577.4063,350893.5625,326342.2188,398007.0938,390418.5625,409543.1563,382189.75,372771.3438,397374.5,382627.25,347363.0313,337183.8125,365064.375,376268.0625,389419.5,362802.5313,351897.1563,350759.375,336297.8438,353227.75,327997.9375,381364.3125,345082.625,353857.625,349035.9375,346118.25
A0A0C4DH30,25478.53711,26992.88477,25420.66211,29037.90234,30771.88086,28339.08984,27137.92773,16358.72266,12531.07715,13697.93945,13144.37695,12340.27832,13438.29395,12579.98145,11828.70215,11944.21094,12862.2334,16162.3291,13027.55371,12806.89453,10779.38281,11470.63086,9596.191406,11084.6748,9340.49707,9640.754883,10342.64355,17480.07422,18253.93555,17658.34961
A0A0C4DH31,99976.57031,105962.6406,106794.2656,106337.625,106118.5938,110690.9766,108304.7031,114479.6563,105814.7188,112567.4063,103995.1016,103160.0078,106835.375,109679.7734,120631.3438,122253.3281,128988.0234,120064.6563,124937.1094,129044.6016,76061.98438,75145.86719,71898.38281,73758.17969,67001.36719,68083.69531,64603.23047,103973.9609,103602.7969,101713.9297
A0A0C4DH32,74552.875,85973.4375,73710.10938,72599.32813,73509.77344,76191.6875,76315.16406,56544.35156,48965.51172,42679.20313,61620.20313,44183.69141,50945.37891,47424.68359,52506.62891,54758.85156,55720.82813,58672.42969,52413.90625,70316.97656,24957.94141,33238.10156,30046.51172,32899.86328,29922.61133,27027.21484,21803.83203,49803.26953,51516.70703,48882.16016
A0A0C4DH33,20019,19126.39453,20290.49219,17979.36719,19144.08398,16056.00488,17923.89648,16604.24414,17907.51172,15428.16797,16740.05469,17310.125,14181.09961,17195.48438,10482.73926,11985.34668,11908.57227,9162.044922,13248.48926,13009.40625,12988.42578,11548.15137,13199.83398,11972.07813,12765.02637,12195.96582,12484.00488,15921.50977,15857.50977,17667.37305
A0A0C4DH34,58593.67578,51955.82031,56309.81641,53994.9375,55950.71094,59749.82031,57040.54297,60477.14063,64072.91016,59821.35547,60291.05859,57434.51953,64922.4375,66606.73438,52051.93359,52781.79297,53556.27734,51432.73828,52549.78125,48793.91797,24242.26953,24747.27148,25025.2793,26172.36523,27302.80078,27188.36719,27599.36914,46400.46875,48383.25781,47593.20313
A0A0C4DH35,87952.59375,110305,104841.75,68831.28906,66656.29688,85218.21094,87492.42188,58477.74219,45070.50781,55160.75,43231.32422,40219.19922,61837.58594,69496.14844,28653.00781,29354.51367,23311.88867,47520.52734,47844.94141,58996.74609,53624.94922,63075.4375,36069.67578,34808.52734,35778.46484,53923.26172,58289.53516,49892.44141,45637.07422,44523.32813
A0A0C4DH36,596776.4375,588354.75,598378.125,585203.875,580528.1875,554106.6875,502507.75,244466.5469,232388.8438,228899.625,231103.2188,230243.6563,228337.0625,233319.0156,255845.9844,244248.6719,250784.0313,252384.6875,244625.9219,228303.1563,191147.5156,185716.9063,180918.1406,191179.8906,178859.0156,176168.0938,174014.5781,318381.625,305577.5313,300993.125
A0A0C4DH38,1269134.75,1264141.125,1277798.5,1199175.375,1192552.75,1124971.75,1146021,1524691,1485847,1522181.625,1446633.125,1390117.125,1475301.625,1474675.375,1683553.25,1641431.375,1630585.625,1710775,1590984.875,1452681.75,1066318.125,1001198.375,979939.875,928220.375,1003097.25,927197.8125,906697.0625,1286888,1239546.75,1221667.25
A0A0C4DH39,18688.69531,19439.61328,17598.03516,17232.72461,18878.86523,19513.92383,19691.66602,10285.58301,10904.74219,10657.6582,11531.01074,10024.85352,9691.680664,11038.4873,8914.753906,9311.860352,9645.701172,8562.923828,12417.94043,12459.59375,9747.331055,8251.625977,8755.668945,9636.268555,9357.933594,9048.152344,9745.943359,13062.2627,13121.77539,13383.28711
A0A0C4DH42,221429.5156,202208.6094,196985.3125,208797.5781,196073.5781,190464.5781,200287.875,492101.75,489429,488135.875,489281,480830.5625,489336.625,475491.75,518665.6875,498521.9375,518604.9688,501877.0625,479701.5,424319.0313,164138.1875,148970.5625,145542.4375,152964.9219,148984.7969,151669.7969,150445.5313,306613.1875,321507.9375,317530.9688
A0A0C4DH43,112905.0391,103431.3438,104714.3594,107601.4766,91821.28906,108195.8281,106705.4531,144876.9688,146804.9219,142647.7656,147773.4531,141703.0625,151137.5938,142779.9219,77008.02344,82895.10156,84182.25781,90166.6875,82319.90625,75645.9375,43824.15625,33451.35156,32907.83203,34171.39844,37504.40625,50058.64844,48464.97656,80600.07813,84658.53906,86160.25781
A0A0C4DH55,20584.33203,23177.84766,20081.14258,28244.68359,29759.78125,30305.47461,20575.50586,25315.58008,17896.26758,30069.60156,24826.26758,15743.26172,19034.48242,19841.89453,51155.37891,64221.96875,44260.07422,77477.10938,48124.40625,38160.27344,8848.636719,15754.125,26908.66016,18423.07617,25200.44141,22284.16406,33413.44141,22956.7207,18065.25391,9029.414063
A0A0C4DH67,49164.21875,50108.07031,44489.07813,47431.94141,46999.63672,46042.21094,45144.03125,89201.36719,89532.17188,85720.03906,88033.17188,83578.66406,83146.0625,87333.04688,82631.33594,82234.83594,81655.66406,82304.60156,75968.67969,73747.75781,71632.67188,71288.90625,68149.48438,69968.01563,70256.92969,68421.64063,65256.33984,69961.33594,70312.53906,69963.85938
A0A0C4DH68,323104.8125,314472.6563,336910.0938,322480.5,331683.3438,302566.8125,316648.0938,331810.3125,357405.1875,353929.7813,373290.9063,362779.6563,353594.7813,339707.7813,459988.5625,437372.5,461833,470069.4688,450666.7813,436316.2188,354702.75,359481.5625,366588.7813,370272.4688,371010.3438,341425.5625,333856.6563,396400.6563,401987.1563,402907.9375
A0A0C4DH69,691077.5625,620731.375,605677.875,656355.625,651195.25,590038.5625,497897.8125,790901,796880.5,810592,736435.4375,705026.625,677558.9375,696926.625,1324805,1352020.125,1319014.625,1223793.75,1016244.188,1088470.125,1116838.5,1014342.063,1055476.625,1100718.5,1100773.625,1167290,1194786.75,863535.375,784103.375,726997.6875
A0A0C4DH72,2812210.5,2874957,2810021,2765269.75,2939400.75,2669972.5,2552726,592852.625,591516.125,599427.5625,538512.0625,560834.125,563750.6875,519762.6875,820030.6875,853236.375,773797.3125,827882.3125,628390.5625,413593.125,497018.5938,525179.4375,524276.9375,456796.6563,484261.4375,441929.6563,441833.7813,1246912,1061972.625,928531.6875
A0A0C4DH73;P01611,1309637.25,1275815.125,1266062.5,1253978.375,1354167.75,1250419.75,1282810.75,1586879,1608728.75,1564119.375,1534493.375,1536944.5,1583884.125,1659330,1399573.375,1430692.875,1440193.625,1409878,1477937.625,1621053.25,833798,902519.625,921564.875,891798.625,875747.5625,915975.125,915417.6875,1283957.25,1327258,1304268.875
A0A0G2JS06,18888.54688,13218.71191,17201.36523,14593.70605,18558.65234,21376.63477,17925.52734,47267.41016,47218.65234,47620.34766,50207.28516,48454.15234,54886.06641,47474.39063,21045.17188,15523.27539,17360.6582,22958.59961,16170.45117,27639.61914,29144.32031,18476.31836,29457.69141,26386.95508,32039.33008,23921.35938,21559.47852,25581.12891,35210.11328,28148.27148
A0A0J9YVY3,15477.4873,15282.47754,15222.5625,15991.71387,17127.25391,16931.80859,19147.88672,18272.18555,14115.90332,16817.73633,13977.31152,16822.29688,17024.47656,15389.26465,28771.6582,33914.91016,27985.89063,32171.61719,35086.56641,32278.37891,12564.14453,9670.234375,7978.548828,9326.191406,9347.919922,12658.03027,11529.24219,14788.20996,13876.46484,14865.66113
A0A0J9YX35,66179.70313,72256.71094,73212.75781,74859.85156,65431.41797,74472.32031,51041.19531,110109.1953,108864.9141,110877.2188,104351.2813,108065.0703,101081.3125,104153.4453,140294.6719,135425.3125,135589.5469,140536.625,137456.5313,105809.2891,67417.95313,72413.94531,64606.80078,65927.95313,70868.83594,65070.05859,76376.28906,97095.28906,100988.6797,95253.23438
A0A0J9YXX1,49243.08984,44691.75781,37744.55078,44953.10156,37879.375,38683.88281,38912.45313,32820.07813,40519.44922,24288.50391,21057.84766,27628.20313,33059.21875,26763.32813,142362.0781,146322.6406,151449.3594,143362.3438,187514.7969,170138.75,21667.66602,36259.90234,23106.99023,19867.73828,20426.27539,26990.50977,24366.49023,63661.83984,59726.60547,59314.77344
A0A1B0GTC6,7333.836426,7020.29834,8312.78418,2700.838623,4917.553223,6180.654297,4630.018555,9136.692383,5801.215332,9738.551758,3775.517822,6198.897461,5267.479004,6845.90625,13818.98047,13585.53809,9477.538086,13401.54004,11820.76367,9557.727539,7315.008789,8853.515625,6147.31543,4038.433105,4046.189941,5550.918945,5176.011719,6493.991211,8113.834473,8697.691406
A0M8Q6,72093.39063,64080.28906,66103.26563,67389.65625,72561.41406,66886.26563,64712.67969,95622.39844,121811.5781,124669.3906,127322.9219,116803.875,114813.9922,94622.375,18370.44531,23480.70703,15738.94043,14599.72656,9305.597656,18498.6582,75330.60156,80343.03906,75124.21875,69885.01563,72027.52344,67644.38281,67752.22656,86268.26563,75311.50781,77625.55469
A2NJV5,177227.7344,156253.9219,186678.9219,172570.0156,166880.4688,173070.9531,204938.1875,109721.9922,116436.4297,109934.6484,113977.5625,103362.1406,130766.2422,132565.2188,54730.5,57094.37891,53254.57813,52222.75391,61020.73828,71088.82031,66119.17969,68302.49219,62067.46875,62260.05859,66801.1875,64431.1875,77968.03125,122671.125,110094.3516,120802.3125
A6NFK2,NA,NA,NA,NA,NA,NA,NA,77790.66406,76800.58594,81020.82031,80426.42969,67875.39063,87185.85938,89500.10938,NA,NA,NA,NA,NA,NA,NA,NA,NA,NA,NA,NA,NA,46429.05859,39899.44141,43123
A6NMB1,794279.1875,860667.875,854230,865617.5625,864253,885463.8125,915405.9375,654096.0625,658263,625863.3125,646766.3125,654984.625,631133.1875,634276.5,684945.75,664283.9375,703435.8125,688140.375,747387.5,755213.4375,768483.875,801555.5,749273.625,785437.25,765417,744392.875,756510.9375,713878.4375,764027,793869.1875
A7E2S9;Q2M2W7;Q9UPS8,2215.608643,NA,NA,NA,NA,NA,NA,17181.01953,15685.65234,12409.49023,15766.88672,16292.6748,17026.71094,16466.94141,8554.624023,8750.915039,9019.771484,9836.59668,8656.961914,6700.950195,NA,NA,NA,NA,NA,NA,NA,8489.501953,8419.219727,7605.817383
B2RUZ4,NA,NA,NA,3318.14502,NA,18646.65234,13970.12109,NA,NA,NA,NA,NA,17940.14844,15931.60254,NA,NA,NA,NA,35892.26953,27421.32031,NA,NA,NA,NA,NA,15860.91309,13058.52441,7583.743164,8115.565918,8171.562012
B9A064,17670868,17924888,17664810,17642282,17909276,18049016,18447354,19143954,19068428,19150656,18841434,19021372,19621834,19610278,14564299,14126386,14334517,14603325,14672545,15934200,12880727,12507707,12693302,13105838,12958045,12854813,13252160,16497844,16453288,16805008
O00151,2906.044678,2673.426758,2947.286377,4642.331543,2143.336182,7173.219238,5006.027832,4523.497559,11980.16699,12134.27637,16223.71484,17174.04492,11600.82422,15807.01074,6357.330078,7559.51709,6481.106445,5964.138672,10655.98828,8709.621094,5138.174805,7237.75293,10803.9209,11027.65723,13477.44434,10798.13965,15657.4707,6455.361816,5792.409668,6687.974121
O00187,73837.89844,70928.76563,56758.09766,66320.21094,68310.59375,64858.98828,60406.93359,71451.89844,71017.82031,67002.375,70474.44531,67300.38281,67321.14063,65307.18359,69714.11719,59215.625,58190.58203,62823.82031,67725.42969,70326.39063,44157.05469,41686.19531,40525.53516,42971.96875,37227.09766,38850.87109,39219.89063,58419.05859,60805.07813,59096.23828
O00194,NA,3697.31543,4366.742676,5416.712402,4574.587402,9118.204102,10548.12012,5408.499023,9230.547852,10765.58887,13668.38965,11306.5293,12760.93359,18198.06641,6639.105469,7204.217285,8181.732422,7602.139648,13856.03125,14009.66406,4583.51709,9071.623047,9415.956055,11090.13477,12761.86523,14297.93652,17160.98438,12385.80469,14055.79395,12393.59473
O00299,3075.75415,9685.738281,9242.174805,14338.19141,9288.746094,13823.55176,16447.02148,11266.86816,13089.99121,18555.91211,15412.82617,20225.38867,22656.70508,21878.31445,13128.16016,18030.49023,14324.00391,15278.34082,18408.96289,21361.05859,14260.97949,17076.56445,28246.55859,16565.39648,19543.52539,17442.67773,22569.79688,14506.50098,18288.70117,17845.19727
O00391,44031.66406,39388.61328,38702.78906,40657.28906,36724.21875,35756.74609,31304.35352,48391.19922,50317.90625,47881.08203,46535.49609,46763.48438,43507.78125,42053.67188,48422.05078,46822.13672,47013.54297,44801.92578,42421.39844,43213.80078,51210.05859,49102.77344,46911.76953,47518.78516,49112.46094,45452.20313,43296.61328,42251.29297,42762.54297,42598.10938
O00533,11381.4043,11378.95703,12454.21289,11449.50586,11238.34277,11230.33594,10572.69434,14476.21387,17315.50391,16379.32422,15756.11035,15654.52441,13431.13379,13301.96777,17184.17773,18145.20898,16336.72656,17444.5918,16526.02344,13262.41992,14127.52539,12873.15527,13955.35742,14004.80762,14440.14551,11989.13574,11604.04785,13115.87891,13527.52441,12822.82324
O14786,7109.300781,5991.092773,7092.29541,5796.802734,6197.521484,6937.261719,3603.830811,10776.35742,10689.3584,13119.20996,10174.76465,10850.79492,9411.688477,7595.378418,7364.813965,9642.858398,8390.25,9098.959961,6799.452637,6465.729004,11291.09766,10966.66211,12329.98926,11638.63477,10417.46484,9581.693359,7941.14209,8875.888672,9839.552734,8826.779297
O14791,714225.75,724160.5,741261.9375,699111.75,738194.5,722511.9375,768791.625,709910.6875,667849.4375,670166.25,661410.625,655508.6875,696101.6875,720368.4375,657030,617445,633675.375,652132.6875,678223.6875,782421,764992.8125,771044.125,751709.0625,766104.5,746291,783056.875,820760.8125,722470.9375,722531.3125,718762.5
O15145,1847.271484,1668.679688,911.0393677,2735.82373,2771.504639,5480.019531,7186.296875,3734.935303,4034.994629,6549.32666,5597.420898,3726.699951,9232.286133,7313.068359,3940.323975,3658.786621,3472.041504,2714.411865,6490.719727,6272.387695,3217.220947,4550.220703,4516.49707,3831.439941,5370.956543,6591.398926,8400.670898,4533.769531,3363.311768,4778.291504
O15162,NA,NA,NA,NA,NA,5593.052246,7315.231934,NA,NA,NA,NA,NA,1512.528198,1135.768799,NA,NA,NA,NA,5305.227051,3576.54541,NA,NA,NA,NA,NA,3053.71875,3632.418213,1569.126465,1221.385498,1288.485107
O15287,NA,NA,NA,NA,NA,NA,NA,14688.99512,14649.70313,14679.16699,12781.58301,14768.42188,11882.77539,16430.77734,NA,NA,NA,NA,NA,NA,NA,NA,NA,NA,NA,NA,NA,5403.412109,3993.176025,5065.539551
O43866,590301.3125,592955.1875,595542.625,578330.625,578592.9375,545147.9375,498641.1875,742542.4375,732107.6875,732364.25,721800.375,716075.625,693482.8125,689821.0625,536811.6875,535342.4375,530771.8125,527949,473420,371908.4688,371017.6875,372867.7813,364565.9375,375333.7813,363763.1875,355604.5938,341287.9375,492273.4375,485861.6875,484642
O60814;P57053;P58876;P62807;Q5QNW6;Q93079;Q99877;Q99879;Q99880,10051.25879,14145.2959,10177.79395,35780.42969,34484.30469,88397.39063,103589.0156,7792.631836,16891.88477,14101.29199,37790.80078,29232.52539,100267.9453,69090.4375,9392.445313,9299.243164,35138.01172,21825.77539,69044.64844,79060.86719,9950.083008,12791.21484,12791.1123,34428.82813,32178.1543,70048.72656,105379.3125,39628.88672,44109.40234,37308.14453
O75015,NA,3014.707031,NA,2868.995117,6767.34375,6395.030273,7251.836914,10394.05664,12567.16602,11524.84277,11032.12988,12749.92676,12421.49707,11362.31445,6733.995605,5536.714844,4770.147461,7059.145508,9192.854492,9376.650391,4522.436035,5336.947266,7327.167969,5468.633301,6351.601074,5460.459961,7579.943359,7349.201172,6972.324219,7909.187988
O75340,NA,NA,NA,423.5408325,NA,3723.527588,3108.830078,16.75263977,569.2682495,1376.493408,2363.803467,1685.979858,5142.083984,5546.956055,NA,NA,1295.530029,1887.533203,4171.506836,7050.400391,NA,NA,1151.953613,788.7263794,667.1259155,3323.6604,4233.025879,2118.71167,2073.203369,3407.274658
O75368,11.32132339,NA,1220.694214,4464.787109,2514.114258,7035.010254,5870.814941,NA,4821.694336,2752.502197,7093.665527,8089.866699,7681.775879,12392.9209,1581.722656,3966.635498,6480.058594,5281.59668,7669.302246,11741.15723,NA,3003.420898,6233.129883,4263.215332,5989.723633,8488.522461,10431.26855,4365.88623,3911.532227,4579.61084
O75594,946.161499,3778.491455,4453.168457,3238.415039,4938.260742,3565.893066,3568.883545,873.4961548,3165.94043,6797.478516,2708.184326,6766.540527,3071.204834,6256.57373,3102.861084,5363.597656,2482.084473,3970.716064,1320.881958,3131.752441,21.61554337,5058.450195,7032.903809,4292.751465,9565.420898,5353.65625,9570.212891,3741.452637,4240.204102,2513.969727
O75636,103640.5547,107652.3906,101617.3125,105690.9063,96287.04688,112743.9219,113044.0391,112938.3516,109260.1406,110585.4219,117250.1797,112793.5625,115230.5625,114989.0625,125507.7969,122445.8672,126594.4219,128335.5938,140242.7656,145060.4844,50443.69141,51245.84375,55629.59375,54955.09766,54194.36719,53343.60938,51686.73047,109067.9453,104443.4609,108342.8906
O75882,142235.7813,128984.7813,131845.4063,120528.2969,126121.5859,103613.0078,90478.09375,155424.375,156298.6875,156291.6406,151514.4844,142522.5469,120064.4688,118837.1406,146380.2813,144812.5938,138718.9844,136577.0938,101083.3516,86560.08594,130033.0391,128032.3125,127584.1172,124413.1484,124886.6719,113543.7656,99463.77344,101763.7422,98414.57813,101665.0703
O94915,34878.73828,34254.21094,29128.93164,25027.42188,31599.79688,25481.55859,35498.63281,34056.20313,35142.36328,32628.14258,24597.88672,32438.32422,22998.9707,35732.58594,47902.42969,44223.93359,36022.39453,40745.91016,28442.43555,27798.89258,56071.86328,60658.23438,80062.60938,34612.37891,72165.04688,50987.67188,69622.17969,12663.50684,37888.78516,70377.71094
O94941,180650.5625,178782.7813,181846.4063,184933.4844,185388.9375,182383.4688,178151.7188,184205.7656,184722.8125,185097.875,183698.8281,180319.7344,183744.2344,183100.25,117045,117508.4375,120491.7031,116960.3281,127880.0703,130088.7031,122287.5391,115568.9141,117729.5078,121025.2578,116404.0938,119632.7813,120839.8047,153337.5,150585.5313,154060.8125
O95399,17163.82813,14366.15918,17742.08789,13094.60059,11176.35938,12776.27344,6292.586426,23639.59766,20096.97266,17141.71484,22794.24609,18486.67578,NA,14961.31152,17892.62109,18046.94922,15288.41992,12346.36426,8069.772461,NA,14378.78125,17628.16602,17122.13281,20355.58594,16202.13574,13236.46387,16022.56641,12856.90039,18190.25391,13121.49512
O95445,354691.5625,355980.75,353061.75,345406.1875,347873.4688,345900.9063,346547.4375,479331.5313,473842.2813,478523.5313,467634.2813,458914.0938,474369.875,451872.0313,472233.75,465155.6875,472687.1563,474196.7188,490300.5313,485110.25,374999.3125,358604.2813,365777.3125,373848.0625,370138.3438,359557.875,358136.1563,412632.9063,411254.4063,421939.8125
O95497,2259.691406,1226.218994,4320.266602,3324.408936,3026.727783,3610.494385,5806.892578,10290.15918,7479.802734,10818.44727,9774.514648,8912.686523,14684.88965,11748.74023,5908.850098,2764.277588,6952.821777,6171.814941,8225.229492,7002.760742,1862.710327,1536.689697,1291.06958,NA,NA,NA,NA,6139.310547,6852.602051,10338.09668
O95810,12170.4541,9779.977539,9572.580078,4869.020508,6873.771973,8142.393066,11429.64063,16073.74805,11421.74023,14819.87109,11716.98047,10236.5332,8302.515625,97641.28125,10936.87109,15547.24316,11704.06445,8517.557617,7656.847168,8615.111328,15949.21777,17113.75,23253.02734,11596.29883,12710.38477,11518.43359,13775.25391,12176.17188,10612.72168,12188.30957
O96002,13.79756927,13.96282291,13.2407217,9.860956192,13.19288063,10.620574,NA,NA,NA,NA,NA,13.61353683,NA,NA,10.62186241,4300.873047,14.67228889,3239.692627,11.97360229,NA,15.21395302,10.55562019,13.92227745,10.114048,13.5771389,3345.643066,15.7174387,11.46007633,13.46065998,14.41781044
P00001,3504836.75,3556552,3450560.25,3506193.25,3450054,3343516.5,3458664,3300868,3321305.75,3236766,3224934,3189651.25,3171680.75,3053116.75,3235306.75,3109172.5,3108600.5,3126684.5,3165883.5,3103987,3035149.75,2995823,2942542.75,3001107.5,2979670.5,2799054,2770030.75,3092730.75,3095791.25,3092000.25
P00441,3477.134766,4564.504883,7192.645508,14470.59082,9229.575195,18080.96094,18891.60938,3898.523193,9379.790039,9013.72168,12787.43164,14497.30957,22005.29688,22656.82422,7360.338379,9841.449219,13733.86914,16240.82813,23372.23438,25483.2793,8131.29248,8440.551758,12050.62891,11770.36816,13461.87207,20114.5625,22661.25391,12576.92383,13460.92578,12811.60449
P00450,3220729,3217246,3255536.5,3231062.75,3245579.25,3313480.25,3430752.5,3267092.5,3285619,3271544,3292283,3249966.5,3417484.25,3412141.5,3236041,3200426.25,3217708.75,3228129,3445024.5,3638338.25,3321355.25,3334833.5,3299328.75,3345320.75,3292727.25,3378854,3482548.75,3331139.75,3349080.75,3365772
P00488,63421.10156,61265.40625,58022,55289.72266,55459.84766,53968.89844,54386.10156,82341.32813,80362.08594,85003.21875,81525.00781,80538.74219,67028.04688,74136.57813,98959.4375,97549.11719,91437.4375,87522.4375,91376.1875,95612.30469,102670.2109,101417.7891,103539.3281,102301.9297,96459.22656,92398.53125,87473,73127.71875,74365.73438,74321.25781
P00491,NA,15357.16602,NA,17274.27734,13606.97461,19403.36719,19976.56836,NA,NA,12149.72363,12500.10938,NA,20951.11523,18985.36914,12223.24609,10654.75879,12119.93066,14868.20117,20049.73633,19257.01367,12177.83203,14176.67285,16149.00977,17683.80664,17823.41211,21085.78125,23108.93945,13454.55078,17417.98047,18296.30469
P00492,NA,965.4647217,1088.547119,1552.113281,936.611084,2255.80249,3063.179932,NA,1368.626221,NA,545.522522,1162.617798,3577.958008,4288.322266,135.9214783,1260.528076,1586.564331,2204.09668,4776.431152,6973.27002,1024.485596,504.2503357,1623.097412,1325.316162,1157.977295,1858.688721,2213.02124,2129.150146,2518.817871,1554.975342
P00558,4035.067871,6855.925781,8665.358398,15984.43555,10924.58301,23598.75781,26210.72266,7610.199707,10199.82422,11286.95605,16922.74023,19659.98438,32386.88672,31186.94531,12154.125,11662.60059,17365.78125,18032.18945,28392.44531,29298.40039,8390.512695,10793.48047,14586.56934,16757.33203,18185.73047,26449.38281,30643.90039,18263.1875,16055.32031,16121.85742
P00734,2344008,2343283,2351162.25,2273849.75,2315966.75,2220762.25,2165373.75,2398850,2381937.75,2332592.25,2334355.5,2291077.75,2180948.5,2097834.5,2287882.75,2255439.75,2210749,2189197,2104527.25,1937899.625,2279675.5,2209672.25,2203134.25,2217365.25,2201425.75,2049197.875,1947848.75,2181217.75,2152681.25,2172686.25
P00736,246067.2813,245693.4688,242139.1406,230726.6406,238312.7031,226120.6875,215863.2344,156822.2656,157089.8594,149068.6563,155316.2344,145206.8594,144373.6875,143204.9844,227589.7969,229192.7969,224526.7656,220924.9063,204032.375,177240.9063,254799,253200.2188,253031.5625,250135.0938,245530.7969,243673.1719,242331.9375,199424.7188,200167.875,199213.5938
P00738,15102911,15385605,15320091,15060449,15222311,14845424,15036844,18848216,18554416,18549068,18411008,18291098,18323450,18273428,21765622,21617334,21452908,21559354,21557202,21571666,23734464,23473366,23242334,23388232,23589928,23110490,23341016,19869252,19511786,19331664
P00739,730089.9375,724429.875,737369.375,721929.3125,706953.3125,790426.5,812433.5625,799568.125,778547,771392.25,783101.0625,784979.625,821901.375,837630.4375,694232.8125,687952.0625,710317.75,715307.8125,727402.75,691531.3125,1069372.375,1045297.313,1037579.625,1063938.125,1044675.125,1102758.875,1059551.625,856816,828168,840304.125
P00740,85859.95313,83085.80469,87327.60938,82042.64063,84120.80469,78963.50781,71539.57813,72869.40625,73680.1875,77844.77344,79507.40625,79775.49219,71379.84375,61326.25,86001.09375,85226.07031,84030.13281,86721.47656,72186.07031,63141.36719,81171.28906,85306.11719,85101.4375,83053.63281,85013.74219,80417.23438,78772.25,70764.21094,67967.5,71328.65625
P00742,90578.27344,80483.08594,84531.40625,77926.89063,74980.60156,72118.80469,67961.375,103288.8906,99067.83594,102149.8125,94360.5,93799.10156,81110.50781,80098.42188,90623.10156,91396.24219,87232.29688,88018.46875,81990.42188,68035.96094,96108.35156,91020.59375,91699.16406,94515.78906,91437.47656,78723.15625,67880.10938,77288.23438,73341.07031,77604.72656
P00746,71793,64033.67578,65343.55078,56693.87109,61226.0625,51817.82031,56632.39453,64094.33594,69678.46875,60781.69141,67850.89063,65340.75781,58377.77734,54138.42969,81515.63281,73256.42969,61844.88672,63585.88281,58102.08984,54363.25,101450.4219,102656.1172,94643.84375,93069.8125,85122.49219,72308.625,77595.44531,62766.40234,72304.03125,73822.8125
P00747,2229322.75,2235815,2230209.5,2160647.25,2190810.75,2097908.5,1903506.375,2210298.75,2154469.25,2152962.25,2154914.75,2119472.25,2075920.125,2077023.625,2360358.5,2375289,2339252.75,2345807,2149735.5,1749529.5,2373607.5,2370684,2327645.5,2353537.25,2329978,2314471,2294390.75,2072515.5,2063383.875,2034758.125
P00748,236632.875,233589,228047.6406,220761.0313,221908,211729.0156,198362.375,529910.125,514125.9688,506542,506929.625,507304.1875,485111.6563,501290.6563,557298.375,567276.6875,554494.75,558534.5,524781.5625,474410.125,498230.2188,500813.5313,498189.875,501839,496181.0313,480725.5313,474887.6875,406910.875,399280.3438,409039.5625
P00751,1664781.5,1654989.375,1632180.25,1616373.5,1636989.25,1632618.25,1648866.5,1410995.25,1400089.25,1390507.75,1416739.5,1382896.875,1403872.75,1406139,1792714.875,1774420.25,1763224.375,1765576.625,1804061,1788908.125,2065667.875,2037724.375,2015095.25,2020417.5,2037255.875,2040257,2072541.375,1679038.25,1679136,1682480.625
P00760,32615588,31813162,30707026,27885154,32513652,33952840,36490008,40217972,32509674,34511496,32911118,33249694,32149610,33161114,30952766,32809164,30786170,31425058,32723450,38937208,34680604,31798584,31936202,29514386,30709660,31474172,30785690,29389684,29302746,29569084
P00761,50531.69922,45540.04297,42968.55859,32543.51758,39031.04297,49913.87109,45178.89844,43845.07031,50717.43359,44786.04688,44141.77344,59114.73438,48625.21875,50393.18359,42690.29297,60829.75,40970.19922,46696.44141,44878.32813,46498.21094,50614.91406,41021.15625,46630.67578,26817.16211,53955.54297,27344.37109,40670.19141,41933.9375,29348.9043,22398.37695
P00915,72234.78906,149297.1875,176848.5156,357693.625,214596.5625,522187.5313,642376.875,96839,128260.9375,118772.6875,189078.2344,229506.1094,506275.0938,491237.1875,191456.5781,193215.4219,335584.75,477164.3438,850646.375,1029619.375,151614.0781,110619.7266,167389.0313,290165.2813,209784.8125,503800.9375,607865.75,361057.4063,359769.3125,372308.9375
P00918,17974.94531,41226.29688,48955.83594,96318.5,57472.34766,130611.5313,149303.3125,33134.53125,46996.60547,45490.26172,69042.29688,79813.70313,158090.1875,152282.5938,52970.92578,51798.82031,86938.83594,120227.9688,194408.9688,232132.5,35908.84766,30829.27734,45797.02344,71125.63281,57871.07813,124251.3125,142545.5469,93805.34375,97133,96180.95313
P01008,2545086,2489715.75,2493725,2429347.75,2426894.5,2336252.5,2424194.75,2697915.25,2700063.5,2625945.5,2602089,2594974.5,2591591,2615315.75,2797273,2833515.5,2706360,2745200,2862770.5,2977645.25,2709469.5,2668347.5,2580616.25,2559711.25,2543364,2485784.75,2520074,2672615.25,2664995.5,2636531.5
P01009,15344582,15402599,15404447,15385536,15272612,15129081,16126980,16919762,17133582,16621813,16818980,16568032,17095244,16660637,14032767,13782104,13790364,14012740,14817253,15554583,13433774,13347524,13254733,13647879,13383709,13020482,13106057,15934298,15922368,15672349
P01011,3250995.5,3183006,3177194.5,3165437.75,3181299.5,3217071.25,3273358.25,2908664.75,2849390.75,2814678.25,2864368.25,2808738.25,2848482.75,2903705.75,2708103.25,2642398.25,2632084.25,2664674.5,2872617.25,3023595.75,3341792.5,3251496.5,3209611.75,3261324.25,3213145,3272074.5,3281307.25,3086623,3063363.25,3092148.75
P01019,1234971.75,1246358.25,1209826.75,1197727.25,1218134.875,1178804.875,1220375.375,1210363.375,1174590.125,1157259.75,1161863.5,1132386.875,1101106.375,1088713.25,1213438.625,1177515.125,1166897.875,1176962.75,1217827.625,1230753.125,898400.125,889174.875,865602.5,868057.375,858569.0625,808056.625,807612.1875,1143516.875,1154060.875,1147274.375
P01023,6700745,6736589.5,6718486,6688616.5,6616559.5,6579899.5,6593262,12540831,12552044,12397402,12565645,12294941,12467733,12109168,8526225,8433887,8415559,8428981,8693988,8444834,6669443.5,6667760.5,6623217,6707761,6638162.5,6334900.5,6300612.5,8385966,8369033.5,8211855
P01024,7023277.5,7013851,7053414,6988510.5,7042937.5,7055959,7088353.5,6001566.5,6066167.5,5986415.5,6048376.5,5946947.5,6111534,5990474,6205196,6110747.5,6098723.5,6210773,6409403.5,6388249.5,6388477.5,6362596.5,6333089.5,6404038.5,6352459.5,6318321,6312705,6351895.5,6338277,6331871.5
P01031,403437.5625,410341.2188,404498.4688,407232.4688,400362.5,403930.6875,387093.4063,374863.8125,363400.4688,362702.875,369152.9688,361407.6875,363624.75,339615.5,407142.9688,404662.6875,406673.4063,402301.875,414687.6563,394756.2188,481713.4375,479345.9063,470385.8125,488931.25,466550.3125,446188.375,433124.2188,398817.9375,391922.6875,398189.875
P01033,5236.486328,8965.75293,6978.77002,10207.77051,9859.785156,10378.36035,9868.96582,11615.28809,10822.93164,9110.233398,20218.08594,15716.01953,23764.49023,15145.10449,11553.5625,8382.275391,15799.99121,13297.27637,14539.23535,19010.74023,8566.492188,14420.25586,13276.21973,29129.86719,23525.23047,50438.92969,27846.5625,11284.99414,12731.00488,12402.99121
P01034,37962.16797,35928.6875,37978.80859,36418.89063,37951.17578,34228.15234,33656.41797,41703.46875,43105.76953,39591.41406,39002.66797,37517.61719,39803.62109,37904.76172,46941.49219,45645.30859,45113.04297,44322.10938,44832.01172,42067.92969,43963.58984,46837.18359,44852.14453,41922.6875,41721.27734,44704.61328,42655.12891,39517.64844,37562.88281,38976.43359
P01042,1478409.5,1473769.5,1473801.375,1449000.875,1451438.5,1489561.5,1485058.25,1488109.625,1470399.875,1437808.75,1448290,1440495.625,1511851.25,1527177.375,1583891.25,1592953.25,1596838.375,1576780.75,1615675,1614060.25,1622989.625,1587238.125,1575720.25,1601069.25,1564644.625,1630679.25,1609773.625,1528340.5,1518956.25,1530056
P01344,95168.32031,92384.64063,92086.15625,87005.46875,85317.26563,82737.88281,71045.07031,84298.80469,79497.55469,82712.44531,81670.03906,76272.8125,76366.28906,75037.73438,72994.40625,72180.79688,66610.78125,67011.01563,59475.65234,36318.97266,79866.9375,76422.99219,75547.02344,76490.21094,71208.75,76678.01563,72042.38281,67208.44531,65628.10938,62978.9375
P01591,859950.875,839647.25,835852.6875,832572.9375,833471.5,805337.0625,775920.9375,986021.125,978778.9375,974653.25,977515.0625,979702.75,976683.5625,991125,893196.25,889092,880324.625,893026.5625,878878.1875,744487.0625,574838.9375,572043.5,577743.9375,573051.75,572620.8125,573891,562190.25,800755.1875,786895.875,787798.5
P01593;P01594,589076.5,566227.875,597936.75,554508.875,550331.875,515845.0625,598063.8125,568798.5,560593.4375,524119,551759.625,501123.375,536585.1875,564863.9375,591982.1875,618717.5625,624339.125,586909.25,624878.125,638168.125,513697.1875,493835.9688,500094.5313,498797.9063,464852.2188,476320.2188,522824.5625,577795.9375,557412.0625,562181.6875
P01597;P04432,100768.8594,94563.82813,95599.16406,94578.82813,99053.70313,100678.0781,101045.6719,112168.8594,112734.2266,112026.8047,116856.9766,109120.1484,116986.9531,122582.4063,104575.9297,103697.3516,99633.20313,102837.2891,114162.1875,109668.0391,78031.03906,79135.33594,76822.14844,81015.40625,76377.49219,84315.39063,84417.29688,102918.7422,100382.0938,98755.82031
P01599,405031.5313,385684.7188,388855.9688,387296,400198.3125,382760.3438,403376.0938,191067.2188,188750.7031,193713.9531,186978.375,177756.3906,201320.2031,183086.875,282174.0938,292362.25,285504.7813,284994.75,308446.5313,340462.5625,235228.0156,234939.6094,233785.7969,231161.6719,235311.2969,244183.4844,249636.625,271749.0938,285686.7188,274666.25
P01601,41672.3125,46035.42578,36776.08984,36177.80859,37401.375,41262.32813,39780.12109,91161.30469,66839.82813,79534.97656,66898.64063,70806.74219,74845.13281,68354.19531,53043.69922,47551.83203,61792.9375,52844.05469,60922.67969,66577.72656,54628.54297,25483.58789,46817.55469,45400.65625,46315.01563,38748.0625,40207.76563,49003.07422,54904.20703,52289.22656
P01602,1598567.875,1616958.125,1591932,1519766,1655092.25,1506248.875,1411038.375,2038489.125,2067606.5,2003800.375,2064220.75,1952674.25,1962860.625,1928263.75,1825634.25,1770165,1839403.5,1760869.875,1666919.75,1387104,1295560.625,1305009.25,1267373.875,1267693.5,1262347.375,1246420.25,1161503.25,1519610.625,1526278,1514923.875
P01619,1848357.375,1895982.5,1882795.875,1875617.5,1876829.875,1877732,1972529.25,1929172.125,1985528.625,1890510.125,1950144.875,1892713.125,1926889.125,1924536.625,1520625.625,1509130.875,1509155,1517093.375,1585225.375,1572351.875,1412976.5,1386065,1356792.5,1439484.25,1366998.125,1383691.875,1406975.625,1806394.375,1779023.875,1764370.5
P01624,1946554.875,1974040.125,1946467.625,1973860.875,1965738.375,1963875.75,2087726.75,1749518.75,1697871.875,1708775.25,1686689.25,1732139.5,1832575.25,1854525.5,1467343.25,1487251.5,1463530.5,1538086.25,1562751.875,1585696.125,1531969.125,1529476.625,1516412.625,1520634.25,1553353.25,1615678.25,1610133.25,1767362.5,1792088.875,1835745.5
P01699,146291,163065.5781,152572.2188,159445,165654.0156,156719.25,172400.3281,174793.9219,185760.3125,178789.8125,186678.2344,178098.5625,194364.4844,190799.3125,140760.7969,143552.2031,142535.1406,139705.7656,155644.9063,164700.3438,134783.9219,136089.2813,149923.2813,139798.0313,145180.4063,149421.9063,152175.6719,168151.3125,166467.9063,167057.1875
P01700,286626.5625,290141.1875,289875.2188,290804.1875,283624.4688,257058.6094,280079.625,260981.5781,250971.9375,262869.2188,244838,257775.2656,221519.5,262633.875,216482.2813,216937.6875,219330.4844,227097.8125,189393.2188,236979.8906,226414.7656,221007.5469,232627.4531,228044.4063,216831.5,248257.625,215247.6719,247035,208217.9531,244078.6875
P01701,337123.9375,326998.5625,334505.4063,316361.0625,330773.2813,336422.4375,352620.3438,317912.9063,310098.375,307848.0938,314594.8438,302528.3125,321872.9375,313442.7188,344697.0625,346584.8125,328285.4375,337071.1875,372343.25,404110.75,222268.0313,226562.2031,235427.0156,217363.875,223565.5,228669.4219,232019.5,308269.9063,323974.9375,312692.375
P01703,421296.0313,430668.375,433554.5,411212.5313,411185.2188,418446.8125,426727.4375,458381.5313,469168.6563,453419.0938,463614.8125,442310.6563,462254.7188,464016.4688,450646.5938,458241.4688,456285.3438,446749.0313,452164.3125,502621.1875,356526.6563,348625.3438,348220.8438,346961.0625,369416.6875,339008.3438,366222.875,431860.375,447731.7188,455562.5625
P01704,NA,4779.849121,NA,NA,NA,NA,NA,145125.4375,155220.8594,149151.2344,147550.9688,136794.9844,136345.2656,135716.0469,144651.4531,137608.6094,136366.3438,132666.0781,128330.1406,144577.25,47297.3125,48543.80078,46838.02344,49757.07813,50506.46484,48934.35547,46985.65234,84360.24219,77544.46875,87237.21875
P01705,18497.64648,18761.58398,18987.5,18026.0957,19217.77734,18255.29492,18219.09961,NA,NA,NA,NA,NA,NA,NA,38189.15625,39373.12891,37366.09375,38647.45313,39551.28516,44955.63281,26719.86133,24136.38477,25473.81836,23517.99609,24797.50586,24607.35547,24364.49805,22161.41016,21419.40234,14126.00488
P01706,84845.92969,80789.63281,81028.09375,80506.8125,85319.57031,81171.03125,81283.02344,108959.6172,106080.7422,101750.1484,102608.5391,101346.8047,106036.7578,105285.6953,99229.79688,101381.4375,97519.875,99347.92969,98018.49219,99837.39063,76710.54688,73270.21875,73546.42969,74696.72656,72177.97656,70736.50781,71527.32813,86885.10156,85311.74219,84049.23438
P01709,70680.74219,71203.5625,69201.10938,64902.41406,69823.10938,68364.82813,70222.14844,164022.875,152420.2813,139653.2969,156662.1094,140678.7188,153782.6094,161856.0625,157440.1719,137061.6719,145818.375,141810.1406,148353.2656,158660.125,62047.19141,75192.64063,82128.96094,67749.60156,60423.53125,84694.36719,84023.76563,112605.2578,93907.26563,100912.3047
P01714,703308.875,722315.3125,724852.5,645275.75,699895.5625,825161.6875,834128.1875,888706.3125,934071.125,900437.4375,949000.3125,931306.1875,1051164.375,1029161.938,757753,821028.1875,779242.25,743758.875,831402.25,725108.375,673323.625,715423.875,722779.8125,677726.25,703052.5,711149.3125,659555,803165.75,823020.25,899821.125
P01715,40991.59375,43473.17578,23386.30273,37546.50781,37280.42188,18236.02734,10555.65625,45471.3125,41568.83984,55102.28906,51976.74219,38889.08984,26761.35742,33443.14063,30292.0332,32213.35352,5609.648926,31077.83398,38531.47656,19431.41211,29562.26172,28311.02344,36522.35547,23954.30078,20912.95898,36281.89453,24026.15234,30262.41211,21376.89453,20874.74219
P01717,666061.9375,617770.6875,608102.375,673125.5,634367.125,601930.3125,642753.25,918063.25,1026851.75,1028465.313,1012325,999584.9375,1011035.188,958743.4375,673396.0625,669626.9375,740776.625,749686.25,710303.625,690566.875,601411.875,633384.375,568530.5,616129.875,608666.375,604064.1875,618424,748899,759060.25,718772.9375
P01718,206867.0625,223324.7188,204245.5625,204059.125,225044.1719,216607.4219,223238.1563,305868.5313,316699.4375,307714,311026.1875,313029.75,308983.7188,287025.8438,203542.3125,181994.9219,190288.8906,173575.4375,177852.6875,213147.7188,100659.2734,98789,119107.7266,121217.6719,103069.1016,98493.40625,113013.7188,216986.9844,218385.8594,221463.8125
P01721,234621.7969,242945.6719,250546.625,244497.875,234462.3438,237458.5313,259852.2813,140623.8594,139636.6719,133331.3438,127445.5781,128030.8594,121829.9063,121786.5547,217437.6094,215838.1563,203789.4063,214995.9063,210993.7344,220176.0938,154556.9063,147772.125,143227.7656,143634.1094,143159.9375,140066.2969,154840.8125,185453.25,175415.0469,180014.8125
P01743,57778.97656,56313.44141,52921.90625,55940.11719,55464.64453,56862.21484,53121.67578,97001.28125,92829.57813,84081.61719,90063.82813,88284.78125,98934.71094,88958.63281,87096.33594,87190.21094,96045.14844,82535.78906,83575.89063,69732.94531,47717.86719,51166.39063,46469.87891,46885.74609,47956.65234,45405.05859,38816.23828,61946.52734,62975.24609,64083.15234
P01762,26938.46289,29489.83984,27296.41406,29671.82227,22900.62891,28019.44141,24881.39648,30269.42773,30608.93359,32958.13281,26131.70508,27659.72852,30560.11523,29316.42383,21791.14844,32310.3418,35103.27344,33054.48438,33922.63281,31103.8457,17948.62305,17339.88281,17257.02734,18415.48633,22316.28906,21375.1582,23927.59766,19978.5957,18849.33984,41297.52734
P01763,58674.20703,64091.17578,57852.65234,61997.84375,56700.05469,58980.92969,54230.75781,NA,NA,NA,NA,NA,NA,NA,NA,NA,NA,3518.739258,NA,NA,39971.47656,40546.45313,41801.66406,46284.60156,39430.71875,40849.23438,37954.12109,37309.95313,33802.9375,26983.68359
P01764,3942275,4010944.25,4061883.75,4035065,4073549.5,4211935.5,4109360,4670196,4573697,4460745,4529108,4586958.5,4615926.5,4649784,5266383.5,5321932,5201812.5,5230134.5,5445885,4937694,3471449.5,3439402.75,3364048,3379425,3370816.5,3503383.5,3618290,4019867.25,4003366.5,4091225
P01766,70898.44531,73656.00781,69868.99219,67291.71094,68132.4375,66377.94531,66568.86719,63090.20313,63187.71875,61206.58984,64578.13281,62422.60156,64724.64453,65698.57813,95769.67188,92988.16406,92292.24219,90182.78906,91980.75,79364.39063,66667.82813,66910.49219,67852.78125,71166.25781,70639.04688,69544.88281,66571.875,71770.39844,67061.45313,67235.25781
P01767,259651.4844,260418.9375,234396.7656,277805.375,242417.6875,253976.3906,272762.2188,361977.6563,332989.4375,366386.0313,319083.0938,278885.4375,377499.4688,374303.7188,327236.7813,317879.8438,363558.9063,359972.0313,362083.3438,352103.8125,237713.1094,231781.3594,224466.5,203557.9219,215642.6875,228012.7969,213835.7031,192129.4688,197439.2344,244807.7344
P01768;P0DP03,358058.4375,317626.875,370609,314372.6875,344587.7813,323634.1875,334842,514273.0313,515957.9375,498273.9688,486709.7188,502329.8125,497483.2188,475823.1875,367045.2188,388432.3125,380099.5313,382091.0938,369259.9375,371960.25,304935.4375,311598.75,293615.4375,302722.0938,290602.25,294623.75,288727.4688,357041.0938,373514.8438,354382.3125
P01780,253950,242010.875,235759.6719,252625.5781,245394.9531,245237.8906,263449.4063,197627.0938,195318.6094,192502.4844,184654.75,186839.875,206345.5625,196897.0625,268204.0938,268420.2813,268648.75,283814.3125,299519.7813,312704.25,168762.5625,181369.7031,164581.5469,178615.9688,177473.4688,171872.4531,177153.8125,235490.4844,236148.75,240542.9531
P01782,1299459.75,1291810.75,1341967,1337879.25,1332137.75,1285004.75,1229291.375,966686.75,971071,924761.375,943430.0625,948874.4375,953912.875,928737.1875,241197.2344,240800.375,334501.875,386770.3125,299531.5938,293635.9063,1037421.875,1070452.125,1044128.25,1070775.875,1088605.75,1058930.5,1059029.5,925128.25,950406.375,907917.1875
P01814,31365.45703,34480.10547,33602.04297,33602.60547,31340.68164,33009.14063,33738.26172,NA,3353.597656,NA,NA,5441.913574,4883.539063,NA,22865.17773,24284.58594,25975.74219,27547.68359,29327.81641,27264.27148,NA,NA,NA,NA,NA,NA,NA,16896.92188,17453.6875,18403.77539
P01817,36979.36328,42696.40234,43044.54297,43743.81641,38636.82031,43659.26563,41500.36719,33384.71094,38577.58203,34316.14844,39105.5625,33985.49609,37095.74219,34492.9375,61085.9375,58168.47266,62111.9375,64529.52344,66007.23438,66732.50781,38911.56641,37728.80469,35330.70313,31719.5293,34998.44141,28401.99805,29030.32813,43654.48047,43312.4375,41902.47266
P01824,692058.9375,700759.875,694082.75,683665.25,692479.125,709242.25,667396.125,943488.75,909347.3125,934306.4375,940837.5625,938767.5,952651.625,918285.125,878053.75,860365.125,870143.4375,881256.5625,869715.9375,815183,555796.3125,565195.0625,551997,589124.5625,544330.375,576617,545659.75,691822.6875,680069.375,687157.5625
P01833,17051.84375,17046.39648,17794.92578,16220.24609,16628.78906,15036.24219,16672.23633,28846.07813,27460.89453,27871.54883,28618.05273,27336.56055,27156.90234,27474.09766,21308.50195,21991.52148,20728.13672,20440.04883,18107.8125,15945.35352,14393.08594,14772.28906,13872.69629,13954.84863,14064.02051,13865.00391,13234.69238,16902.80469,17697.71289,18286.82617
P01834,47283096,47214632,46413520,45444956,46572096,46648344,46148328,42378884,41365808,42041516,41342240,40278684,40675344,41933128,36616384,35506144,34631552,35504092,35947372,37681576,34314424,33166026,33820876,33016500,32908920,32954204,33728752,37156588,38687336,39445424
P01857,40605392,41260792,40771152,40239748,41081476,40908212,40718988,51515188,50364568,50241148,50537432,50162448,50510752,49625016,29887856,29411524,28915110,28986528,29854464,28195646,32057978,31242814,30967042,31396472,31061344,30967094,30981482,37338396,38073532,38476496
P01859,39898396,38346348,38315248,36783448,38426628,36034400,33669836,23432982,23753716,22851974,23038194,22287244,22765614,22421466,33230422,32151164,32350028,31341000,29842108,28970880,29351286,28622176,28475430,27828196,28110418,27678692,27551268,28483444,28284562,27771612
P01860,3234189.25,3335439,3297534,3272971.25,3393284.5,3282566,3152829.75,3685992.75,3783518.25,3866732.75,3824309,3704359.5,3649298.75,3636303.5,2208621,2175313,2124640.25,2118320.25,2115113.25,1891124.625,1584304.125,1607483.5,1534676.5,1587108.125,1597729.25,1495481,1488053.125,2622399,2622865,2491780
P01861,13872852,14004696,14257092,13637825,14232500,13758774,13456602,5015889,5258632,5164049.5,5108626,5004619,5090313.5,5172868,5730704.5,5674961.5,5608807.5,5253115,5464238,5139860,6478946.5,6306113,6254805.5,6351107.5,6336676,6379576.5,6215347,7598072.5,7682130,7651497
P01871,5514084.5,5484517.5,5527006.5,5445007.5,5535905.5,5337156.5,5340834,7324287,7262366,7158648,7178930.5,7054742,7201826.5,7146263,4825006.5,4817864,4694953,4797069,4770985.5,4742431.5,3294857.75,3242445.25,3231610.25,3294590.75,3243081.25,3299612,3262934.75,5036233,5065001,5102978.5
P01876,17848100,17821806,17356382,17404592,17154846,16326659,15546855,12416501,12168958,12120301,12082109,11965508,11586732,11519505,18001390,17568618,17620560,17315420,16526933,14992289,9768573,9609203,9552000,9450267,9575686,9332608,9253220,13687006,13468673,13705558
P01877,11059032,11010948,11031408,10772569,10975517,10660049,11011887,8172259.5,8051860,7900078,7870018,7731117.5,8115827.5,7858814.5,10890917,10721966,10685503,11004971,11293498,11480179,6465455,6376693.5,6304287,6454892,6341124,6293222.5,6375802.5,9220057,9296381,9369747
P01880,403809.9375,397003.9688,398992.2188,396892.75,408850.3438,370141.5313,360037.875,363967.0625,361780.75,356469.2188,356279.9375,355046.4063,345935.5,341826.6563,122215.9375,122511.4531,118278.0547,115326.9844,112954.2891,106517.6875,229690.9063,223426.5781,217023.0781,221556.8594,224272.8125,215593.3906,220093.8438,268036.9688,274178.4063,267124.7813
P01889,6769.870605,8437.973633,8745.982422,8091.208496,10037.93066,10286.34375,13953.09961,12463.16211,15632.35645,15133.43262,14715.57324,17358.05664,13456.49023,18647.63867,16232.08984,18491.07227,18163,17053.41406,18486.40039,23316.09375,9936.361328,15124.59961,19104.59961,17207.48047,20213.80078,17327.03516,24638.68359,14262.43848,18458.53711,12114.61328
P02042,1993115.625,4438874.5,5441762,10807485,6977924,14501851,17082354,3346411.75,5024060,4402584.5,7012576.5,9052529,17853894,16271402,5228972.5,5276699.5,9148644,12389081,21060156,23453182,3425517.75,2720918,4284423.5,7236212.5,5451265,11839440,13162336,10416217,10292038,10246609
P02549,NA,1857.515015,3249.264648,8670.154297,2060.822754,7513.674805,10428.92383,3240.518311,1997.934448,2749.140137,5326.487793,5356.851563,8416.040039,12110.72363,3509.962158,2738.480225,5731.69873,8455.597656,13499.07715,9696.150391,1352.407104,NA,1442.481567,2900.769043,4110.893066,5764.72168,9616.670898,6049.744629,5963.891602,6004.449707
P02647,19947616,19818132,19809982,19669442,19838912,19773704,20932122,25541320,25764446,25229734,25485600,25461036,26658552,26501752,26178720,26406900,26160342,26374642,28477052,31605800,22961764,23155892,22902624,23087734,22978298,22915694,23914070,25212910,24546776,24756074
P02649,1621241.125,1595219.125,1611680.75,1578417.25,1583124.25,1586323.875,1645916.625,1404336.125,1425102,1395755.625,1378431.75,1374656.375,1407048,1424715.5,1941085.75,1940209.75,1915296,1916503.75,2015744.75,2164846.5,1251094.875,1239639.25,1223287,1231515.5,1225591.375,1215921.25,1239419.5,1578317.25,1551002.875,1558747.25
P02652,7005174.5,6855799.5,6963855,7069586.5,6882872,6893773,7125145.5,5939888.5,6051394.5,5923161,5989757.5,5905926.5,5974505,5925714,9193692,8904952,8583545,8936942,9336988,9980700,5763188,5900335,5798675.5,5842495,5918431.5,5655044.5,5854304.5,6814694,7318760,7232907.5
P02654,1512549.375,1496559.875,1540213.625,1454261.875,1474788,1553632.5,1769631.375,1703927.5,1679886.375,1639464.25,1635908.875,1651794.5,1856524.75,1836447.625,2095075.875,2072056,2087174.75,2158170,2456038.75,2857932,1661166.5,1610566.375,1580547.5,1669280.125,1619098.125,1766101.875,1795000.625,1923875.25,1911369.625,1971109
P02655,961039.5625,936230.375,911855.5625,909986.0625,953707.125,909846.9375,944583.5625,997341.5625,991674.3125,988302.4375,992687.5625,990228.75,1000795.563,999411.5625,1039012,1034753.688,1048549.875,1052311,1046824.5,1177637.25,1015826.875,963538.3125,995090.4375,1020824.563,985918.0625,1038692.25,990229.75,946507.5,981955.875,979448.25
P02656,3812113.25,3946427.5,3874507.75,3795793.75,3845187.5,3648259,3972131.75,3813555.25,3718768.5,3740100.75,3652648,3642884.25,3498587.5,3466792.25,5150820.5,4764470.5,4904431,4828153.5,5215114,5129822.5,3759051.5,3988626,3806589.5,4080663.75,3814192,3630814.75,3472665,4278350.5,4058733.25,4210812.5
P02671,15000662,14839579,14786676,14761204,15137454,15107352,15565651,11129414,11105107,11147923,11181305,11068977,11594580,11677612,11573713,11500769,11522895,11310148,12537820,13748454,13678841,13672527,13611392,13687346,13671179,14493340,14582717,12792934,12920377,13087314
P02675,14627309,14611706,14593136,14328008,14400099,14119072,13954649,10872186,11060803,10826448,10763090,10549008,10717733,10457651,11133027,11020209,11060929,10772196,10969362,10905180,13169269,13170948,12993647,13142793,12942392,12731628,12675814,12302493,12064281,12087249
P02679,9342161,9309586,9348878,9433765,9456348,9534676,9755920,7197305.5,7226582,7152289,7196243,7072139.5,7340084.5,7257742,7299473.5,7220440,7300524.5,7159934.5,7792331,8038862,8504107,8471970,8413676,8504357,8391275,8468374,8557074,8347584.5,8192730.5,8092402
P02730,3637.823242,14338.77539,13984.10449,85860.99219,56421.96484,533764.6875,533056.9375,10313.41797,16909.3457,11878.02051,83718.27344,74930.76563,589760.25,516644.5,11474.06543,15940.83887,96052.75,105422.2266,657396,503972.125,6392.047852,6786.489258,9039.1875,54521.23438,51987.03906,415655.5313,338988.9063,207481.6406,207207.9688,209553.625
P02741,10967.70996,10331.20996,11775.13867,23034.14844,20841.57227,21662.58789,20485.9707,NA,NA,NA,6884.59375,5311.75,3398.562988,3457.062012,5687.860352,5205.269531,7810.364746,6193.687988,7907.921387,8809.075195,11253.83594,13505.21191,12782.5127,13639.33105,16909.80273,15443.41211,19950.55469,13679.42969,13354.18164,10811.76465
P02743,115098.8672,121590.1172,140697.7656,160382.8906,172177.8125,259205.3906,389659.25,87120.97656,74182.39063,71135.19531,74617.61719,81336.50781,123042.1172,184803.8438,94079.21094,89908.96094,94539.03125,107701.8203,165669.0938,253025.9219,182705.375,144988.375,131747.4844,128584.3047,141738.9063,208783.9844,288669.1563,406790.4688,405260.5313,413551.4688
P02745,298861.5938,287352.5,294475.6563,289476.5938,289732.375,281370,304003.9063,161681.6719,166149.7969,161411.6094,167214.7969,151277.3281,154974.1406,147151.9844,236639.5625,231155.2188,234853.5781,229098.25,240365.9844,253190.6719,236552.25,227017.7344,240608.6406,238115.0625,233772.5,238804.125,232880.0156,236625.6094,232466.5781,228631.25
P02746,228093.2344,223686.3594,232017.4688,228468.5469,229779.6406,228833.125,223841.75,135087.2031,141396.4219,137951.6406,138223.8438,134623.5781,141812.2813,128836.7188,205918.2969,202684.375,206429.5781,205341.9688,196199.5156,179406.2813,205086.1563,205613.7188,203691.5781,214855.9844,202826.6719,200900.9531,195800.9375,180195.0313,189142.1406,186059.5
P02747,949149.3125,933111.75,911993,885100.6875,925035.8125,899828.75,889462.3125,557865.8125,554164.875,531271.1875,547257,500049.2188,536274.8125,516462,769732.25,795619.875,797199,781243.3125,798144.875,770290.1875,807052,788326.9375,806031.4375,798438.8125,801438.5,806895.6875,797865.0625,722554,702370.8125,698486.8125
P02748,898503.375,866032,848390.4375,826378.8125,840717.9375,823670,798208.625,734546,698962.25,699430.375,706934.875,678495.875,680335.0625,670057.8125,599026.4375,584701.625,583376.9375,577044.9375,577015.625,580796.75,885756.4375,843763.8125,820805.125,835643.25,834436.875,822319.75,801443.0625,695349.75,708224.4375,713455.125
P02749,3594967.25,3529371.25,3478835.25,3385151.75,3518553.25,3179047.5,2931334,3862641.25,3864814.75,3806895.75,3772242.25,3648074.75,3511575,3494056,3761408.5,3703103.5,3617153,3617982.75,3212064.25,2784286.75,3805439.5,3777274.25,3729365,3712217.5,3763170.75,3552032,3477902.25,3309180.5,3319757.25,3320823.25
P02750,694144.3125,685692.5,692558.3125,659255.8125,688401.6875,662219.3125,688426.375,863444.9375,883796.6875,851503.5625,858546.5,833677.8125,846306.125,833134.625,648289.375,643020.75,623569.6875,630502.125,659099.0625,709455.125,765032.875,755785.4375,751974.4375,741612.6875,749391.875,714426,714506.125,718700.75,745201.1875,744352.6875
P02751,2010571.5,2232154.25,2186852.75,2185299.5,1978762.125,2095690.25,1859744,2165886,2261777,2162323.5,2207166.75,2076465.5,2075435.875,1952213.875,2065297,1824360.625,1938881.375,1637948,1851504.75,1689227.5,2035289.75,2223089.75,2251520.5,2059409.75,2092367.25,2015523,1934524.875,1951357.5,1985755.75,1977479.875
P02753,965679.75,969189.1875,961841.875,948049.5,981662,924497,922116.8125,725443.4375,727459.625,761477.9375,731577.375,726308.5625,718444.9375,708319.5,923619.25,933580.125,931059.0625,926135.4375,902929.1875,887791.75,831639.875,839904.375,806616.6875,823204.3125,794470.25,809770.125,829845.0625,835886.1875,832642.375,809824.75
P02760,3844181,3755707.75,3749684.25,3551086.5,3586731.25,3432874,3213001,3220257,3186070.75,3208434.75,3050041,2990055.75,2938385,2978307.25,4099009.25,4181186.5,3929834,4044061.25,3588823.25,3235430.25,4055111.75,3909102.75,3811558.75,3762432,3696226.75,3617340,3530255.25,3351336.5,3399798.5,3374085.25
P02763,5347941,5513557.5,5591584.5,5417647.5,5397476,5502038.5,5668217,3663820.75,3564507.75,3621220.25,3656081.25,3611679.25,3678032.25,3617729,4401292.5,4418037.5,4397437,4493310.5,4795229,5056261,5025555,4952930.5,5031162.5,5200739,5108649.5,4992861,4997747.5,4865860,4969855,5222549.5
P02765,3966034.25,3864293,3958671,3899719.5,4006287.25,3910448.5,3897118.5,3906141.25,3932883.25,3821910.75,3852343,3743675.5,3901686.75,3917481,3748817,3752119.5,3716862.5,3669968.5,3709641.25,3736177.25,4147467.5,4083873.5,3980242,4085916.25,4033537.5,4064883,4124140.75,3891272.25,3765771,3710746.5
P02766,3122958.5,2896076.75,2866855.25,2583655.5,2750201.5,2545437.25,2751370.75,2536496.25,2390748.5,2401394,2295665.75,2230327.75,2127108.5,2301278,2591559.25,2577507.75,2322382.25,2306004.75,2330796.75,2591483,2751922.5,2613446.25,2548653.25,2411780,2470511.75,2395519.5,2465195.75,2775066.75,2760612.25,2755652
P02768,56594384,56731188,57183688,55538600,56964168,53300120,48181612,65127572,64419560,64773636,64217120,63469692,61237272,61745828,63432688,63818360,62919116,62963984,56099640,45135212,61943204,60759864,60620188,60514604,60603868,60641868,60758084,53974972,55040072,56380852
P02774,3678022.5,3622395.5,3587387.5,3457645,3608207.75,3364964,3276691.5,3344563.75,3297152.75,3271904,3271177.5,3218269.75,3168350.25,3234700,3081335.75,3128968.5,3035553.5,2973987.25,2903783.75,2778326,3108907.5,3087891.5,3049565.25,3031235.5,3030438.5,3084926,3064716.25,2998667.5,3013134.75,3065348.5
P02775,276730.75,365384.75,414910.0938,347378.1563,358170.9375,348533.6563,334399.125,464220.6563,495980.0625,573256.25,498912.4063,557068.8125,505483.3438,550866.5,559517.5625,523472.875,528517.3125,444124.0625,515342,527289.5,520981.5,578249.5,693057.4375,552189,640558.25,611166.9375,651396.375,501289.9063,498191.9063,491681.1875
P02776,297388.0313,371160.4375,429022.125,371595.0938,386526.2813,352542.5,334323.5625,457479.8125,511935,603971.25,502239,583161.25,499327.8438,554917.4375,621518.75,603310.75,574830.0625,504217.9063,540073.0625,403826.875,539204.9375,585256.0625,711327.3125,569053.875,646037.8125,597335.125,651131.6875,470651,489291.5938,497935.4688
P02786,27878.27148,29254.25977,28855.69922,28815.4082,28870.98633,27720.02148,29569.63672,22030.65039,21977.00977,21927.02148,23989.82617,22337.24805,21078.73438,22596.00195,21724.73242,21368.38086,22074.62891,24305.59766,22886.38477,26773.0957,29081.19531,26804.57227,25598.84375,26805.16992,27709.33008,26224.29297,27446.21875,27424.20117,24187.32617,21735.91602
P02787,16652972,16298665,16154856,15949004,16475172,15911153,15311783,19763148,19667126,19682752,19521422,19368794,19655352,19681118,19737522,19836698,19513694,19532036,19297728,17943176,19292802,19151114,19242212,19040416,19259426,19372634,19439368,17795592,17952694,18003368
P02788,27138.86328,79124.16406,101318.2422,81940.625,100028.9531,88781.47656,113777.6953,19231.67188,66388.32813,111428.7578,73111.4375,120469.6563,110757.8125,134112.9531,77348.11719,109674.5938,83789.91406,124385.1875,84813.49219,132706.5938,16935.16992,83921.41406,130664.1953,94254.3125,144493.2813,104763.2656,168220.4219,93548.59375,92300.36719,92802.89063
P02790,7555630,7650082,7697434,7385662.5,7655934,7453543,7397896,8187363,8132735,8030681,8106119,7960042,8008517.5,7986882,7973273,7991448.5,7874046.5,7857671,7903500,7585951,7778126.5,7777819,7585626.5,7688614,7652750.5,7550333.5,7420488,7762507,7848745,7810155
P03950,30883.06055,27629.63867,26787.74023,25883.43164,25263.04102,23424.53711,21826.48047,28015.39453,27745.60742,27130.64648,26564.02148,26463.44531,23411,23107.9375,16248.10547,15803.06543,16210.72754,14188.6582,11429.5918,11016.63477,29914.58594,28231.65039,27663.17383,24117.60742,28282.36719,26457.93359,24617.04688,19548.28711,19794.66211,19819.74219
P03951,61910.44141,62527.51172,61053.31641,58318.47266,59107.4375,58403.80859,49713.02734,56374.08594,53694.76172,52246.97266,51068.03125,49050.8125,46040.05078,47296.96094,47258.39844,46991.96094,48290.86719,45888.76172,36855.99609,31496.06055,59697.92969,56349.06641,56219.42969,53343.48047,54761.97656,54435.77344,51687.31641,46107.03906,46759.58984,48933.26953
P03952,327718.0625,329296.2188,323594.375,325028.625,328423.3125,303760.7188,272113.625,301794.4375,301097.8125,303464.75,297261.0313,296339.3438,273496.2188,274037.3125,307836.875,313352.0938,297608.5313,303359.5313,263827.9063,215419.0469,323707.8125,326098.125,312379.5625,320366.875,317726,308248.9688,293309.5625,264400.9063,272083.6563,272339.7188
P04003,2002510.5,2080922.875,2030880,1960693.375,1951091.375,1734621,1379204.875,1671863.625,1678169.25,1662657,1661572.75,1639840.625,1457369.5,1450813,1587959.25,1604352.625,1586192.75,1558709.375,1111067.75,623563.5,1680089.375,1668880.625,1655978.5,1659067.375,1664541.125,1571338.25,1513532.875,1280910.625,1275022.5,1260521.625
P04004,2552469.75,2493597.5,2490621.5,2354318.25,2448656.5,2356013.75,2435877,2688458.75,2699417.75,2652875.75,2615180,2513743.5,2557084.75,2519212,2383102,2352402.5,2294520.75,2277426,2352509.25,2415137.5,3172231.5,3145015.75,3106787.5,3094735,3091226.25,2992987.5,2950968.75,2566624,2541432.75,2523565
P04040,18095.86133,37388.64063,41009.61328,82979.40625,55470.72266,98892.17188,115795.8906,33067.48438,46673.30469,47096.10156,65978.14844,77026.07813,138776.6875,125644.6953,32058.73438,34928.69141,54760.28125,71268.80469,110259.2266,119523.8984,34632.74219,27280.41992,40994.32031,57587.21484,51278.26172,91808.78906,108102.3828,71911.77344,71493.03125,73497.10938
P04070,29754.12695,29679.50391,30067.25977,30004.58203,29200.75586,27484.95898,29439.45703,41229.51953,40022.94922,41419.70313,41664.14453,39082.99609,37199.38672,35931.99219,46699.91016,46688.09375,43632.71484,46914.21484,47426.08594,47065.36719,47966.62109,46429.48047,44880.73047,45567.46094,45096.875,42229.08984,41857.26563,39179.56641,40479.62109,42807.80859
P04075,14482.7998,22965.99805,26356.35156,33945.91016,25470.94141,48013.69531,52833.64844,26660.64844,31357.92188,35003.51563,33743.74219,36720.60547,63486.89844,57692.27344,32942.82422,36651.70703,37756.09375,37363.99219,62861.125,64518.5,26314.39648,29828.35938,43120.28516,33440.15234,37276.83594,47590.81641,55456.55078,39777.78516,41892.71094,38485.92188
P04080,NA,NA,NA,NA,NA,NA,NA,NA,NA,NA,NA,67035.00781,73733.32813,68013.10938,61744.37891,62653.54688,73108.34375,64316.77344,73372.28906,70463.85156,60786.76172,NA,56073.10547,67682.72656,58785.03516,56920.60156,54677.10938,NA,71649.28906,NA
P04083,519.0666504,869.4047852,1080.293335,6277.775879,4632.862305,12688.19824,14564.42676,NA,992.0813599,938.9996948,4989.844238,3041.643066,13709.62695,8441.505859,1317.016968,NA,4365.238281,2853.387695,8830.536133,8743.494141,566.1949463,995.5372314,1733.057495,4199.129883,4558.873047,8945.641602,13078.36523,5402.424805,5954.366211,6439.90332
P04114,3081345.25,3068964.25,3056632.5,3025891,3017460.75,3009725.5,3070777.25,2374550.25,2356011,2327172.25,2343371,2299976.5,2317416.75,2254246,2111217,2080943.625,2069963.5,2081145.875,2172510.5,2252332,2128673.75,2126350.25,2086428.625,2135229.25,2108221.75,2012704.625,2018467.125,2378144.5,2385251,2389320
P04180,82796.40625,84240.45313,85026.95313,84188.76563,86905.125,89901.6875,86787,78186.52344,74009.59375,75791.16406,73306.22656,72788.71094,78755.27344,79327.38281,83094.8125,79504.40625,82806.35938,85520.98438,89190.78906,97060.53125,93833.80469,93391.65625,88466.13281,86573.35156,89165.375,90756.09375,91741.25781,89055.08594,85377.03906,82713.92969
P04196,2402658.5,2362759.75,2369344.75,2297240.75,2369096.75,2286407.25,2334774.5,2516054,2497825.5,2467872.75,2454884.5,2440280.75,2407152.5,2433181.5,2482535.75,2451457.75,2438126.75,2388660.75,2455472.25,2655900.5,3134061.5,3001179.25,2950376,3007005.75,2944827.75,2889796.25,2927959.75,2628089.75,2603373.25,2577585.25
P04211,192628.4063,193733,190813.5938,200085.2188,191413.875,202040.2656,222501.2969,156209.0156,158281.6563,151570.0313,153059.8125,166717.8281,163632.4375,167562.0938,257847.8906,271805.0313,280521.1875,286665.1875,318290.0938,350270.2813,101961.8281,98296.51563,98617.59375,96358.80469,98911.15625,98300.61719,105159.3359,208607.0313,195597.3594,197059.7969
P04217,3962885,3911783,3870784,3854637.25,3957746.5,3723425.75,3861216,4047785,4074742,4004646,3953433.5,3902716,3986871,3994669,4688609,4740579,4655293,4642251,4834005,5045513,3667558,3597039,3559935,3588740.5,3567853.25,3536484.75,3612037.25,3981753.5,4007312.5,3987613.75
P04264,29834.7207,47946.73438,10549.46387,5727.075195,2651.168457,22664.68945,61119.01953,64523.32422,46291.32813,38148.66016,27129.82813,9404.890625,83879.17969,12612.66602,36729.92969,8635.996094,3130.157959,7302.822266,4896.294434,9785.59082,15153.625,38952.50391,5032.662109,4112.196777,18253.80273,40554.60938,53631.29297,9132.605469,11057.28906,9528.768555
P04275,82249.42969,88800.49219,91091.80469,84109.07813,84779.51563,73139.0625,62806.96094,81422.78906,84609.9375,87863.84375,87599.67188,84397.9375,69074.19531,70251.42188,70402.03906,70690.60156,67139.26563,65974.69531,53110.67188,49847.75,78622.4375,90466.875,94288.72656,83738.54688,94616.65625,76932.22656,77852.77344,59146.26172,61119.16797,61474.16016
P04278,181353.125,166771.7031,171855.4063,165945.8438,177990.9688,176205.125,177876.8594,322105.0625,317809.4063,318361.6875,316021.8125,308448.9063,320889.7813,315317.375,110958.3828,108785.5078,111860.9375,106560.1484,113636.3047,107161.4141,168021.9844,162475.0625,159055.2969,164007.2031,161655.6094,151193.7656,157064.625,203740.25,202742,196637.625
P04406,22880.04102,33204.17188,44637.03906,73853.42969,47873.81641,103771.8672,126561.0703,35817.95703,42285.125,50121.67578,58101.57813,60399.64844,140567.6094,116062.2422,46066.39063,49175.07031,58658.26953,62681.56641,131421.9844,126732.6406,44754.07813,50362.73828,76125.79688,63251.14063,71471.51563,106506.4922,128458.5547,72456.63281,76139.17969,72468.94531
P04430,78767.24219,78140.50781,79406.75781,76722.86719,75264.97656,74470.46875,73767.42188,106640.7344,108524.8047,104355.6406,103650.6016,102259.3281,101324.9609,99428.6875,98826.71094,90394.09375,93439.82813,88315.20313,89552.66406,86741.60156,91001.24219,94826.00781,87389.32031,91555.46875,87160.875,83512.24219,80903.71875,86070.60156,95373.47656,87096.39844
P04746;P0DTE7;P0DTE8;P0DUB6;P19961,4046.226807,3736.893066,3376.054932,4517.71582,4695.865234,5402.813965,4863.348145,6979.745605,5630.370605,6876.491211,5881.17041,5417.530273,5275.026367,4434.756836,3450.199219,4395.725586,4133.114746,2670.685547,1877.31958,4077.887695,2947.141113,2802.396484,2655.615967,2078.087891,NA,2746.284668,2487.283936,2975.628906,3155.876221,NA
P04921,NA,NA,NA,8.219157219,NA,30516.80078,32628.25781,NA,NA,NA,NA,NA,35704.48828,27501.84961,NA,NA,4496.656738,3910.138916,41105.5625,29361.87305,NA,NA,NA,1668.721069,1246.949585,31754.64453,28762.75586,8282.245117,11878.0752,10775.3584
P05019,13181.12988,10313.83789,11762.53223,10608.87695,11730.66211,8942.457031,7766.328125,15334.05566,15671.18848,13920.70996,14746.7334,14247.27148,14523.14648,8222.363281,10587.87207,10704.2207,13734.74414,9851.428711,3807.42334,6549.968262,15608.15625,16605.73047,15966.08789,16561.33008,16582.64844,13527.25977,12809.03418,8037.160645,9430.563477,8832.447266
P05067,2986.422607,5864.916016,7093.724121,6042.160645,8751.639648,5784.225098,6054.519531,6961.021484,8493.021484,11609.74121,9852.59082,11188.59375,8899.930664,11016.37793,10911.74316,11554.97656,7171.025391,6517.103516,6214.101563,4909.828125,8641.780273,10710.81445,14001.76465,8139.677246,9866.395508,12237.07813,14075.01563,10247.35742,8079.012207,7062.756348
P05090,1221994.125,1217284.75,1223839.625,1160668.375,1182788.625,1124981.875,1176050.25,1889694.875,1881490.625,1866794.375,1866380.875,1815804.5,1855259.625,1813351.125,2066277.125,2032825.25,1977288.625,1972938.375,2034113,2216010.5,1138737.375,1124739.125,1127679.75,1087804.25,1088877.875,1051439.5,1081735.5,1480717.75,1494479.375,1476408
P05106,8600.907227,10865.73438,14001.62402,11198.85059,12101.53418,12307.53516,15693.94141,11647.11426,19125.59375,26372.94727,19602.54297,23885.66602,15846.78418,26634.37305,19114.08594,22960.90625,13561.40234,17473.17773,13283.16113,20084.50977,13018.0625,21887.75586,30019.34961,19178.55273,28160.12109,20330.94141,30677.93164,16640.1543,17403.41992,17669.13672
P05109,3164.257324,6178.821289,5016.154297,19703.27344,13244.39746,46909.95703,67920.19531,4725.803711,4324.226074,4431.182617,13812.40527,10498.04102,63733.61328,38487.09766,4508.373047,4200.1875,11253.12988,7929.996582,36748.16406,43003.82422,5726.660645,6075.768066,7163.263672,13036.43359,12156.38086,36894.95313,64681.03906,35527.35938,34798.85156,34921.74609
P05154,128309.5547,123600.7422,120985.9063,109257.6406,111494.375,97685.13281,99447.32813,123438.7031,117354.5313,118024.2656,107856.5391,102365.4688,94476.4375,95413.02344,121898.2188,122110.3672,110003.8438,111047.1641,98250.96875,107253.5938,123480.625,118064.8672,115253.0547,109402.6953,108007.0781,102480.9844,97804.82031,105470.5078,103835.9922,104866.3594
P05155,2395845.25,2280384,2209854.5,2042088.625,2101883,1908667.75,1993480.75,2421120.25,2323965.5,2315963.25,2196101,2173591.5,2207255,2214018.75,2802072.75,2771518.75,2542817,2568186.25,2598860.25,2804633.5,2866754.5,2682722,2631644.5,2470908.25,2420442.5,2260074.75,2304792.5,2418497,2402083.75,2391304.75
P05156,1019446.563,1009036.375,1018603.438,957085.625,972646.75,899216.1875,832796.5625,848868.4375,825919,818634.25,844421.75,823323.25,776135.25,759622.875,832261.3125,827131.75,810815.3125,820518.5,737849.3125,657080.0625,906932.5625,894651.5625,889066.375,864108.4375,896456.4375,822231.3125,830763.1875,781649,755457.9375,756275.375
P05160,100845.9297,100985.0938,101314.7422,97487.625,100969.7891,96252.85156,84253.66406,127463.5859,122215.0938,122113.4688,122322.6172,120091.9922,119258.0469,119950.7031,117240.1328,116468.125,117628.4297,113484.1953,103434.4844,75353.30469,136621.0469,134219.7969,132667.4063,131605.3125,132214.3125,129938.6406,129661.3672,103224.2891,105226.4375,102722.7734
P05164,22218.87305,53879.83594,58342.73438,57878.67188,63103.60156,68921.99219,83630.34375,9309.564453,26558.45508,34466.13672,31274.3125,36151.14063,63917.13281,42543.76563,38156.48438,40919.53516,43424.88672,49740.10938,48352.66406,58607.69531,10366.47949,38671.87891,53343.66406,48297.29688,71391.05469,56419.17188,84384,47802.17578,49395.45703,46574.92969
P05451;P48304,10361.25684,8357.145508,9876.211914,8619.352539,10551.15527,7824.04541,5383.470215,5648.321777,5027.181152,3263.003906,5842.827637,5462.790527,3671.576904,5431.002441,3298.348877,3215.916504,3403.151611,2307.807373,2892.861084,1415.619263,4236.804199,2877.257813,1969.322632,4496.63623,3575.071777,6109.762695,4473.211426,4344.069824,2476.92627,3875.527832
P05452,106322.4063,103757.8594,102255.3828,101231.9922,101084.4141,95684.69531,94257.03125,134744.5313,133310.6875,132474.1094,129869,124481.9688,124883.7734,122479.7344,130140.4063,128316.3281,124200.8984,122307.625,117807.4531,108728.3984,111442.8594,109279.4297,103897.6406,110608.1016,104359.0156,98710.08594,95878.875,112324.4141,104473.0703,109076.7813
P05543,90969.75781,92970.42969,92283.07813,91179.75781,88927.32813,93809.30469,96219.64063,124621.4297,127645.1484,122529.4688,120519.5156,116371.9922,120412.3984,119842.2656,106859.3281,105678.4063,103464.0234,101113.3828,107940.0078,107245.1875,120474.2656,116423.3906,118720.9609,115681.4922,114345.6563,111266.4063,107716.4609,107618.1406,108113.8828,106724.3906
P05546,572272.125,583496.25,566785.5,575257.4375,572859.5625,577188.125,576296.125,679503.5,694713.75,674557.3125,694132.375,672668,689778.875,665070.6875,745731.0625,747094.625,731399.6875,753927.25,775934.6875,775496.75,736283.125,736570.25,726882.625,767134.9375,729196.125,727484,713981.5,683422.4375,655065.1875,656619
P05556,2814.514648,4269.456055,3783.069824,3229.812988,3289.093262,1701.374146,NA,6270.46582,6075.60791,7390.054199,5742.345703,6564.174316,5295.685059,3922.710693,3565.442871,4045.599609,4414.741211,3544.992676,2870.147217,2029.185059,4057.544434,6156.838867,5923.772949,5199.762695,5122.747559,3484.369873,4332.244141,5026.871582,3242.637695,3755.703125
P06276,54365.34375,56002.375,57106.86719,52957.51563,52347.00391,55394.67969,58071.12891,45089.25391,46288.52734,47711.05859,48363.13281,45694.72266,49449.30469,47877.96094,48336.875,50114.97656,49887.07422,48988.66016,51600.66797,54198.91406,49530.57031,51322.78125,47112.67188,49103.29688,46809.3125,47879.45703,50231.95703,51566.42969,51888.87109,52432.1875
P06312,3557974.75,3552362.75,3573781,3871207,3699812,4078775.25,4362456.5,4636013,4730711.5,4902463.5,4936420.5,4875797,5738450.5,5478776,3840090.25,3867347.25,3941626.5,3913482.75,4883418,4652027.5,3171437.5,3231209.25,3340622.25,3778626,3381052.5,3545741.5,3393758.5,4714734,4448211.5,4627352.5
P06331,49514.94141,49190.34766,49256.30469,46966.82031,45775.62891,46136.30859,49042.01172,42340.13672,45241.51953,43792.44531,43280.36719,45552.39063,45509.53516,46866.5625,36077.05469,35931.29297,34172.65625,35541.85938,33611.91797,35593.52344,31673.98633,32827.16406,32136.55469,31802.78125,30661.66211,33363.73047,33945.11328,41125.33594,39256.73828,39029.37109
P06396,1217154.875,1207163.5,1218720.625,1198085.25,1203781.625,1165336.25,1214523.75,1622870.25,1582858.75,1566066.5,1569997.25,1556500.25,1557943.125,1545804.75,1630947.25,1625909.875,1607208.375,1602618.25,1654613.375,1730560.25,1359772.625,1359721.5,1350978.375,1329078.75,1307169.875,1279783.375,1310505.25,1421272.375,1415256.875,1445183.375
P06681,286523.5938,287943.4063,280625.7188,276574.9688,284503.8125,280188.25,281479.5313,217471.7813,217802.7656,214394.3125,212104.7344,209901.125,208845.9063,211889.8906,269345.4063,265262.5938,258809.8594,256213.7656,269690.25,262403.4688,284138.0313,278078.0625,275952.0625,276642.6563,279855.5938,269353.3125,271097.5,253242.9844,256999.8594,252101.0625
P06702,4621.384277,8333.509766,8306.24707,33034.08203,24796.05859,76853.34375,109211.9844,5966.472168,7161.240234,9025.557617,23235.87695,15547.9834,98884.35156,66273.03906,7018.689941,5886.86084,20604.35352,11453.7998,59829.21875,67845.9375,8623.09375,10191.69629,11028.3418,22447.64258,19488.88867,61411.74219,101446.1328,54370.60156,59251.83203,57976.74609
P06703,9306.241211,22700.05859,25619.85742,49704.10156,33897.24219,71289.21094,75909.21875,15820.43066,25241.47852,24059.18555,33442.42578,42208.00391,81272.14063,70747.14844,19398.46484,20618.51367,31354.02148,41216.42578,82605.11719,79187.82813,13547.74805,15640.44824,25089.83789,37881.66406,34783.9375,60650.70313,64148.97656,45215.44922,43755.375,42840.70703
P06727,1294363.875,1282289.875,1262739,1239990.25,1276637.25,1255736.75,1300943.875,1493808.625,1470346.75,1457463.375,1461702,1456905.5,1484575.875,1489128.125,1911399.75,1901903.5,1877730.875,1873542,1998110.25,2158953,1607331.625,1609462.75,1590312.75,1609706.25,1600530.125,1617356.5,1639481.5,1550956.625,1566899.5,1567558.5
P06733,7188.25293,9111.665039,11884.02441,18115.91992,14015.44336,26127.59766,29094.12109,13311.83984,13424.35059,16676.53711,20456.23633,21024.05859,38249.96484,31380.87891,13599.96582,18168.18555,18911.00977,18322.64648,27447.05078,33554.60938,13566.60742,16299.3252,24897.38867,21371.97461,24762.28906,26722.63281,37495.76953,19101.5332,18206.73047,19676.87305
P06744,695.6720581,1657.190674,2814.124023,5999.321777,645.5939941,7090.450195,11408.65234,3072.703125,3442.542236,3764.224121,4814.527832,4026.347412,16284.72363,9804.930664,2952.269531,4678.969727,5190.614746,2806.160156,7189.956543,5282.864258,2605.881836,3343.69165,5494.748047,5324.076172,6939.087402,8401.644531,14333.82617,4224.280273,4487.161133,6991.705566
P07195,12823.40625,16480.45313,18990.28711,21534.6543,16419.51953,26508.30469,31932.94922,21169.5957,23238.5,22170.38672,25242.00195,28160.67383,33950.78516,34319.03906,23798.1543,24725.41016,24998.71875,29639.31055,33973.77344,40433.18359,17826.39453,19759.98047,24464.85938,22911.57031,23386.13477,26863.17383,29725.26953,26267.78516,24642.22461,26289.63086
P07203,1320.147095,2247.918701,2294.746094,4989.163574,2716.487305,5908.866211,7037.757813,2179.557373,2222.879639,2492.393555,2044.162354,4612.23877,4965.819824,6212.723145,3240.726074,3256.726074,3735.987305,4961.230469,5486.041992,9297.408203,1507.950806,2246.576172,4324.205566,3359.991943,3221.045166,5549.504395,7812.946777,3073.459229,3690.162598,3579.501465
P07225,394535.25,390333.2813,376338.7813,358051.9063,368853.3438,350201.4375,341237.4688,341218.5938,337246.8125,333220.4375,322955.7188,313271.1563,308173.0313,304160.7188,337739.5,340484.9688,325566.0938,325291.5,308907.0313,279665.7813,361499.4063,347537.6875,345156.875,334401.1563,340005.25,327752.8438,313259.8125,314352,324287.7813,329162.1875
P07237,743.3213501,3672.477783,2647.893311,4050.378418,4014.041016,3663.217773,1345.444702,2438.70459,3366.492432,971.6490479,3381.221191,3113.025635,3115.987061,3236.407227,3004.960205,3786.380127,4115.843262,3473.085449,3966.484863,1147.274536,2621.48584,2270.411377,3438.414795,3581.523926,3600.800293,3495.046631,4450.316895,3583.822021,2921.45752,2675.524414
P07307,6390.460449,6569.876953,6604.313965,6405.179688,6204.640625,6222.570801,5723.726074,3722.459717,3939.725098,4701.904297,5400.666992,4003.974365,3815.545166,4808.520508,5892.155762,6339.960938,7110.624023,6660.305664,6196.656738,5959.948242,7426.463379,9071.941406,8290.702148,6438.766113,7541.095215,9226.796875,7715.891602,6927.868164,4030.371094,7039.119141
P07333,28987.86133,22496.80273,22219.5332,25939.86523,24947.31055,22945.6582,22730.31641,25905.24609,25489.18359,24136.95313,25165.41016,23582.92578,22605.45117,22749.17773,32138.32617,29574.64258,31625.54492,32679.41797,30555.08203,26129.2207,29081.80859,30200.11719,29643.58008,28893.70898,30280.14648,28908.7207,26678.29883,26357.68164,26625.20313,23743.48633
P07339,12132.3252,11070.97852,13478.41602,11005.82813,10516.4375,21990.90039,13852.99316,10070.00488,10932.36621,11581.79688,10983.03027,11105.46387,37696.31641,16560.67383,7690.793945,7246.90332,7903.521973,8045.235352,29170.00195,15369.92676,10647.65137,10034.30664,10861.00293,9353.318359,11473.55078,23628.66406,14433.84766,16233.82031,12394.18457,14763.48926
P07357,482859.3438,476027.5938,471782.8438,445186.5313,459989.4063,432834.8125,424746.625,387607.625,359795.3438,366186.9063,357527.2813,358178.9063,338347.5938,350547.9688,352402.4063,354696.5625,347277.9375,337151.125,327898.0625,317666.25,484240.4688,467202.0938,453328.6875,449465.5938,443182.5938,430940.875,426717.4063,393731.75,379353.6875,382509.7188
P07358,277137.9063,272454.6563,268385.375,257637.8125,257100.4219,269078.5313,276834.0625,210090.875,198810.125,202626.8438,198510.4688,196305.875,197115.125,204776.0938,200848.9688,196605.5,196079.5781,202634.2813,208200.8906,199462.5469,280169.7813,268368.9063,262701.75,265623.9375,259880.8594,262466.7813,264025.8125,241604.1094,240296.375,236861.2344
P07359,43924.75,47438.53125,44003.22266,54779.71094,48337.90234,57837.48047,61533.15234,51334.71875,67525.72656,74865.66406,73484.53125,81973.82813,67132.16406,76821.60156,66041.17188,71970.63281,70653.57031,61739.70703,67139.89844,61261.48438,59298.42578,67718.94531,78329.42188,75639.20313,85643.41406,80068.21094,87861.49219,61508.20313,70697.52344,70064.73438
P07360,134552.8438,137058.3125,133375.1563,130433.2813,130689.9844,130609.4609,132061.2031,117888.9375,115886.75,113182.9922,115080.5156,111793.4297,110876.9297,111448.8594,103050.7891,103041.3203,106006.4219,108741.5703,102711.1797,99140.35938,143875.375,145376.9531,139550.7813,147192.8438,142403.9844,140249.7344,139501.3906,116671.7344,116911.4766,118410.1563
P07437;P68371;Q13885;Q9BVA1,3008.273438,3015.825439,3436.551025,2754.854004,2089.471924,3367.858154,4207.727051,7529.449707,6791.69873,7565.40332,5483.773438,4989.51416,5845.256348,5286.422852,6435.054199,5536.256836,3663.320313,4994.393066,3836.373291,4578.597656,6014.557129,6244.533691,7225.287598,5213.68457,7041.89502,7428.871094,6933.480469,3090.270752,4478.163574,2087.340332
P07451,NA,2350.532715,NA,4731.936035,NA,5467.821777,7787.685059,NA,1877.151245,1273.428711,2341.9021,3612.420654,9875.119141,10400.43164,4418.525879,3709.979736,7202.109863,9629.464844,16949.66211,18337.02148,NA,NA,NA,3104.400879,NA,1063.932007,6732.510254,6249.47998,6758.010742,6185.591797
P07602,39881.15625,41841.93359,44305.60547,32689.88867,31015.39063,27621.82617,15436.14258,30154.47266,31997.4043,37768.55859,34381.73828,29553.54688,22591.37695,22634.88672,26581.88672,28671.31055,22566.60938,21668.36719,10494.35254,NA,24517.30078,28445.72852,21265.37109,22729.35938,29843.31641,24137.79102,22877.90234,16613.53906,18425.18945,14206.64063
P07737,32390.16211,47988.00391,52420.72656,83278.02344,74507.75781,111467.2578,130329.4844,55279.05859,111789.4141,127053.0391,138727.625,145919.3906,161080.7813,175555.0313,104765.9141,112517.9219,106082.7344,100056.2031,124536.3203,157284.7656,56037.96094,116039.1172,149927.0156,127716.125,153082.6875,160845.75,191723.2188,116765.3516,112366.0156,113914.7969
P07738,2792.564697,4160.699707,8857.541016,16890.50781,11680.80957,23729.69922,27783.08594,3858.779785,6370.26123,4950.911133,11271.79004,14540.6582,26710.11133,24191.92969,7939.223145,7143.321777,14475.56543,19834.48633,29756.96484,41881.60156,5664.524902,4612.505371,5264.977051,10269.6416,10379.49121,20338.44922,25161.63867,15580.41211,14643.07422,16381.33496
P07858,NA,NA,1412.040771,3535.637939,6346.756836,11270.41309,6736.542969,4493.540039,6250.853516,6164.358398,5553.045898,8245.417969,16859.91797,13799.7832,4036.961914,NA,4572.843262,5632.29248,12095.0918,6339.72998,5367.200684,6506.85791,5820.03418,5293.045898,5065.728027,18969.58398,6415.223633,7301.909668,4450.642578,6346.34375
P07996,107218.8828,171290.7969,209616.1563,169286.2188,181878.8594,167272.6563,174093.9219,127788.9453,217698.7969,284823.0625,214850.3906,283219.5625,187350.7656,270809.9063,228496.1406,248219.8438,206571,204011.6719,183103.4688,226318.7969,153811.4844,221554.5625,303193.2188,213865.0313,277955.6563,228265.5313,268911.875,197332.3281,191180.6406,196725.0625
P07998,17121.55273,15827.58203,15937.81934,15988.64941,15238.68066,13372.69238,9475.292969,21377.86719,20518.60352,18297.20117,19931.95313,17583.37695,19538.23438,17318.87305,16274.21875,17062.30469,15460.30273,14421.30566,11790.45801,11888.39941,19428.59961,19041.53711,17401.2207,18299.15625,19295.32617,18128.75977,16741.21875,15560.46777,13476.99219,11014.88477
P08185,471515.625,472444.9688,494302.4375,475399.4063,484062.0938,487875.7188,492646.7188,485362.7813,498320.0625,489121.5,488802.3438,491665,482994.2188,478981.9063,500207.4688,495677.9688,505240,506887.75,534682.3125,549072.6875,502363.4375,484658.3438,487883.875,495604.875,494168.8125,474482.0625,486131.6563,532306.5,522216.0313,519205.1563
P08246,12610.77051,38961.50391,42108.04297,42959.8125,40679.83594,51487.86719,55228.92969,4542.131348,21475.16992,25568.69727,24793.83398,29006.29688,48954.55078,32826.26953,32180.77148,37367.05859,36799.13672,42056.40234,39101.32813,40842.29688,5677.320801,26278.08008,37062.40625,32014.28711,45550.83203,38351.74219,56748.87891,32062.63477,30743.14453,33473.61328
P08294,5901.155762,3955.498291,3680.274414,3963.069336,4439.515137,3836.817627,4420.848633,7165.616211,8699.519531,9393.806641,9960.5,7996.496094,10446.72559,9698.136719,8049.611816,8781.678711,8475.00293,8446.204102,9394.764648,11515.35059,6637.314941,7829.690918,6870.644531,6426.175293,5735.52002,7016.106934,7163.757324,5793.754395,5881.591309,8582.283203
P08311,17854.48242,43275.32422,46311.39453,53712.28125,48835.33594,55876.19531,62084.16797,8503.608398,29157.73633,33745.82422,36400.38672,40670.48828,65326.62109,46459.47266,34161.35547,35268.27734,39658.21484,41696.80469,45885.43359,57998.88672,7299.196289,33801.04688,45999.72266,38239.15625,53387.07422,46487.95703,66962.17188,44903.8125,41729.71875,43907.86328
P08397,NA,939.3439331,1881.821411,3301.735107,3166.064453,5078.664063,8288.953125,NA,3338.290283,2127.39209,3284.714844,4731.963379,9999.523438,11358.55664,2347.704346,2065.003906,5610.337402,7316.079102,11877.68164,16740.63672,NA,NA,1994.59375,2725.532959,3041.223633,7514.035156,5259.654297,2950.660889,5049.108887,5404.776855
P08493,10852.09277,11498.95313,7571.307617,3965.787598,2979.443848,NA,NA,11785.12598,6429.843262,6966.271484,4127.745117,4057.434814,NA,NA,11939.15527,9757.433594,4453.746094,3061.065674,NA,NA,12620.09863,11438.89746,6718.155273,9079.9375,6465.628906,NA,NA,NA,3058.206787,NA
P08514,4647.173828,9718.235352,12024.66309,10943.38477,11167.2334,13583.39258,20756.33984,11099.53711,19941.4082,25278.56055,17282.6582,23685.69922,14843.36328,28655.7168,16027.60449,21734.63477,13970.7041,15752.8623,12537.27344,20320.35352,12701.00684,19157.88086,32044.15039,17169.33398,26827.60352,21499.00586,29507.56836,15479.70898,17930.20313,18034.71289
P08519,5340855,5008501.5,4985098,4874655.5,4952486.5,4692481,4478456.5,850987.625,759231.125,794198.4375,814068.125,789475.3125,702140.5625,779497.25,249754.9219,229184.2969,237471.7188,238989.7188,219653.0938,231441.7344,246882.6406,226334.1094,228934.0469,226616.4219,221555.4844,213088.875,244699.9844,1768956.5,1751646.875,1650070.25
P08567,4773.426758,7467.025879,7794.981445,9079.615234,7937.36377,8450.822266,11190.15918,6724.300293,11541.2627,14360.23047,11308.48242,13831.22949,8582.914063,14575.88379,8736.568359,11052.80762,8399.188477,6241.422363,7809.783203,10878.46875,9509.145508,15335.82227,21285.18945,10782.95605,16436.59766,12376.86035,14413.2041,11093.70898,10865.58398,11067.95605
P08571,65606.67188,65233.01563,67153.74219,64826.90625,66413.30469,65433.48438,65316.04688,76008.86719,74542.94531,73441.11719,74199.67188,73963.05469,74863.91406,72510.53906,69918.64844,71517.82813,71137.78125,70013.97656,69457.85156,67106.6875,64124.41406,64607.13672,63931.40625,64722.82031,64797.35156,67307.80469,67244.57813,64305.72266,65688.34375,68329.08594
P08603,2316301.25,2267221.75,2268875,2235293.75,2244461.75,2129927,1948039.125,2227221.25,2166891.25,2146673.25,2146890.75,2071018.125,2040703.5,2026207,2329365,2313904.75,2289161,2249204,2020692.125,1562397.875,2681123.5,2638964,2602043.25,2629426.25,2569719,2525736.5,2512214.75,2144606.5,2078450.5,2106694
P08637,36120.5625,33774.44531,35023.81641,32811.55078,36608.11719,38416.33203,39387.83984,31302.58008,37945.16406,35257.48438,38755.73047,38871.73828,34537.28125,34916.20313,24708.39648,29839.8125,25983.44727,28686.48438,28968.42969,29821.9082,32292.92578,27736.03906,34447.43359,35220.82422,36338.26172,33041.47656,40009.40234,36502.10547,35833.14063,35034.51953
P08670,2033.2052,2681.609131,1986.967896,6813.984863,7086.888184,12438.35449,13436.63477,NA,7600.774414,7613.010254,6621.339844,5047.940918,15776.8877,16073.43457,6697.375488,7399.372559,7811.092285,10817.6377,12277.99512,16262.03223,6663.78125,6439.62207,8752.400391,10526.36133,13922.90527,15633.78125,24525.67773,7856.249512,12415.03906,10235.55371
P08697,1294113.125,1290933.25,1305532.625,1267338.375,1292110.5,1258511.625,1288433.625,1417310.125,1439537.75,1393741.625,1387109.875,1353710.625,1364201.125,1334944.875,1292160.75,1284007.25,1272197.875,1276248.75,1280865.5,1291226.875,1305380.25,1260656.125,1260115.625,1274623.25,1260127.5,1202215.375,1205146.25,1358024.625,1355192.25,1352414.5
P08709,23839.51758,22801.9043,21815.8125,20047.20313,20454.74414,18708.16992,16949.23633,23517.41406,23013.03125,22937.19141,21755.50586,20281.4043,14344.68555,15753.42969,19174.1543,17964.10938,16973.51172,18507.96875,13477.8418,14809.64648,21559.07227,20757.78906,20709.9668,21396.28711,21204.78516,14465.39063,13508.02246,15941.25977,14994.14063,16275.1123
P08758,NA,NA,1169.654053,2657.701172,1804.985229,2463.496094,4429.111816,702.069519,1787.709351,2980.427979,4186.147461,4728.182617,4334.913086,6514.731934,1080.504761,1745.072021,2546.745117,2277.382813,NA,NA,NA,1331.394897,2352.838623,1335.472168,2886.606689,3793.610352,8004.899902,3718.838623,3497.844238,2382.552002
P09104,NA,2902.870605,NA,10304.4375,NA,10711.54883,NA,NA,5713.915527,NA,6874.556152,10394.54492,22556.19531,14556.5127,4951.337402,10752.87207,11800.49707,11520.49902,14606.70996,40227.125,7189.909668,3411.157471,19326.41797,11403.40625,11880.1416,NA,30354.93945,7658.994141,NA,6316.399414
P09172,23955.01953,19313.23633,22989.7832,22331.79688,21998.34961,21428.75781,19322.99023,10002.66504,11993.62891,10494.91699,9413.043945,10437.11133,9303.15332,11188.56445,88185.99219,82557,83247.78125,86272.63281,86281.64844,79675.57813,49314.23047,45506.83984,45724.5,45831.29688,45284.00391,44466.28516,43108.92188,39657.37109,42324.27344,37619.73828
P09211,9920.635742,13590.05762,14457.0752,21183.71289,16597.71484,22102.67773,23676.61328,12431.98828,18934.87695,18450.76563,19172.47461,22834.56836,29403.73242,26512.11523,14247.2627,12973.33105,16005.30176,15954.31445,19515.2793,18081.38281,10065.21191,15779.53027,21703.71094,17644.17383,20768.8125,22664.90625,26802.20313,18493.79492,21190.72461,19197.21875
P09341,NA,NA,NA,449.7194214,NA,NA,2163.146729,NA,NA,NA,NA,NA,NA,2309.499756,NA,NA,NA,NA,NA,2332.175049,NA,NA,NA,4282.496094,3220.249512,2416.159912,10614.6748,NA,697.9066162,NA
P09486,23642.55078,30771.41797,32467.16211,27799.96094,28060.83398,27063.50391,26249.11719,34763.40234,38061.90625,39734.51953,36209.29688,40871.02734,35137.5,36132.95313,38446.59766,35699.3125,34333.63281,32259.02734,35981.91016,30344.76563,38405.37891,38159.62109,42371.85938,37481.17188,40403.17578,37724.16016,41132.61328,34663.75781,34278.38281,35217.44922
P09871,612471.1875,606732.5,582911.125,572079.4375,571460.875,553980,551661.25,372928.3438,369363,350701.7813,331422.5625,323387.0938,324905.6563,319416.4375,552467.375,543885.25,530260.0625,521256.9688,521685.5625,501667.8438,635612.875,600509.5,597839.625,590981.25,589367.0625,548309.6875,556804.125,517442.4375,500153.0313,498825.6563
P09960,NA,1641.386108,3948.875488,5840.105957,3497.347412,11308.55176,13793.93359,1230.819824,1641.523071,1775.053345,2545.040039,2020.309937,11033.2793,9314.958984,2643.885742,2354.002197,4133.524414,3812.208496,7334.778809,6449.894043,NA,1554.824341,4755.422363,3044.217041,4492.193848,6340.428711,13189.41309,5178.331055,4133.868652,4607.134277
P0C0L4,1761617.125,1753751.375,1749792.875,1712709.125,1747349.125,1697545.125,1709597.875,382504.9375,384353.4063,372209.0625,372283.375,372782.0313,370527.6875,367499.7813,1628554.375,1621192.375,1598708.875,1615319.125,1647945.75,1691379,2327251.75,2298535.75,2279839,2304954.25,2288400.5,2247433,2265223.5,1540634.875,1545559.375,1567291.5
P0C0L5,212446.7344,189767.5,195364.1406,167451.5313,199407.0156,167270.5781,162995.0313,74698.09375,74526.89063,73215.32031,69538.26563,63979.25781,47878.09766,49704.03516,121796.3828,120879.6641,96680.24219,98531.40625,104570.7422,105628.7109,310087.8438,302509,300617.25,291334.625,289686.0625,301057.5938,308390.9063,156714.8125,157756.7344,162605.5
P0CG47;P0CG48;P62979;P62987,5203.952148,8635.625977,8170.394043,14170.86621,12143.15918,23646.1875,22403.21484,7448.297852,7463.700195,10472.29199,10955.59863,13701.29395,22781.92773,25055.68555,10090.02148,9918.560547,14676.42578,22930.61719,28242.22852,31525.08203,7861.853027,7640.549316,10076.69434,14014.84961,12691.77832,17397.2207,24231.40234,18750.71875,16744.36328,18368.85742
P0DJI8,42300.33203,41813.53906,41234.36719,29614.10742,30514.12891,24320.00195,26314.77148,53401.77344,48662.75781,46323.35156,47669.60938,46107.60547,45312.43359,45692.09375,32825.23047,32742.86719,28285.94336,29854.17969,28587.71094,36276.63281,85766.64063,86425.625,84305.6875,85646.95313,79254.75,80099.83594,80778.34375,47068.41016,50467.03906,52557.48828
P0DMV8;P0DMV9,3984.858643,5133.203613,5620.661133,11716.92773,7830.753418,15566.0459,19155.98438,5123.707031,9229.754883,9233.131836,10867.01563,11196.47168,22452.47656,18903.09961,8668.936523,7628.492676,6980.106445,10630.34961,18035.71094,19333.66016,7857.77002,4848.830078,11105.73535,9463.513672,11534.30371,13717.11719,20750.17773,11809.7168,13084.94824,12519.30566
P0DOY3,5944555.5,5701272,5638882.5,5698944,5799027,5979973,6232411.5,6568605.5,6498839,6269307.5,6186763.5,6189188,7007331.5,6804070,5259477,5144353,4979042,5068228.5,5366721,5890387.5,4607236.5,4637352,4765048,4803270,4787974,4825909,4662918.5,5623068,5958496.5,5528097
P0DP08,NA,8922.505859,7958.180664,9209.296875,9202.509766,9736.732422,NA,11204.47949,11920.45605,12636.91406,10408.66113,15128.16602,16236.47363,12437.98535,12494.67383,15367.51074,16207.62402,15085.56348,17571.05273,19552.12109,7970.501465,11039.18164,10443.23828,11846.81348,11091.5918,12854.72363,13482.90332,13558.80762,12961.31738,14270.11816
P0DP23;P0DP24;P0DP25,NA,NA,3052.238281,5173.605957,4138.020508,8033.263672,10059.88965,NA,3606.886963,4480.182129,6586.636719,7996.811523,11551.92773,15029.77734,4017.755371,4221.288086,6067.191895,5438.42041,11749.21875,15846.65234,1567.283081,3581.296143,5017.939453,5202.259766,8212.294922,13987.90234,17501.61914,6315.68457,7700.196289,7251.299805
P0DTE1,42584.99609,47788.99219,45106.69922,47227.30078,42339.63281,43309.52734,43112.88281,67648.07813,77350.69531,74115.42188,72424.03125,68448.38281,71541.65625,65039.61719,61824.07422,73782.1875,62588.46875,68577.30469,69828.40625,55313.77344,20444.20898,19996.66016,21699.69336,14708.98145,23543.67969,24404.93555,21052.51758,57460.80078,53109.46094,57500.74219
P10124,2949.790283,7675.056152,4983.257813,6680.635254,6062.083496,7406.125,8098.777344,7797.992676,10096.49121,15295.9502,12772.17578,14498.58301,17197.0957,15349.36328,10098.74316,11991.00488,10976.93945,8533.578125,16554.72852,12806.49512,8852.760742,13588.80273,18697.86719,18918.40039,19079.73633,18134.01367,17465.07422,16138.57813,15535.47559,15227.19043
P10145,7069.371582,NA,NA,NA,8519.447266,4277.447266,16439.23047,1370.124268,NA,NA,9446.001953,9205.65918,NA,24920.80078,NA,NA,NA,9416.511719,NA,17993.83594,NA,NA,8833.804688,14319.0752,21901.91406,7818.638184,38969.46484,9668.037109,11690.08496,9826.858398
P10153,NA,194.3644867,5505.816406,9543.631836,8143.34082,10936.89453,6479.40332,390.4391785,6915.447754,15071.40918,8843.944336,19647.0625,14410.7207,17441.75,3939.077881,4944.556152,9683.238281,11484.33105,10674.36426,16088.30762,2567.563232,7383.381348,11446.94141,21806.39258,27559.99805,26757.95117,34589.56641,12810.68652,16546.70703,14341.81738
P10451,NA,NA,NA,5681.071289,NA,22993.5957,NA,NA,2039.229492,NA,9253.463867,1927.422852,19351.59961,3917.251465,2926.214355,NA,13543.68359,2038.623535,27637.91016,NA,NA,3971.616455,1018.763489,13200.55664,5964.947266,23818.77344,7270.51709,7105.308594,7524.496094,10657.05664
P10586,2935.643066,3144.535889,4870.86084,4459.723633,4713.069336,4396.466797,3514.121582,4046.895996,4447.118164,3956.639648,4655.76123,5049.515625,4988.719727,4871.854004,3995.361084,3102.819336,NA,3160.706299,NA,NA,5538.321289,5175.412109,5594.425781,4529.586426,5967.155273,5572.855469,5203.298828,4520.157715,5794.54248,5205.29541
P10599,4249.462402,6970.941406,NA,10575.97559,10286.31152,16486.71289,21103.63477,6712.040527,9711.910156,15420.5752,15432.96387,14097.39746,23962.23047,24347.51367,12176.74707,10153.32422,11446.94531,12215.70996,20474.99414,18248,7073.043457,10968.54297,9426.589844,12533.70313,10309.39648,20418.09766,20802.29297,15952.99316,15714.89746,12224.97559
P10643,226457,220645.6875,217753.1563,208395.5,211460.2344,196383.2188,178607.0469,273108.3438,265799.2813,261135.8125,260223.1563,252451.6406,241935,241267.125,207345.6563,207026.25,205242.9219,204470.5156,176242.8906,143535.6563,208751.0625,199646.1406,197918.7188,195327.2188,196800.25,188791.875,184240.1563,193829.8125,193003.6094,195407.5313
P10720,5018.942871,8384.286133,11287.50391,9608.4375,8635.326172,8840.25293,5610.709473,7991.066406,13828.7041,15334.05957,13041.43359,14657.75879,11381.85254,12276,8767.81543,9384.94043,9703.058594,6109.472656,8170.641113,3915.390625,2875.968018,4305.007324,9109.006836,4469.943359,7223.32373,522.9607544,3458.231445,9388.439453,7069.02002,9114.729492
P10721,3189.47583,3165.732178,2806.942627,3563.966797,3035.521729,2782.141113,3974.274414,9050.294922,8660.793945,9121.467773,7966.971191,9681.116211,9538.168945,10035.15625,6177.674805,6524.614746,6156.419922,6842.867188,5029.562012,4981.774902,4460.845703,3884.541504,4600.138184,4472.260742,3916.188721,NA,4424.244141,5187.448242,5480.853027,4852.376465
P10909,3543940.5,3460969.25,3380397.5,3349515.75,3423008.25,3326466,3417333.5,2967331.5,2965211,2949670.25,2958266.5,2876635,2885406.75,2880877.75,3465084,3461393.5,3413766,3345389.5,3569775,3794191,3549156,3456415.25,3472655.25,3485995.75,3449143.75,3394569.5,3485823.5,3278279.5,3332886.25,3338021.25
P11021,23891.64258,23912.09766,24390.53711,24690.75195,24957.66406,22299.72266,24896.29688,26300.44922,24664.95508,27248.98633,25356.24219,25993.11914,22859.73633,25821.76758,24526.82813,25702.44922,25176.08789,23934.20508,21424.60742,24946.91602,24228.73633,22706.4082,24050.63281,24292.85742,23422.59961,24239.91211,24943.96875,23955.08789,24306.51953,25994.72656
P11142,2539.125488,5387.228027,5995.347656,10091.84961,5443.908203,10314.91211,13243.89941,7141.529297,7969.249512,10197.71191,8986.258789,10073.99707,13610.53418,13915.52344,9938.679688,9419.617188,9445.152344,11262.12109,15687.72363,15538.63184,6062.497559,7978.538574,11322.44238,8107.13623,8708.365234,10247.87793,13396.66797,8308.757813,10752.9248,10827.71484
P11166,16286.13281,3950.403809,2970.85498,23373.57227,15370.1416,187594.7031,192631.3906,NA,10014.72852,NA,23384.25586,23207.69531,204087.9844,178428.0313,NA,NA,32815.62109,41042.06641,232020.0781,196369.8594,18810.65234,NA,NA,21051.86719,21471.30273,169529.3281,145075.7344,72614.95313,64582.66406,80059.89844
P11169;Q8TDB8,1092.560425,782.6894531,NA,1207.412231,1221.525757,4303.630371,8404.321289,1098.825073,3476.208008,6208.65918,3726.947754,6352.060059,5444.478516,8893.669922,1300.865112,4190.256348,NA,2548.875488,6490.489746,6882.900879,NA,2511.09375,6832.848633,3305.906982,6366.071777,5170.808105,10535.125,4765.421387,5486.692871,4976.043945
P11171,NA,5642.557617,NA,9263.433594,7464.086914,19132.88281,21294.99805,5162.462891,NA,7137.979004,7743.653809,4814.195801,21134.89648,20426.37891,NA,6780.281738,9108.517578,7223.501465,18526.01758,19784.74805,NA,NA,NA,4594.436523,NA,11819.71973,13368.48828,11946.02637,11446.40723,9753.355469
P11226,63071.39063,62911.41406,60310.58984,58797.41016,56822.85547,57276.47656,57796.27344,123166.3984,118789.2031,125163.4922,119107.4922,118273.4844,120423.3594,119314.7578,38319.66016,35004.19531,35825.73828,39085.62891,37247.75,51611.44141,52397.53906,53032.78906,51462.39063,50430.46484,54329.71484,50903.27344,52231.41797,71188.96875,71052.85156,75274.82813
P11277,NA,1867.631958,2212.062256,6946.268066,2506.295166,7842.830078,10931.63574,NA,2388.196533,NA,7249.544434,6536.629395,9890.983398,12768.17871,3025.779541,2481.763428,4015.737549,9204.570313,13800.3418,12271.54004,NA,919.1768188,NA,3364.812988,3966.505615,6887.080078,10034.49219,5505.651855,6205.992188,6722.561523
P11597,72472.92188,66790.75,64351.81641,61391.29688,64030.46094,61030.375,54799.47656,43282.58203,43611.92969,41345.67578,38997.68359,39238.87891,39330.53906,32538.34961,53681.01172,45685.4375,47913.8125,45736.92188,39616.92188,30524.40625,53895.30078,47182.5,46236.30078,45787.63281,48293.30469,41466.82813,41775.25781,44337.01563,45482.3125,46324.88672
P11678,NA,NA,NA,NA,NA,NA,3382.344727,NA,NA,2470.547363,NA,3840.958252,NA,7306.620117,NA,NA,5219.755371,9392.214844,8043.031738,14084.13672,NA,NA,2464.841797,7774.989746,12382.33691,8851.542969,14327.15234,4388.339355,3973.990967,5328.135254
P11684,1925.069824,1592.078247,1994.224854,1530.659912,2319.955322,2866.851318,2752.87915,NA,1915.9646,1837.5448,2565.857422,NA,NA,1095.655029,4189.199219,5227.934082,4577.396973,4882.662598,3990.358398,5017.611816,2597.539307,2529.924316,NA,2053.350586,NA,1437.591553,NA,2526.473389,3439.759033,2396.492676
P12111,10578.25098,10208.48438,5207.269531,10737.01563,10315.39355,9427.853516,11192.11523,17433.47852,17400.64453,13975.80469,14781.31445,13097.19629,14638.68164,16622.25391,12675.12695,12420.39355,14138.64648,14912.32031,14921.23535,14196.83398,12690.35352,11254.80957,11786.5293,14531.18359,12108.07617,13322.41113,12063.72461,10066.06738,11889.26953,8860.625977
P12259,73822.04688,73214.09375,72778.83594,67761.39063,71366.44531,68981.60156,67711.125,65023.34375,65398.18359,65639.13281,66118.39844,63116.08984,60328.42969,61838.94922,66570.66406,64928.39453,63727.16406,64709.30469,65956.35938,65991.30469,74349.67188,74745.41406,75258.11719,73279.54688,73731.61719,69571.85156,71051.0625,66758.55469,66869.60156,66749.53906
P12318;P31995,NA,NA,NA,5928.155762,7227.379395,NA,NA,NA,7452.472168,10183.02832,8424.359375,7417.902344,9721.59375,7626.705078,7283.642578,12617.97754,10597.78027,NA,8644.963867,10811.30469,NA,NA,NA,NA,NA,NA,NA,4459.398926,NA,4663.462402
P12724,NA,7.835736275,880.7844849,1342.050415,1275.631104,NA,NA,9.035692215,4764.127441,10168.21289,7716.115234,14450.43945,13679.11523,15593.49609,9466.766602,7386.677734,13773.61523,17768.63086,12667.87109,20685.85938,NA,7923.356445,7116.188477,15951.36328,19015.24414,19297.11133,24922.50977,8941.476563,10491.4082,8974.827148
P12814,4602.607422,4563.942871,3792.498291,6309.570801,3093.952393,5711.695313,13053.19434,7904.424316,8251.737305,11346.06836,10818.62109,10126.07813,12298.34766,13829.04102,7461.833496,6816.089355,5608.837891,4672.400391,8382.671875,6341.612793,11030.58496,7767.336914,12383.71191,5395.641113,8654.728516,8892.716797,10366.31055,8312.486328,9021.420898,7497.643066
P12830,8496.175781,7435.497559,8057.89502,8093.398438,6834.946289,6234.220215,7401.917969,5922.984863,7681.996094,9397.644531,9837.485352,9382.84375,9594.178711,8313.170898,9417.313477,11772.97168,12293.45801,11980.29297,12216.32227,13577.625,15525.97266,16413.00391,14727.98047,15591.4082,13942.79883,16258.98145,15518.33691,13350.41602,11473.74707,11331.37109
P12955,1624.927612,3101.632813,2756.587891,2523.116699,1372.958252,1386.151733,NA,5186.509277,5015.859863,3152.090088,4283.833984,4724.333008,3821.633545,4456.736816,4957.133789,4283.208984,4836.921387,5312.38623,3903.720703,NA,4683.084961,6918.496582,4351.807617,5688.529785,7234.489258,4883.581055,4243.293945,4354.323242,5040.972656,3754.93042
P13224,5215.050293,6963.11377,5053.668945,5701.769531,NA,NA,13349.7627,NA,NA,11327.50391,10829.80273,10285.08887,NA,8236.250977,10892.9707,8004.005859,NA,6536.964355,NA,NA,13120.62012,10180.8877,19283.24414,12344.8623,11410.57227,12957.89355,20362.36523,NA,7041.338867,9763.287109
P13591,18380.34375,18181.20508,19407.79297,17702.54297,16705.31641,16457.25977,15598.52734,24951.23633,24293.08398,23427.08203,24437.04883,24718.10352,20999.03711,21999.39453,17533.24805,18566.54297,17972.51367,18046.4668,16369.41797,18119.10742,16910.19727,16723.32227,16811.50195,16598.48828,16245.50684,17073.52344,15844.68555,19521.84766,18139.19141,15882.12988
P13598,6841.864746,7638.657227,8620.461914,6227.338379,8457.662109,6133.850586,4364.121582,12353.94434,12183.84375,14978.23438,13521.86914,14183.71191,12225.35645,14691.24023,13160.18457,13704.57129,14864.49805,13043.79297,12011.10254,11494.76855,13286.33789,12700.92578,12449.77832,13921.03516,13876.57129,12870.63574,12757.85352,10676.36914,13188.53223,10712.36035
P13645,25438.07422,43177.93359,4801.007324,3077.435547,2628.727539,10524.24902,49132.23828,66584.53125,41900.07422,43990.25,20247.63281,2935.296875,65712.84375,6837.687012,32528.24219,3281.759033,842.6837158,3530.334473,2299.333008,3164.929932,7776.487793,37046.92578,NA,1737.131714,7255.633301,23865.73047,59039.14453,6269.003418,6559.375488,6378.995605
P13671,528414.1875,508101.5,506541.5,484473.6875,514097.6875,478798.6875,451242.4375,568790.8125,555968.5,557614,541243.8125,527343.125,532088.125,530131.3125,428948.5313,428042.25,416194.3438,414728.75,401288.0938,387881.1875,511228.7188,492330,484229.1875,483397.0313,484469.7813,481292.6563,472616.6563,438491.0313,465446.4375,451645.5938
P13716,1368.597656,1686.568726,2606.599854,3901.069824,3075.655273,5690.271973,6064.493164,1242.021729,1758.66748,1727.51709,3270.851318,3809.644531,8380.171875,7495.934082,325.9429321,1009.746704,3118.019287,4054.732178,8222.100586,8942.610352,158.8868561,894.9815063,1524.269775,2253.183838,1245.953613,5902.351074,4732.324219,4172.780273,3102.964844,3530.147461
P13727,2074.279541,2072.867432,NA,1467.345215,NA,NA,NA,7496.0625,8746.928711,7282.601563,6495.18457,9016.673828,8165.627441,8098.604492,3960.23584,4135.725098,4742.367676,4574.664551,2824.017578,NA,735.0233154,2898.396729,4120.279785,6430.336914,6407.031738,3269.836426,3842.804688,NA,383.5706482,919.6261597
P13796,610721.9375,566048,585952,667766.5625,616450.5625,814335.875,811042.6875,561377.8125,524295.25,520505.0313,623562.9375,592177.5625,896723.25,714534.5625,612504.625,583973.8125,654226.5625,610154.4375,762344.5625,708123.6875,606788.4375,589960.3125,620036.875,641163.125,648440.0625,699150.25,803805.1875,662775.6875,657709.9375,639684.75
P13987,2361.839355,3449.208496,2861.664307,6794.327148,6215.936035,28383.51563,21027.13672,2633.303955,3815.602783,4129.328125,8337.708984,7068.089355,29153.28711,27385.50977,3142.646729,4549.872559,8429.488281,8824.791992,26651.05664,15348.68262,1672.414429,2843.713867,3472.207031,7023.264648,6513.180176,24551.13867,20865.41211,10651.37012,9732.166992,9264.770508
P14151,50310.70703,51313.15625,50991.37109,52372.80078,52110.97266,52181.26953,55552.55859,62097.73438,60290.82813,62433.63672,61123.94922,62909.73047,62928.55859,64657.4375,50816.86719,50856.45703,52246.97656,51757.49609,56698.20703,61799.88281,52624.70703,51526.63281,54055.30469,55193.91406,51597.11328,53022.06641,55034.67188,56749.02734,56957.77734,56963.21094
P14174,4012.136963,6640.200195,8300.166992,13774.82324,11591.48242,23399.97852,11625.24902,5962.955566,8409.751953,10097.54395,14775.17676,19000.29102,29612.56445,34525.50781,8917.114258,9527.225586,10032.7959,13972.1543,28952.8418,32174.42578,NA,11655.35645,16471.83398,13804.15234,21705.54102,36175.86328,34606.79688,10669.55469,14544.93262,7402.390625
P14543,4420.480957,9876.479492,8308.867188,7438.41748,8004.575195,NA,NA,12901.1416,9670.837891,12592.91113,10795.37988,10965.60547,NA,NA,7041.583496,6751.810547,9594.907227,NA,NA,NA,7018.663086,7932.501953,9608.504883,9541.02832,9566.588867,NA,NA,NA,9667.445313,NA
P14618,12303.89648,16639.95117,18638.78516,22441.18555,16605.87695,24773.66211,30421.58203,23367.72266,24077.27539,28670.17969,26521.39063,25344.3418,34479.94141,31773.43359,25252.37891,27261.18555,23931.23242,20389.36328,24547.68945,24964.24023,22998.70117,27132.23047,35027.64453,24241.48047,29713.7793,29337.40039,37829.85156,22523.47266,25894.89258,23971.82422
P14625,13379.78809,12785.03711,13413.69629,13007.49316,11610.11816,13518.76074,14296.22656,10032.15039,9141.365234,10688.42285,9866.666992,9827.396484,8797.760742,11867.19629,11998.86523,12561.6582,11624.46973,12006.0498,13960.00781,19137.40039,10429.93066,9521.472656,10675.86914,9772.670898,8023.560059,8300.018555,10472.40039,13158.7002,11917.36816,10953.7334
P14780,13016.48145,25821.52344,35947.49609,28109.45703,33830.28906,34146.90234,34322.58984,7889.141113,30820.93359,53612.88672,31398.4375,54629.23828,30131.04492,56730.38281,24692.25195,34557.52344,26904.84961,35764.11719,27711.27148,35225.04297,8304.398438,32122.16797,57123.99219,39912.17188,59957.48047,42732.6875,59750.8125,34102.32031,34607.33203,32357.27734
P15144,28063.85156,32950.52734,33097.54297,27403.88867,33296.44922,27538.97852,26302.81445,59526.66016,54374.63672,46714.25781,53381.29297,53606.76172,60396.48047,62565.36328,35355.64453,37129.58984,42011.23438,38355.91406,49330.81641,40147.28906,26651.15039,30240.96484,29930.43555,25865.67773,27144.25781,34157.18359,33777.19141,39575.11328,38244.09375,42936.85547
P15151,9879.748047,10046.69336,10036.55469,8760.254883,9156.356445,11858.94238,10968.8457,14325.00488,10750.87988,13923.25781,16138.97363,13825.50488,19066.49609,14863.58984,16435.36328,12249.05566,16170.12207,14819.36328,19644.31055,19691.78516,13331.41992,14562.03906,13453.16406,15849.46289,13018.26367,14508.99609,15083.3457,12084.57129,14331.38867,14984.45508
P15153,5373.452148,2530.530518,4232.928711,8598.630859,22628.84766,9488.542969,15077.98926,NA,4607.89209,4599.812988,8533.756836,NA,18791.61523,9538.827148,NA,4248.026855,7686.225586,NA,10053.27246,7765.253906,NA,6924.737793,9148.230469,9003.598633,12881.55176,11799.51074,18980.53125,4555.886719,8620.162109,9976.080078
P15169,122684.3281,121077.8438,115854.2891,113932.7031,117306.0859,116822.5703,118558.6328,119280.7578,118371.8594,117294.0547,110314.0547,112322.3906,115462.3828,113916.75,110797.6797,106840.8594,108502.0547,106034.6563,113339.25,112628.2188,129462.9453,130177.7578,129552.7109,126723.7578,125635.4141,126395.125,125808.5078,116717.4141,115649.0938,117326.6406
P15259;P18669;Q8N0Y7,8478.317383,9245.759766,11601.21191,13740.92871,12806.85547,18793.1543,20107.56641,10480.5791,11419.14453,10976.30469,14202.33398,14083.95996,21840.38086,20317.72266,11244.02148,12955.17871,13456.44824,12318.65918,20227.84375,17623.98828,10296.53418,11489.79883,15569.44531,12306.9375,15754.95508,22953.82422,23206.56641,12751.20215,10707.98242,15708.17773
P15291,6133.338379,5507.314941,6711.498047,5929.333008,6621.662598,6949.65625,6671.700195,7301.666504,6626.380859,6889.572266,7480.492188,7275.875,7564.118164,8616.868164,7304.603516,7060.836426,7698.191406,7201.279297,10821.72656,8312.863281,7039.538086,6422.39502,6384.361328,7184.068359,7679.630859,6803.354004,7635.991211,7869.70459,7249.616699,8737.362305
P15814,2215145.75,2176611.5,2120631,2094957,2090948.125,2034795.75,2172904,2181464.75,2187503,2161939.25,2194021,2132468.5,2141335.75,2140757.5,1618855.375,1543247,1526760.875,1599228.25,1633232.125,1707098.875,1375824.125,1395675.125,1312391.25,1434760.125,1402007,1374734.75,1334574.125,1912126.5,1827081.125,1819255.25
P16035,7406.922852,3379.585693,4171.805664,2615.574463,2657.602783,3514.462891,NA,6104.256348,6246.002441,7266.741699,6540.316895,7273.114746,2642.306641,2485.284912,5456.956055,5427.672852,3652.077881,2662.511719,NA,386.8561707,5807.512207,4538.41748,5511.23584,5078.931152,5272.280273,4465.208008,425.8029175,623.4243774,2306.594482,418.7513733
P16070,14430.76465,13078.94727,10157.05762,13617.05859,14744.07324,23091.75781,22028.57227,16290.8291,18767.58594,20140.84766,12012.7334,22914.31055,27629.63672,24698.71484,23491.82422,25443.56641,25712.03125,23609.66016,32435.71094,30498.13281,15598.2959,15423.14746,16100.2793,11790.97852,21350.35742,25217.63672,26337.51172,18971.44141,24388.3457,25118.12305
P16157,22974.40625,18498.14648,14630.37012,45583.60938,15854.09961,238299,237947.7656,NA,20056.58203,8001.667969,36790.78125,32132.01367,273896.625,252476.8594,12511.78613,15367.04004,34156.25781,52059.13281,268596.7188,217147.6094,NA,16063.71582,17896.24023,16345.87695,21190.38672,185466.6094,166569.9531,82322.10156,85615.27344,84252.40625
P16401,173190.75,167940.3281,199183.4531,165359.1094,159257.625,249044.9219,262931.25,94316.74219,185193.7031,214958.1875,168859.4531,112631.4375,314865.5,245022.7188,124873.1875,55960.92969,161772.5469,133061.8438,230477.875,249486.4531,150380.9219,102255.0078,117982.3203,159510.5313,151969.4375,182835.2656,230886.1094,176633.3281,199566.5,176825.3281
P16452,NA,NA,NA,5254.09375,1299.924194,32175.64453,34431.71484,NA,NA,991.3032837,4461.835938,2876.823975,39320.8125,36507.89453,NA,NA,3667.706543,5033.105957,39236.85938,31251.25,NA,NA,NA,620.0861816,NA,27789.06836,22706.58789,10867.67871,12200.91211,11735.09473
P16671,6621.688965,11108.57715,14130.05273,13595.20605,13362.96582,10239.92285,16087.98145,9630.043945,13325.21875,15191.66602,11572.06055,14654.4873,10143.87012,14420.83496,14342.51465,16533.07422,14441.66797,12995.78711,9682.025391,13125.75977,9664.883789,18371.25391,24387.41016,17017.59375,21409.62109,14100.12891,17768.74609,13515.04102,14428.68164,15470.36816
P17813,3350.806641,5301.95752,6830.150879,NA,6678.362305,6260.910156,NA,8400.729492,7683.59668,8423.825195,9524.673828,9428.085938,8882.047852,8094.32373,10327.77344,9663.585938,8581.771484,8732.005859,10077.53027,NA,5953.895508,6065.804688,6752.291016,6696.937012,6104.556641,NA,NA,8330.962891,8013.023438,NA
P17936,109934.0156,114781.1484,113092.1641,110358.1797,111538.3047,108806.7656,98681.17969,107417.5078,102952.2656,102246.625,102588.8828,98339.22656,92759.35938,102390.9297,89137.55469,87580.59375,79498.42969,84595.21094,77764.53125,85855.88281,100020.0625,85588.99219,96909.27344,99324.91406,97941.75,83177.41406,90096.17188,80991.89063,86044.17188,81294.82031
P18065,14192.36328,13585.02637,10529.30566,11184.53125,10865.26465,12398.46973,11257.64551,22872.01172,21584.05859,21291.84375,20471.19922,20134.90234,22879.03125,19959.2793,26552.10352,26637.77148,27201.74023,25698.73828,24432.16406,25612.28125,27181.375,27319.7168,28918.57422,27819.16016,27928.66016,25427.58789,27573.67188,22235.81836,19611.23828,20674.56055
P18206,12982.73047,14910.54492,16881.59766,15874.39844,14163.14844,15855.19141,23189.36328,20779.97852,22907.33789,30510.78516,24340.89063,25202.97461,23279.18555,29774.47266,22781.19727,24926.54883,18460.13281,16417.28125,20787.63867,26341.17969,18347.24805,24756.16797,33503.92578,18777.41016,24724.03125,21794.39063,29312.89648,23032.69336,22290.41797,23397.49609
P18428,58736.9375,57467.39063,55642.35938,58128.01953,55863.20703,54058.53906,51824.98047,38427.90234,40253.80469,37470.66016,37611.64844,36936.42969,37216.37109,34010.94922,39238.67188,36844.14063,38069.16797,37955.71484,36131.75781,33939.17188,35110.375,34389.28516,34146.99609,33586.5,33977.99609,30429.50781,28555.83789,38437.42188,40606.08203,38907.64063
P18577;Q02161,NA,NA,NA,NA,NA,17456.80273,17538.95117,NA,NA,NA,NA,NA,14107.83789,17429.78711,NA,NA,2629.851563,NA,24373.82422,17618.91797,NA,NA,NA,NA,NA,13799.9502,8928.0625,4132.792969,7240.217285,5874.400879
P19021,4527.060059,3246.848145,3345.53418,4209.844238,2652.260498,2500.406494,3715.17627,3883.361084,5522.272949,3882.587402,3861.196533,2046.34668,5665.715332,5272.734375,3310.117432,5470.758301,4653.76416,6077.900879,3759.609375,5732.40332,4972.535645,5960.695313,4224.255371,3772.532471,4866.447266,4316.392578,2157.047852,5420.333008,7059.666016,4365.052734
P19320,21452.62891,20259.14258,20710.85156,18705.27344,19055.01172,18981.65039,16522.36523,20535.47461,20430.00195,19689.48828,19773.30273,20025.76953,18677.80469,20357.07422,24937.53906,25396.8418,24346.25391,24259.79297,21348.06055,21310.15625,25637.29102,25351.49023,24740.94336,24025.48242,24487.62109,22356.59766,22155.25,20121.23047,20281.01172,18264.49609
P19652,2200192.75,2180136.25,2216248.25,2197981.25,2233318.75,2263054.5,2355333.75,1695217.5,1684459.375,1648122.625,1666352.125,1662307.125,1761554.875,1746004.375,1854293.5,1901632.75,1875496.5,1930088.875,2120877.75,2231723.25,1852535.375,1811303.625,1814000.125,1903488.125,1822795.875,1738101.75,1870736.375,2010715.875,2056939.875,2018870.5
P19823,1406186.25,1394384.5,1386904,1383311.25,1352742.875,1387145.625,1439572.625,1494743.625,1521533.75,1487217.875,1517979.625,1473110.625,1529092,1480128.75,1445917.125,1451686.875,1430468.625,1426904.375,1534396.625,1594224.125,1507967.125,1499536.375,1468667.375,1508285.125,1474915.375,1437166.75,1441338.75,1453236.125,1441126.625,1460445.125
P19827,1688223.75,1695130.875,1694964.5,1653393.875,1655547.625,1622784.125,1593317,1644669,1620096,1597648.625,1638254.25,1566328.75,1561637.125,1531096,1662940.625,1702613.625,1653927.125,1673818.375,1700750.75,1672715.625,1752268.5,1732063,1722514.625,1742951.375,1714510.75,1649488.25,1633974.625,1588277.125,1581724.25,1565750.125
P19875,NA,NA,NA,619.7176514,1814.768188,NA,3372.753662,NA,NA,525.2536621,NA,1529.418091,NA,3075.95752,NA,NA,NA,1877.8479,NA,4468.087402,NA,NA,1699.547241,6220.333008,9687.90918,3608.6875,17648.71484,2046.993286,1665.016479,3101.080322
P19957,NA,NA,NA,NA,NA,NA,1525.344971,NA,NA,NA,NA,3022.346924,NA,6339.590332,NA,NA,NA,1508.160645,NA,NA,NA,NA,NA,NA,770.8575439,NA,4582.23291,NA,NA,NA
P20160,9365.813477,29600.54102,29719.68359,36495.23047,33954.79297,45479,52399.73828,5363.407227,19788.96094,20261.16602,25514.38086,31199.91016,56800.00781,42867.02344,21213.41016,21750.01563,24523.5957,28743.07227,30018.38477,36175.04688,3579.456299,22999.66211,35877.09375,27925.8457,40463.73828,37636.96484,60233.82031,30781.6875,33403.32031,35966.93359
P20742,242284.9063,241848.1094,238400.7031,226432.375,231873.8906,224891.9063,224063.2344,14662.83691,13715.27148,11735.69336,12136.51953,11435.78711,10767.92969,11643.08887,22983.4668,21994.94141,21421.68945,22569.28125,22994.56641,20965.96094,271074.0313,264596.75,256529.7031,258307.7969,257049.2969,246807.2188,240321.3125,148667.5156,149588.75,147122.2656
P20851,242639.875,250056.7344,252114.9063,254679.9688,240741.4844,239196.8281,232715.3281,211120.5,200127.3594,191564.3281,193964.9219,192411,190786.6719,197089.7969,188128.7188,181394.4375,184202.7969,189506.0313,186797.7813,170256.9531,218849.6406,210304.2031,208244.2656,214697.8125,212638,211466.6875,203688.4063,215315.1875,208441,211503.5625
P21333,14852.45508,17625.71289,15816.26367,21775.47852,17493.08984,26847.01953,34978.67578,25657.45703,35825.69922,40902.89063,37193.45703,40774.22656,36595.66797,49824.03125,25067.06445,29085.81445,24475.67578,24584.1543,26903.38086,34313.42188,25746.9375,30070.53906,39185.29688,29753.87695,35362.5625,37638.98047,44569.77344,31007.89453,30709.37109,31073.85547
P21926,1435.742554,1584.351318,2881.233887,6458.64502,2544.095459,3406.245361,4131.350098,5101.910645,9314.463867,10831.68359,7574.147949,8914.356445,3702.732666,8414.600586,4222.796387,5079.694336,3306.628906,294.5204163,NA,NA,2270.074219,10187.99512,15371.60449,11774.47656,12081.27246,8070.999023,11301.03809,2115.696289,2948.165771,1421.211182
P22061,NA,2003.544922,1746.756226,4693.72998,2553.058838,7214.624512,7134.753418,2581.66626,3383.768311,3732.241943,5479.250488,6261.942383,11380.95215,10365.7832,2790.735352,3664.143311,5158.69043,6363.662109,8908.384766,10883.04297,1872.432007,2396.724121,4371.178223,5481.640137,4343.580078,7543.251465,9457.772461,5099.293945,5474.736328,5483.196777
P22105,19350.83984,17662.00977,18237.42188,18642.98828,17035.30078,17671.24414,23374.79492,26759.5,28431.74219,26368.55664,22387.54883,27132.44922,24154.89063,22761.23438,21732.27734,23879.08203,22534.07227,21360.60742,25792.29883,25298.10938,20623.49219,20393.00586,22999.83203,19596.39648,23718.00195,21879.11523,18415.59766,22573.68359,23508.97461,23063.0293
P22352,53291.76953,63066.86328,66308.73438,77161.67188,78815.90625,104413.2813,142994.7188,53821.47656,58067.96094,57039.08984,64759.82813,63336.61719,90377.4375,103983.9063,65580.3125,64100.26953,73149.61719,87196.625,130921.2188,177320.8125,57965.70703,55276.07031,55088.25,61023.37109,61144.67969,76105.41406,92084.75,158199.6875,152408.6563,151105.4688
P22392,1719.415161,2485.986084,3611.864258,5944.72998,1683.506714,11876.45508,13428.66699,236.3273926,4176.501465,5260.524902,7061.26709,7582.710449,14140.02832,14411.93848,6042.471191,4418.150391,6921.214355,7760.894043,15352.22461,15525.33691,2991.878174,2313.617188,6121.051758,4716.401855,6256.970703,7628.001953,10602,7014.467773,6428.035645,4790.911133
P22692,11533.46777,11413.70801,11776.95898,9705.265625,10966.78418,8149.647949,9608.302734,13017.4668,13804.64355,15197.34473,15174.89648,12851.98926,10273.24121,8864.824219,10335.32129,9995.21875,13479.06543,10076.53418,7774.541504,9964.461914,12518.36035,12826.59473,12382.59863,11766.02832,12525.74805,12040.50293,10250.30762,8840.380859,8082.173828,9931.273438
P22736,NA,NA,NA,NA,NA,NA,NA,23202.41797,27298.24219,26372.23633,26565.9043,25784.53125,25646.33789,27693.94336,NA,NA,NA,NA,NA,NA,NA,NA,NA,NA,NA,NA,NA,7127.416504,7555.497559,6751.621094
P22792,419207.2188,412649.9063,425224.9375,407392.375,419431.5938,408915.7813,397237.6875,422492.8125,426816.9063,409349.5,424662.7813,407570.5625,414096.4375,421062,342879.3438,347547.5313,338300.2188,351543.6875,368886.7188,347495.25,491429.1875,481910.0625,466096.0625,473223.2188,478372,456524.9063,471559.9688,399516.5625,430729.9375,432703.75
P22891,41722.22656,41595.88672,38643.09375,30013.13477,33656.51563,31235.37305,19832.87891,52244.74609,45526.21094,46142.92188,42694.09375,42564.94141,35975.84766,28553.51953,28411.44727,28273.35938,27501.67773,24277.72656,18216.39453,11243.42188,34645.51172,29040.24414,31937.68359,28807.67773,29759.18555,21095.33203,15699.45898,23421.44141,18275.125,20044.93555
P23083,323758.6875,285713.3438,336928.1563,302539.8438,301408.9688,297977.0313,339341,507053.1563,492033.7813,503428.9063,518072.7188,492229.2813,521291.3125,516706.4688,480709.625,465825.25,484802.75,462187.75,412463.3438,332983.3125,359862.5,344608.3438,380626.125,334183.3125,385716.5313,366561.0313,348408.6563,333016.875,358068.4063,341421.0625
P23142,231761.125,224784.0938,219947.5938,210894.1406,217358.8125,182776.3594,148222.5625,274834.5625,276029.25,268779.9063,266271.4688,260339.25,226824.0938,220797.5781,252339.8281,241487.6875,233198.4219,232998.8125,178859.2031,128909.1875,239338.0781,240927.7344,230031.6875,228149.3438,234979.2656,206390.75,198712.2656,180855.1719,176355.4375,166029.1563
P23470,10459.68164,12857.49707,8910.40918,9493.351563,9519.572266,9783.657227,9323.367188,15483.24316,15719.39648,15030.02734,15916.33301,14057.54297,10761.66113,14562.01465,13293.97656,13906.44141,13725.25879,11750.26074,11905.68652,13564.18164,12488.17285,13582.29004,8531.166992,10246.83496,11574.56445,10074.9043,9961.951172,11864.70313,13173.50195,12320.91797
P23528,7364.681152,13906.13965,8072.823242,15693.83887,13627.10645,26023.75195,29421.32031,11789.61035,23750.47852,25454.73633,30349.73828,38654.24609,45436.23047,43299.83984,15578.08789,19164.46875,20636.4707,21867.43359,26759.48438,41839.66797,11293.32031,21408.61914,28147.03516,23621.50195,30561.55859,34855.42969,49419.125,21379.30664,21384.16992,23486.15234
P24158,21241.80078,42600.83594,45598.12891,47072.1875,48589.83203,53012.65234,60376.62109,12955.12598,35987.40625,41126.64453,39122.44141,46475.30469,62774.93359,52099.51953,30509.58008,32513.33594,33479.01953,36773.01563,39852.64844,42167.59375,9356.617188,35144.90234,49633.23438,39238.14453,55387.84375,47548.11719,66321.09375,44730.04297,43943.42188,47483.17969
P24592,16807.16211,15865.29883,17078.16602,13805.14258,10948.46582,12435.93945,17216.88672,21184.11914,22490.03906,20434.33789,22138.95898,22330.01758,19933.97852,21729.74609,18517.56641,23256.82617,19090.6543,21319.14063,19158.66797,16099.60352,19670.48828,23101.5,20864.44531,21102.70508,20691.47461,21363.53125,16096.89844,13214.24805,13105.71387,16359.70117
P24593,8196.813477,7239.451172,7393.355469,5663.748047,5839.700684,2464.80249,3912.41333,11440.05273,10212.9707,10922.45313,9884.494141,8761.061523,5983.645996,6142.849609,8191.478027,7817.472168,6498.493652,6982.311523,3884.373047,6323.359375,9342.652344,8892.580078,7472.833496,6081.57959,6653.891113,3282.035889,3602.300781,5972.258789,5666.192871,5778.831543
P25311,1524194.5,1501106.75,1499456.5,1510524.375,1513451.5,1489720.375,1525400.375,1472448.875,1446980.125,1427485.75,1435745.25,1401654.25,1426157.875,1414327.625,1648195.25,1647467.125,1619166.625,1635014.625,1734936.75,1794703.625,1506513.625,1485920.625,1470881.5,1473939.875,1468444.375,1434854.625,1448683.625,1538565,1528318.625,1480565.875
P26038,7258.161133,10110.39258,8877.695313,13411.16602,11176.69629,16118.11621,15242.35742,9968.113281,9666.878906,14944.17188,12491.58301,13405.99902,19284.89648,15436.19922,13460.21973,10371.9043,13072.27734,12353.05859,13936.26855,6580.393066,10867.91406,14468.38574,15016.20313,14149.13574,17868.35547,18646.84766,26950.72852,8829.397461,12653.61816,10507.30371
P26447,5064.080566,5318.759277,8628.631836,22138.72656,11545.36719,31474.58398,41226.6875,8310.672852,11840.89355,12105.80957,17365.53711,21411.64648,51541.70703,47848.6875,12302.74219,10769.45508,18535.86719,22580.92969,42113.57422,56245.26172,8649.226563,8216.624023,11504.00977,15844.74414,17465.57227,30116.41016,39872.89844,23883.38477,21874.05664,24113.55078
P26927,63698.74219,62874.12109,63725.14063,58631.19141,60993.89063,57761.21875,50094.41016,60832.29297,58288.77734,60424.9375,59128.10547,58736.30078,53814.80078,55220.17969,58388.625,56398.26172,55644.70313,55361.76563,46703.91797,43261.49609,59080.63672,58228.71875,56249.96094,58398,57889.80078,55827.65625,54286.21484,52689.20703,53062.44141,52997.03906
P27105,504.7099915,2549.570557,2102.613281,10434.04492,8846.027344,50706.34375,52954.60547,1206.279419,3161.258789,3612.391113,13225.97754,12116.45996,48094.07031,44609.60938,2428.415527,2517.153564,15699.71582,17453.05664,65791.39844,53172.10156,2420.806152,2191.475098,3286.384033,9420.753906,8597.733398,41303.03125,38573.74219,21775.73633,21933.8457,21191.32422
P27169,1688080,1668590.125,1685246.75,1628179.375,1599100.375,1692483.375,1755263.375,1226063,1209284.375,1176780.25,1181584.75,1193650.125,1205274.5,1217092.875,2665080.75,2661880,2675188.25,2671561.25,2888280.75,3107035.25,1328330.375,1246516.625,1238353.25,1211467.375,1244241.625,1200554.875,1228163.125,1731500.625,1779182.375,1806162.125
P27797,9649.785156,11683.31152,6476.807129,11757.01074,11881.13379,16561.75195,15055.61133,13638.71484,9982.06543,13485.80664,14033.15332,15920.32422,12721.17383,19658.47266,12583.33008,17545.62305,12819.87109,13256.77148,19855.08398,19321.75781,13120.45703,10519.61133,10606.54785,9132.171875,14685.49121,16623.48047,15448.40234,11992.41406,14472.1543,17171.9375
P27918,95572.50781,102284.6875,100447.8516,102786.9844,107261.7031,93291.89063,83690.90625,105428.6797,103815.75,103896.6328,103270.2891,103077.3125,94955.97656,98349.95313,96827.14844,96156.33594,100118.4063,100837.4766,87305.21094,73232.52344,88962,90044.72656,90881.85938,86315.88281,87883.99219,89031.58594,88398.22656,88513.69531,87994.98438,84394.33594
P28799,19358.70898,16436.52734,15861.22754,11850.99805,12870.45508,6231.513672,1050.855591,16919.49414,16468.25391,16112.5293,14983.46777,12954.78027,6523.081543,5781.727051,13713.49121,14476.17188,12724.0332,11628.80469,1665.333862,NA,15152.90234,14234.19922,14590.60547,12804.8291,12958.85059,10508.70215,5122.553711,2256.334717,2638.932617,NA
P29320,25266.4668,25151.14063,25086.42578,22237.42969,22613.04883,25851.20313,29414.04297,17819.51172,17343.76367,17017.76563,18237.375,18042.08984,20570.70703,21724.87891,15797.41602,16950.28125,17436.33203,16493.74023,21967.78711,21315.51367,18463.91211,17103.68945,18637.3418,17180.92578,19821.56836,19038.9707,19257.76367,20932.34961,22042.4707,24377.97656
P29401,6640.913086,8992.102539,11538.76953,18523.75781,17279.24805,31772.41602,38253.55469,7165.393555,11881.04395,13331.02148,17232.07422,16294.67773,37176.09375,23051.14258,12739.08496,12194.4502,18749.91406,14314.44922,29878.60547,31981.72266,9939.518555,11741.72461,15157.30371,17760.55273,17689.73438,25989.45508,33891.99609,17506.75781,17262.48633,18556.60352
P29622,217555.7813,208029.9063,211173.375,212271.6406,209986.5156,206648.5625,204580.1875,280286.3125,272966.3438,263923.1875,273725.1875,270734.5938,266037.5313,256359.5781,268111.25,265020.5625,266489,263200.3438,268587.375,261415.2344,261915.5156,256286.4688,249211.6875,256203.7188,249475.8906,233566.1875,237099.9844,242669.8594,247792.2969,248165.4219
P30041,8398.446289,15242.89063,19297.79102,34718.51563,22729.04297,45097.34375,52336.88672,14169.93848,23911.54883,24121.43164,32331.66406,39149.11719,71070.78125,67049.80469,21456.3457,21734.05469,32496.64648,44108.80469,67155.63281,82061.25,15258.87695,17148.87109,25172.81055,30522.22461,29716.12695,47812.05469,57692.6875,37236.41406,40212.17578,37734.49609
P30043,14059.49902,35146.16016,41495.38672,76152.21875,43103.28125,105876.6484,107912.3984,24779.87891,35963.39453,31811.38672,52639.83594,60908.82813,124853.6328,117585.8359,43196.8125,41035.89063,72059.64844,102666.8594,151961.7344,163083.5,32011.01953,23723.63281,36931.55078,57896.80859,46852.90625,99205.34375,106040.6875,75698.86719,73718.71875,75838.64844
P30044,2703.618408,2978.597412,1969.751831,3587.505371,3673.706055,6985.764648,9725.56543,2846.700195,3048.354492,4927.914551,4041.366699,5778.623535,8887.40918,8948.855469,3051.363281,4143.084961,3165.279053,4125.845215,6530.168945,7213.245117,3503.531006,5421.101563,6421.188965,5690.891113,5708.185059,10603.58984,9874.3125,5534.081055,7384.717285,7247.319336
P30086,NA,5030.911621,3816.164063,9558.738281,953.0339355,14815.08105,13706.58984,2676.376221,6941.777344,5891.36377,9115.788086,10257.20508,17201.12109,16819.0332,6789.878418,8220.522461,12149.76855,11394.91699,19476.57813,26774.47266,3518.5354,6010.361328,7465.950195,9335.266602,9198.261719,14726.64746,18047.54492,9967.211914,11351.0459,10852.1875
P30153;P30154,2287.213867,3459.006104,3224.244873,5517.314453,3798.782959,5801.45166,5450.763672,3612.95874,3491.748779,3206.745117,3700.272949,4656.634766,6477.22168,6272.752441,3476.345947,3430.787354,4212.258301,4727.706055,NA,6292.593262,3274.228516,2916.573242,4382.735352,3890.830078,4366.004395,5703.741699,8176.466797,4626.50293,6413.219238,5708.125488
P30740,2860.198486,5824.105957,5759.733887,11597.1377,6378.917969,15777.97363,15633.29102,6482.913574,6612.972168,7767.565918,13917.99512,13084.4248,32774.75391,18521.10547,9271.391602,9404.395508,9088.47168,10208.8418,17413.19531,16831.55078,4204.974121,6163.948242,8959.34668,10503.4541,10968.03027,18752.44727,25991.9668,12002.33301,13787.03027,13122.90039
P31146,NA,2930.594971,4131.676758,4322.130371,NA,12179.70801,9757.580078,2807.747559,4144.844727,4540.296875,6371.819824,5177.828613,13305.40527,9897.235352,370.2137146,393.2455139,4669.872559,392.6354675,6110.405273,3390.338379,2629.516846,4321.666992,6228.987305,7536.375488,5717.175293,7559.678223,11401.5625,4470.121582,4982.478027,9126.057617
P31946,12907.45703,11989.71191,15540.58008,17154.29688,14144.24902,23332.36133,24756.47461,15173.35254,17481.89063,21173.52734,19520.33984,22091.18945,28193.62891,31896.48438,17494.29883,17236.42188,17042.41797,16535.94922,24763.80859,28881.9707,12338.96094,17535.66992,21762.47656,16367.57031,20522.92383,22485.41797,31731.98828,21432.21875,19260.46875,21510.24609
P31949,NA,937.5597534,923.0944824,2861.019531,1839.711426,5374.314453,8699.65332,354.6246948,NA,NA,1904.86731,1118.141357,7691.475098,5805.274414,NA,1085.040405,NA,NA,NA,11182.13086,NA,NA,NA,782.2040405,1541.893921,3129.071777,5296.49707,NA,4963.851563,5242.603027
P32119,26544.7168,57708.91406,67965.47656,129963.6328,86235.24219,160635.1094,185915.1719,46212.54688,60424.60547,60551.57422,84607.07813,107241.2266,197507.4844,188599.0938,67157.00781,69566.28125,113038.3672,142214.125,244394.2813,276613.875,52353.90625,40204.32813,60964.08203,89426.8125,74918.95313,146967.375,173924.7031,115001.1328,118208.2891,123549.5078
P33151,43185.44141,47078.70313,43887.76953,48839.625,42987.97656,46690.96094,46897.375,60782.14063,61628.60156,57885.88281,58385.98438,53788.87891,64092.74609,60327.46094,59662.77344,60118.91406,62815.98047,63485.98438,66681.10156,67961.07813,64080.32031,63048.34766,63268.19922,66523.70313,62732.37109,63455.98438,63188.14844,58270.38672,62636.40234,59199.71875
P33908,20727.56445,15833.18848,17582.45508,15613.54492,17623.58984,14910.84473,16750.375,15463.69629,16579.01758,18880.17188,14452.18164,15381.87793,12069.17676,10022.53613,15751.50293,16451.71875,14622.46094,13730.12012,11300.16504,15658.96484,15550.88184,16747.70313,18114.75,16954.99414,15196.17383,11031.86621,13459.7207,12770.79688,12593.16504,18422.30273
P35443,5298.769531,4577.580078,4874.070313,3790.268799,4104.974121,4063.445557,4305.769043,9429.891602,10076.60254,9566.719727,9901.549805,8614.792969,7982.383789,8520.198242,10689.29199,10732.1377,10556.89258,10401.13965,8495.529297,8595.615234,8124.18457,8072.875977,7701.811035,7800.257813,8446.504883,7795.233398,7670.539063,7528.463867,7212.444336,7159.852051
P35527,12160.50391,35986.15625,14185.17773,5433.334961,468.6812134,14988.93457,60735.74219,48293.82422,36535.61719,11207.53223,12213.7002,9977.875,63296.52344,9419.004883,21027.60156,5219.010742,NA,8718.510742,NA,4896.219727,15970.80664,32390.14453,NA,3316.297119,15662.36328,26773.19141,36727.85156,7557.487305,8294.105469,9088.820313
P35542,867013.0625,864474.375,839157.25,836596.75,848478.5,836673.5625,890898.1875,781657.125,793896.5625,771103.0625,780518.1875,766241.0625,808541.125,762889.125,800620.9375,798663.3125,777603.75,789648.0625,832819.875,892337.375,793496.875,808574,790695.875,793188.6875,788636.9375,777592.125,805054.3125,837324.1875,821051.5,815002.1875
P35579,6459.658203,7219.374023,6361.052246,10015.81836,7053.437012,13957.42578,19674.4707,9809.416992,12669.32129,16851.25195,13285.99121,14917.94727,17694.01953,21408.12695,12180.29297,12474.22363,9354.392578,7506.354004,12969.08789,10434.04492,12980.0791,11890.27246,17324.63281,10575.37598,13155.54395,14944.65723,21541.41406,12924.14453,13221.96094,13614.35547
P35858,534946.9375,511032.3125,528645,500496.0938,530960.375,501597.4375,521615.75,507211.4063,497380.9688,484790.4063,488726.2188,486538.1875,486047.625,488559.2813,419511.9375,410582.5625,403298.4375,408270.6875,412399.9063,438695.3125,469788.1875,456617.25,458374.4688,456219.0313,464738.6563,442982.4688,456999.875,458204.25,456054.25,479068.5938
P35908,17561.29492,25001.0293,1341.895752,3026.120605,NA,7179.850098,29790.58594,39073.58594,24281.58789,15916.26465,8315.990234,3655.449219,27975.75,2777.639404,21301.05078,2449.938965,NA,3608.395752,NA,5156.030273,7313.945313,22333.72656,NA,1360.181274,4824.211914,10566.35156,39412.57813,3352.712891,468.6710205,4083.922607
P36955,282324.5625,283151.8438,279453.0938,265729.9688,269103.125,263625.4375,271350.4063,292457.6563,285774.7813,284307.5625,280593.0625,273985.0625,272265.5625,273148.25,318384.4375,316867.7813,309164.4375,308228.8438,324134.0625,341612.0313,288483.5625,279531.1875,278615.4063,272249.5625,276807.4688,269610.0313,274239.7188,287003.375,282854.75,286800.1875
P36980,48903.44531,41297.99609,44508.21875,40285.86719,34643.30078,34344.26563,39815.83984,39778.19922,41789.89844,38508.03906,36876.21484,39978.39063,35342.32031,37889.78906,82068.52344,79270.73438,72532.75,66373.08594,83385.23438,68195.76563,84861.57031,76691.4375,76624.92969,82082.03125,70097.27344,70236.5625,74374.1875,60545.21484,54399.65625,54559.3125
P37802,14489.41113,35974.60547,24014.75781,46345.52734,38662.63281,59658.54297,59841.89063,31696.24023,60049.42969,60294.625,72996.04688,81424.89844,75831.44531,90893.03906,49352.27344,57210.02734,58431.34766,56762.01563,64718.50391,83086.14844,29361.42188,54933.52734,64198.28516,63274.27734,73260.39844,77634.96875,91091.91406,56901.74609,57259.60547,57110.35547
P37840,433.6947937,3677.213135,3868.202148,11568.43848,5565.84082,21511.04883,24147.52344,3848.044189,4259.648438,3163.302979,4526.685059,6989.700684,21342.81641,20076.08594,3686.625,3299.386475,10853.47949,12619.00586,28453.78516,32221.06641,3678.599609,2458.050049,5850.633301,7900.482422,6767.376953,19316.625,21166.38086,8458.441406,9908.049805,9820.416016
P40197,10886.60938,17250.79102,19264.68945,15195.56055,15816.56836,19129.86328,17921.08008,17407.37695,30465.83008,31496.41602,30692.93359,31810.76172,29152.82031,31571.19727,27614.25977,29314.98438,27894.60742,22039.26953,24178.4082,27412.12109,22172.27734,30299.94727,36006.60938,30146.20117,33157.5625,32262.53711,34501.22266,23524.3125,26939.1582,24782.77539
P40925,NA,NA,NA,9894.09375,6715.343262,15422.01074,16310.29492,NA,NA,4927.245605,7790.708008,11386.27148,18302.63672,18557.74219,6611.624023,5392.651367,8987.208008,12169.14453,20399.60547,22781.0957,NA,3389.820557,5287.440918,5747.009766,5286.265137,9797.137695,16370.08984,10281.04004,8667.691406,9388.310547
P41159,1900.685791,NA,3242.649658,2008.029419,NA,NA,NA,NA,NA,NA,NA,NA,NA,NA,3681.447998,3625.213867,3002.278076,3986.94043,NA,NA,11238.26855,9909.493164,8208.760742,7958.444824,8222.371094,6716.268066,6221.587891,2667.913818,NA,4177.939453
P41222,57509.65625,58191.75391,55518.33203,53532.01563,55011.29297,52882.80859,51430.63281,67360.25,66701.42969,65034.17188,65552.89063,65409.82813,63407.60547,63249.15625,60849.89063,59418.67188,60714.37891,59215.80078,58418.72656,58382.45313,61996.14453,59576.91797,59406.23438,57893.24609,58644.78906,56747.21094,56833.80078,58042.52734,58135.21094,58661.83984
P42830,NA,493.2758789,NA,1475.654175,2490.918457,11255.44922,11335.94043,NA,NA,NA,NA,2272.746582,NA,13331.38477,NA,NA,1062.50769,3511.320068,3812.145508,16569.57813,NA,NA,NA,20987.65625,14931.14453,43758.60547,51112.17188,8124.644043,10102.43164,7897.643066
P43121,6907.253418,4773.191895,7980.32959,5043.426758,5391.718262,6951.564941,NA,10774.23926,9940.301758,11570.17285,9431.265625,9040.792969,13473.13672,11600.92969,13090.5127,10554.93945,7142.302734,10448.74805,9930.769531,14070.48926,6245.116211,8221.78418,7265.48877,16296.19043,8340.719727,6504.505371,7149.460938,6567.872559,9679.254883,11839.63574
P43251,109230.8438,107030.7969,103932.9688,108625.0625,109715.8047,106287.1328,101740.7344,134365.4063,134365.2031,134927.8281,136675.8906,128246.1484,125555.8594,122816.2109,132375.4375,137470.4375,127060.9531,129862.3828,118714.1875,94482.79688,131503.4375,127067.0156,122143.4375,129076.1797,127231.8594,117772.4063,116106.5547,116394.9531,123768.0391,122776.0625
P43652,831188.375,787590.0625,791943.375,780230,801899.5625,714463.3125,606878.375,946322.6875,934197.5,932916.5,923349.4375,900271.125,847927.875,826756.875,786818.4375,800818.875,775139.125,769916.75,615182.875,517219.1563,951203.625,948705.8125,937202.0625,934007.9375,933433.1875,892902.75,876320.875,694518.25,673921.625,686435.4375
P48059,3166.203125,3869.202148,730.6239624,3269.860352,2741.12915,1659.982178,NA,5732.453613,5158.474609,8763.305664,3981.605225,5250.422852,1266.135986,3012.971924,5462.124023,5084.080566,2810.023682,2230.168945,NA,NA,5754.052246,8525.144531,11793.42285,3638.251953,7139.982422,3902.616455,3479.702148,34.63194656,1604.21814,3742.837402
P48740,40486.35938,39062.97266,44131.66016,40221.21875,40506.24219,35279.79297,35665.80859,56309.28516,56860.98438,58024.33984,55500.17578,53783.57031,54474.29688,54713.83594,45789.17188,45726.29688,45672.37109,50417.47266,44359.37109,39367.39453,37445.57031,34523.10938,34262.82031,33247.19141,33432.87109,33059.17578,30592.50586,43108.08594,44125.35547,41493.99609
P49454,610789.8125,622094.25,608215.4375,585825.1875,585194.5,423240.4688,360585.9375,647977.875,713803,678915.5,649727.5,629935.0625,471677.4063,422611.2188,686464.375,683197.25,606367.125,604775.375,425697.5313,365141.75,571407.4375,603171,598319.6875,594529.125,594629.4375,419463.0938,401115.0625,476957.3438,480524.25,467019.0313
P49747,27573.18359,25730.75391,24598.62695,24204.63477,24269.27344,22563.30078,21465.46484,27080.74414,26477.3418,27576.92578,26869.72461,27455.87891,24242.69727,24895.05273,43136.91016,42147.05469,43259.05469,40939.48828,41566.03516,37135.45313,30609.87695,30538.43945,31229.10352,28571.19141,29333.98438,28904.31641,27255.68555,25458.13867,28221.35352,27447.95117
P49908,141527.7969,142582.9531,134861.2188,130902.0156,141236.7656,126946.7734,116570.4688,151427.375,142537.3906,146687.5156,145277,137371.5,122416.1172,122095.2656,144087.8594,146263.3438,139501.7188,133892.8438,124779.375,120987.5781,139340.7344,132468.875,137824.5469,140055.3125,133180.3594,127559.2969,120090.4688,128987.1406,124952.2969,120599.3203
P49913,33809.71094,38558.03125,40833.625,38661.78516,41321.24219,39404.76563,44307.37109,38742.60547,41673.45313,44610.05078,38479.78906,45909.17969,45578.82422,49099.08984,29005.36719,33615.63672,30987.50391,34978.63281,32090.65039,37852.11719,11254.50586,21031.82813,26419.96094,20877.68555,28277.42188,21646.43359,30901.86328,31680.87305,34402.85156,30592.12305
P50395,2478.859863,5421.334473,5205.141602,12917.3457,7608.955566,29076.74609,31012.12109,4706.229492,8536.4375,7875.02002,9890.464844,11035.20898,34001.11328,31533.34961,7395.327148,7944.109375,11518.03027,13726.46094,37247.875,37266.08594,5860.700684,6553.027344,9037.103516,11186.27148,10254.0127,27004.30273,27698.17188,17481.26367,14534.93457,17742.48828
P51149,NA,2670.109131,NA,3768.506104,3113.10498,6930.873047,5590.237793,2906.606201,5698.291504,6897.605957,6823.413086,5723.723145,9576.672852,11129.30273,8308.299805,7146.884766,5583.608887,7195.280273,10301.43945,NA,3816.22876,4547.741699,6061.937012,9246.766602,8919.285156,9756.224609,12690.04883,6937.615723,4255.819336,7471.065918
P51797,60674.12109,55629.48828,57468.19922,53111.5625,55431.62891,60497.03906,62342.84375,81082.05469,87829.07031,75795.45313,77531.47656,73766.82031,87295.30469,86291.17188,34931.67578,31613.64063,27092.8457,33969.14844,34550.66016,37557.01953,67236.89063,57255.27344,60715.84766,61326.89453,58604.21094,60180.62109,63806.47656,64903.83203,63434.07813,63624.46094
P51884,191149.3594,195258.9531,195498.2969,186259.625,191418.625,193275.0625,199384,240746.0313,242609.9063,240065.4063,241218.8594,233877.7656,246079.4531,243437.5,247074.3594,251946.8438,242780.9375,244585.125,265905.5625,272336.5938,207986.8125,202290.9688,203830.7969,204371.375,200932.0156,204546.5938,208807.6875,227561.25,231876.125,224881.7656
P52209,3138.983887,3652.773682,5061.736328,12331.27344,7656.227051,19299.82227,22837.3457,5150.404297,5200.639648,6924.674805,12680.75195,11650.79199,31552.19531,21808.66602,4724.78125,5524.445313,11444.82031,11985.78027,22998.4707,20995.83594,5106.79541,5611.602051,10644.65625,10027.38965,11091.88867,19645.7168,24924.38477,16697.61328,14858.44629,13012.22754
P52566,8828.912109,11186.26465,13631.80664,18903.59961,16063.72266,26213.87305,26179.58789,12198.5293,17565.91211,19497.49219,22271.0957,22116.17578,34910.08203,28051.9668,17892.00977,17583.70703,19526.30469,18853.98242,19796.61523,25624.99414,11404.42676,16671.16992,22590.46875,19189.49414,23966.37109,26152.52344,30135.40039,15961.16406,20147.76367,20737.89844
P54108,23905.40234,55548.375,51353.74219,30104.08008,50411.625,60735.70703,62310.50781,45889.08984,106990.8984,74517.44531,62817.80859,72009.59375,75639.82813,91581.17969,32991.01172,47633.16016,55204.51563,36572.89063,76439.625,68467.75781,34018.80078,21762.3418,43163.28906,42208.94922,55993.49609,28282.16211,28671.40625,56190.11328,50152.04688,80603.46094
P54802,2423.645264,1712.160767,NA,1501.776367,871.7984619,1357.491333,NA,1922.994507,2063.496338,2687.465088,4156.555176,3084.468994,2948.466309,1492.354004,6546.845703,5504.84375,5655.259766,6344.825195,6925.695313,3366.395264,3125.677979,3044.198486,3492.069092,3586.961914,4113.924316,3122.861328,2980.245605,2339.322266,3578.203857,3967.322998
P54920,NA,NA,NA,NA,NA,6349.629395,2581.949707,NA,NA,682.0683594,NA,NA,4523.128906,1870.851685,NA,NA,NA,2056.792236,2290.323975,NA,NA,NA,NA,NA,NA,1887.679077,2028.266479,NA,NA,16.22646332
P55056,77996.96875,77544.07031,76664.15625,78520.77344,73169.02344,78302.98438,76982.80469,75556.53125,73214.1875,73688.64844,74322.38281,73790.97656,71083.78125,67555.85938,51215.01563,54035.46484,56012.16406,57142.23047,59038.14453,61791.17578,55259.58594,56486.87891,54185.12109,53869.33984,55387.01172,50057.93359,50777.01953,66633.76563,68981.20313,69447.54688
P55058,47013.26172,49350.21484,47062.21875,46246.87109,46806.625,44216.19141,43137.0625,71198.19531,66320.75781,66797.00781,63538.27344,65055.11328,57860.72656,62432.9375,68354.07813,74177.19531,72080.54688,71016.79688,62363.33203,67900.14844,57487.80469,52179.44922,53542.5,54733.98438,53159.54688,52951.74609,49619.80469,56300.92188,55288.32813,52427.77734
P55072,7758.536133,19890.00781,15637.35254,44969.10938,46104.90625,184169.3125,191444.5625,16654.10938,20651.51758,29738.64258,50791.14844,59677.88672,213419.9375,224681.4844,23547.50781,31233.38086,70006.07813,67926.28906,240563.3438,233272.3125,20140.46094,31292.01172,32876.5,40413.29297,47154.38281,193732,187710.9063,88798.53125,87341.21875,82936.99219
P55103,4445.401367,5367.010254,4155.385254,4104.942383,3864.116943,2360.42627,2733.581055,5045.463867,5246.399902,4178.539063,4437.581543,4122.229004,4221.58252,3251.812012,4117.675293,2923.132324,3493.624268,2080.681641,1317.436157,1067.481812,6388.249023,4107.376953,4502.15918,4617.157715,4537.654297,3209.8125,2583.092773,3042.91333,2690.768799,2531.269043
P55290,11445.34863,11098.55078,8724.148438,9860.379883,8326.321289,10515.33984,6563.523926,17500.07031,15313.21094,16709.3457,17325.61133,15861.51367,14793.9209,14620.96484,20489.99414,19799.92578,20919.31641,18046.73242,13608.34375,14235.4082,15411.31543,12527.08203,12099.76074,11635.23145,12579.2334,14093.14648,14266.13281,10902.38086,15682.1543,10317.72754
P58546,5683.492676,12035.75586,15180.32715,14812.47949,14169.11621,20464.33203,17839.66797,10401.07715,21814.95508,21834.91602,21995.08984,24581.94336,27456.83984,27567.4082,21640.08398,22154.76758,20753.1582,20645.89258,22264.99805,30150.98047,11711.05469,17886.4375,25811.82617,20997.03711,22096.24023,23164.82031,28896.86914,18830.75,21818.16211,21194.79492
P59665;P59666,64646.125,139418.9688,157832.7813,174420.5781,180919.3906,219952.8906,223178.4531,59684.60156,108048.625,120849.9219,149293.1875,149126.1406,284177.1875,193122.4531,130255.9922,146909.0938,149187.0625,154611.4844,159275.375,104332.8984,50004.17188,133474.9688,196629.0781,169660.3281,227422.9844,235404.3594,306177.3438,153829.3125,167836.2031,171994.6563
P60174,3757.331055,6636.416504,8600.387695,14705.29883,12656.45996,23795.75391,28277.54688,6367.225586,12457.53711,15221.92188,21659.5625,23889.25586,36985.46875,36416.375,13918.18359,12448.37207,19388.17773,22527.52539,34602.89844,38287.73828,6834.399414,10108.70215,17445.98633,18715.31641,22074.62109,26843.39844,34755.27734,21023.26367,22217.50781,18864.70898
P60660,11724.04688,9176.28418,9569.810547,15762.21191,14384.25586,22588.58789,26461.09961,16569.56445,14486.64648,22124.36133,18982.76758,22531.80078,32358.99805,35154.4375,16789.17969,15472.31641,17294.90039,12320.3877,22654.83984,29850.73828,19143.08594,14303.0332,20869.29883,15084.19336,20510.44922,29342.6543,33902.32031,20997.08594,20794.52734,20873.76953
P60709;P63261,219955.4844,222974.875,230235.75,311813.375,230750,347079.0313,475812.0938,340773.5938,361817.7188,421973.5625,356384.9688,385829.875,468032.6875,499052.125,334531.7813,358334.625,309710.2813,284432.0938,384781.4063,444012.9688,335869.5625,354973.125,469898.9063,327727.5,387313.5313,388758.9375,508749.7813,386034.8125,388985.1875,395744.3438
P60763;P63000,43844.94141,57467.85156,54208.50781,80588.33594,75027.11719,107872.8594,106763.2891,48789.85547,40403.17188,56723.40234,62050.3125,68159.28906,106996.2422,93388.77344,39723.15625,46156.60156,52853.62109,61521.72266,93108.96094,79931.53906,37415.77734,45289.50781,54052.01563,57961.63672,60017.20703,84260.53906,91711.94531,70083.27344,63558.65234,70498.14063
P60953,2510.495117,2439.752686,3692.078857,8539.108398,6850.313965,20228.5918,21874.24414,4133.686523,5489.384766,5642.538086,6971.349121,6765.509277,21456.65234,19967.22656,7041.73877,5218.911133,6278.120605,6905.526367,23731.70703,18830.48633,2854.857666,3897.002441,6993.904785,5914.621094,6340.634766,14104.16406,16193.66406,9543.970703,9196.821289,9172.383789
P60985,39107.13672,38440.33203,35139.74219,27715.55273,36215.85156,32810.83984,36327.30859,40989.32031,47687.30469,47567.26563,49406.37891,42745.21094,50973.66406,42882.94531,31202.36328,39084.30469,38736.37109,36468.69141,36519.09375,35984.76563,25448.90234,28540.16016,25708.1875,27945.6582,29262.48633,25769.42969,25580.25195,39908.70703,35842.67578,40348.78516
P61088,NA,NA,NA,3313.816895,NA,4836.604004,6843.449707,NA,NA,2726.001709,2361.324951,3257.259277,7058.65332,5057.37793,1496.861328,1567.380249,2826.516846,4548.875,6210.830566,8764.791016,NA,643.1591187,3184.264648,2516.601807,2950.141113,5130.918457,5436.583008,3897.681641,3967.630859,3090.413818
P61204;P84077,2078.171875,4880.249512,4603.709961,11345.76953,10430.86133,24071.14453,23918.95898,7099.347168,7284.228027,10051.12988,12419.69141,14767.45801,25826.9043,27205.60742,6212.887207,NA,13791.33789,10267.03125,24716.125,25519.05859,3259.750977,8836.771484,9501.331055,11512.54492,11364.2041,20035.56641,20806.41602,14986.09375,15369.08008,15447.44727
P61224,9727.445313,13474.72559,14773.46094,17932.80859,15841.12793,28303.83008,36516.45313,17955.09961,27890.59961,32270.9043,27376.45508,30813.10742,32564.35352,40582.42188,23050.86523,28709.24414,23612.64844,26378.00391,32549.08984,36224.97656,19716.89453,30863.47852,40002.43359,26358.59766,33564.02344,33516.51953,40067.65625,28101.50781,30899.99414,27998.14648
P61586,NA,1458.631592,NA,4286.624512,2908.342773,9856.179688,16537.22461,1974.199585,3608.198242,5801.450684,4167.679688,5916.590332,16186.95703,15485.94238,2805.772461,3745.998535,4786.887207,5219.500488,10789.23047,9155.706055,3410.341797,5739.552246,8936.135742,4548.068359,9751.541016,12580.80273,15046.0332,5827.004883,5895.395508,4896.527832
P61626,139140.1875,161466.5625,169484.6719,156987.25,174063.2813,160932.8125,174630.8906,136267.9063,165076.6563,180589.3906,165785.7656,186405.625,186702.5469,198566.6563,141609.0938,153870.5625,143672.7344,149915.4063,142970.7656,158112.1719,116016.1563,140918.4063,168788.0469,151602.5469,180278.1563,161667.4063,187716.8906,157275.5,156099.3594,152805.125
P61769,67920.91406,72452.40625,72221.42188,60946.45703,66604.00781,65343.38672,56736.42188,68707.64844,72520.1875,73288.32813,74558.05469,76237.77344,78427.82813,73062.13281,73819.36719,74291.03906,71712.57813,67940.33594,66351.21094,47094.79297,69546.64844,68819.03906,78903.58594,81432.89063,81942.04688,78692.49219,74139.22656,63234.00781,67015.22656,62030.4375
P61916,4004.901855,4587.070801,4762.334961,5612.128418,5462.890137,5489.70459,NA,5261.612305,6565.056641,5956.228516,5878.325684,4852.191406,6419.576172,6134.620605,8047.267578,7671.845703,7773.539551,8634.773438,6029.646484,NA,8438.599609,7519.455078,9671.698242,5349.98291,7620.80957,9726.266602,8059.526855,6587.092773,4153.770996,5355.046875
P61970,NA,2431.771729,2815.137207,3777.659668,1331.618774,6047.734375,11621.1416,NA,NA,3012.008301,8460.356445,10969.6123,10940.04492,17625.64258,13.37370872,5313.35791,8394.927734,13862.07813,20217.49219,29812.71484,2704.746826,1618.391846,3043.763428,10439.01563,9148.889648,15027.36914,19068.05078,4776.148438,11221.29492,4827.816895
P62258,2173.858887,2029.139526,804.1091309,6343.751953,303.2144165,8460.94043,6645.019531,2824.37085,4552.478516,4268.326172,2103.394531,6289.992676,8192.371094,7257.446289,3715.774414,6423.20459,8086.336914,6723.184082,10888.06934,9443.102539,3865.83252,4549.006836,7028.674316,4764.104492,6013.787598,5632.939941,7342.117188,6795.918945,8260.945313,5967.64502
P62328,8881.436523,15771.45117,14973.02539,19331.375,16817.55469,23986.03516,28453.6875,16166.30957,24025.9668,30524.1543,31480.27148,32287.68555,35892.38281,40423.57422,23149.02148,25290.41602,24367.36523,23284.99805,28545.06055,41918.96875,13224.60645,30210.89648,35121.63672,30203.4668,34732.3125,35063.05859,44244.64453,26666.86719,26815.91211,26760.71875
P62736;P63267,11988.6416,14282.32031,13865.9707,17573.70313,13348.35059,18724.70508,27407.45117,18933.52734,20756.39648,23186.23047,20428.00977,21124.46875,23498.64453,24214.48047,18098.5957,20173.17969,17057.2793,17077.66406,19335.91016,19643.61133,16679.26172,20942.70703,24839.57617,18718.23047,20923.1543,18285.17383,22561.43945,21909.91602,22141.41016,21368.9668
P62805,7724.787109,12583.77539,12001.74902,50353.94922,33544.30859,90717.38281,120897.3594,11155.06348,18728.39453,15557.75391,41120.625,34746.83594,103192.8438,77565.07031,14122.65527,6574.980957,40776.74219,26878.33789,80380.96875,84346.89844,9543.336914,8872.010742,13002.33594,39965.25781,37069.375,71006.875,113745.8281,50292.55078,53612.99219,49248.32813
P62820;Q92928;Q9H0U4,4151.140137,7234.947266,4414.34082,11256.25,5450.625977,10866.25684,14460.53906,8499.691406,7891.742676,10924.39941,8657.725586,11804.06152,17691.08984,17763.75195,7555.490234,8749.276367,9052.915039,9577.573242,13122.5293,29918.41016,6287.269043,5998.894531,13154.29785,9269.064453,13100.92285,19142.23828,14047.99609,8884.623047,12320.13965,8200.974609
P62937,11999.77148,19085.39844,22094.52148,39668.07813,26752.67383,46292.16016,52784.15234,19078.97656,32315.72852,39725.03125,50965.09766,51483.78125,65867.38281,67272.96094,32487.83789,34786.80859,38896.58594,45870.47656,52685.69922,55083.23828,18655.10156,30988.64844,40962.8125,40399.51172,45745.06641,55656.79297,73148.34375,38681.34766,40109.20313,40383.46094
P62942,NA,6830.616699,6463.568848,12667.09961,13763.77148,18120.26563,17662.24805,7744.762695,18432.26758,18518.62305,17794.94141,21184.94336,32160.58008,28337.70117,12994.33789,13439.62598,18662.54688,15457.55469,24051.61719,22048.14453,7860.003418,10137.0791,17685.65039,15140.95801,19330.16992,25594.35938,29877.38477,NA,18964.31055,12084.9082
P63104,6869.016113,7949.541992,11957.10352,14281.76953,9464.216797,17131.74805,20945.45703,14614.59961,16888.9043,21000.68164,18608.92969,19960.57031,22120.30469,25738.4043,15293.25586,18398.55273,16326.73828,15916.11914,20529.06055,17435.73633,14714.77734,18980.15625,24598.17969,16866.6875,21796.02734,20458.29102,27478.35742,18243.99609,17821.02148,17918.6582
P67936,7312.190918,13162.58789,11231.67773,22995.28711,15180.9502,35103.58203,35756.26172,15423.98535,24225.93555,24688.58594,37652.60938,39246.95703,44918.14844,53620.48438,19396.20898,21082.43945,30926.26953,25280.73633,41787.35156,49887.76563,14748.8623,22367.50391,27280.36133,32433.56055,35599.94141,44713.4375,53001.21094,32347.30664,31406.15625,30453.95313
P68363,7599.510742,8992.415039,4314.761719,7975.165039,4923.578125,5834.248535,9117.21582,15394.46484,13137.49414,9333.194336,7518.436035,8243.453125,7683.829102,9011.107422,8279.063477,12229.97168,8538.859375,8374.827148,6672.657227,10970.17383,12799.49023,9000.061523,9135.80957,7923.34082,9951.046875,8268.474609,9172.816406,9896.454102,8231.785156,11699.02734
P68366,15373.84473,13322.3623,14642.80469,15926.09375,12334.66992,15354.52246,19152.91016,21670.94336,21169.41016,24907.57617,18694.37891,20532.56836,21564.01172,23835.51953,23031.88281,24140.35742,15032.75684,17464.70898,18403.17188,23266.06641,26179.79297,21371.35352,31062.98438,21757.38086,24716.78711,22842.50391,25000.15234,21536.6543,21585.16797,23944.5625
P68402,NA,NA,NA,2514.846924,1382.977173,2550.309082,5235.753418,NA,820.0606689,1702.001465,2077.086182,2501.911621,4934.770508,4899.097656,2274.798584,2198.662109,3136.139893,4831.230469,6875.026367,7918.116211,NA,1424.748901,2500.477051,2961.714355,2834.61499,3740.648193,NA,2842.008057,3099.276367,3383.96875
P68431;P84243;Q16695;Q71DI3,899.4299316,1172.574707,NA,13075.57422,7882.464355,26926.01563,38498.36719,NA,3801.267822,1574.232056,7793.150391,9630.668945,33550.26172,27168.85156,2769.874512,NA,9591.498047,5850.244141,27311.21289,28212.76758,NA,1201.362305,1887.046143,9768.342773,8191.02002,21942.77734,37772.64844,14285.62598,13593.33594,14440.24902
P68871,2819786,6365437.5,7747481,15931132,9983786,21396222,25412972,4515313,7094700.5,6342512,9827986,12319687,26272362,23718428,7403923,7822231,13295929,17846594,32335010,36449968,5019029.5,3918406.75,6228988.5,10264994,7823784,16505220,18096042,15474300,15374431,15265241
P69891,61.46876526,7891.042969,16710.48242,45140.53516,20755.54492,59408.24219,83757.84375,41634.16016,63657.03906,62623.09766,106384.3047,156852.75,305107.6875,277311.7188,33226.24219,45663.69141,97888.07813,123117.7656,251020.7031,300873.5,484.2056885,5443.220703,1013.831543,6882.878418,20676.49219,30235.12305,36708.58984,103484.6875,102156.4219,104361.7188
P69892,NA,449.7649231,490.7471313,1192.659302,555.6445313,9363.817383,17378.18359,11149.68164,24630.73242,14129.41895,20377.48828,52254.24219,120862.8906,91437.32031,12901.5332,18071.46289,32960.86719,37215.69531,101568.7031,115246.3984,NA,NA,NA,NA,378.0287781,946.1185913,7449.513672,27413.51367,29194.875,38896.55078
P69905,2403758.75,5042757,6145580.5,11793394,7826340.5,15397061,17977246,3876676.5,5579392,4968832.5,7628161.5,9588032,18531386,17249880,5984135,5955359.5,10021249,13841119,22111902,25956026,4083516,3149657.75,4924721.5,7930415.5,6108453.5,13094683,15371042,10938504,10974356,10678599
P78417,5532.171387,8783.44043,10697.51563,12938.2959,10930.81641,17343.84766,19308.8418,5231.438477,6182.686523,9525.567383,9442.912109,11991.65527,16833.13281,14522.09375,12059.66699,13879.55273,16269.13184,17297.45313,26422.80469,29372.76563,9068.855469,8538.951172,14399.46875,13960.56934,12545.4209,16848.79883,21283.31055,10653.97461,14266.10254,13144.28516
P78556,NA,NA,NA,NA,NA,NA,NA,NA,NA,NA,NA,NA,NA,3971.142578,NA,NA,NA,NA,NA,NA,NA,NA,NA,4177.147461,7579.123047,4411.103027,7748.557129,NA,NA,NA
P80108,142162.5313,151068.9063,152417.5781,148503.4531,149115.7344,145646.5156,152986.5313,172579.1719,174109.4375,172075.3906,173612.5938,173030.9531,166879.3906,171514.7813,215565.7813,213054.3906,212502.5313,214169.3125,224114.6875,223977.9219,191207.9375,197380.6563,190438.2031,192372.5313,189584.5156,181463.5156,188524.2344,186822.5,191232.6406,191280.5781
P80188,9808.211914,20571.03516,26372.25195,20316.9082,25966.58984,23865.78906,27823.75781,10579.91504,13969.14258,26902.50195,18480.24414,27534.1875,26908.13086,31181.08789,19871.63477,23538.22266,19737.93359,27472.20117,18787.5,36396.23438,8167.315918,20647.30664,32637.23047,23422.79883,33266.82031,25338.54688,39371.33203,21442.07031,22189.80273,23258.83203
P80748,1360295.875,1308807.875,1391846.5,1336248,1387136.875,1258776.125,1184731.625,2182614,2143988.75,2150674.5,2186508.5,2097574.25,1957149.375,2012520.625,1645352.625,1598573.375,1650797,1731532.125,1466837.875,1612468.375,1335721.25,1420111,1301869.75,1311172.25,1381925.375,1185520.875,1249249.875,1634298.375,1469533.5,1477901.125
P98160,19089.70508,19066.68555,19008.41797,19412.60938,18092.66992,16556.50586,12617.5498,24569.31641,23569.69336,23342.99219,24573.74805,23022.39453,23566.82422,22800.30273,26176.74414,23334.42578,23829.45703,24455.64453,20497.79102,16999.21875,18118.17383,18683.48828,18156.68359,17729.55469,18069.17188,17255.90039,16041.9834,16366.31055,20249.5,17955.73828
Q01459,7240.92334,14465.70605,10050.91504,11112.67676,9428.960938,1412.459717,1518.761719,7893.394043,1737.811157,13463.08008,8239.499023,16995.81641,3231.174072,2910.992432,11432.61035,3884.259766,8558.829102,7482.046387,2048.136963,NA,5760.990723,5895.244629,5038.517578,11420.0127,6180.243164,5200.526855,4458.464355,8923.486328,5613.074707,5039.277344
Q01518,8669.014648,14838.9834,17525.94727,27171.42773,22050.55859,37751.55469,44704.17578,14853.09863,32071.67578,37522.19141,43673.61719,46169.21875,55529.53516,54496.76563,29309.49219,34147.02734,30935.71289,31623.39648,42671,52330.25,15107.41504,32204.59961,43660.61719,35503.77734,39991.91406,46912.21875,59635.67188,35047.99219,36266.23047,34665.38281
Q02094,NA,NA,NA,1455.946777,NA,19111.82422,17843.11133,NA,NA,NA,NA,NA,20336.7832,16686.99023,NA,NA,NA,2303.019531,24467.56055,14956.95898,NA,NA,NA,NA,NA,15638.22656,9658.234375,7095.730957,5491.112793,7819.128906
Q02985,781615.4375,834083.5,795716.25,774611.625,824077.5625,722746.75,651698.0625,516656.6875,565353.5625,532595.0625,521580.9375,505838,478007.1875,515042.7188,821185.1875,883914,821074.4375,782795.9375,611892.6875,584370.625,716698.625,713188.6875,726283.25,698108.5,645702.6875,687289.6875,668806.8125,614147.25,654574.875,594419.9375
Q03591,1032301.75,1013260.438,998900.875,963269.5,959695.1875,915365.8125,769167.375,1010544.938,998493.6875,974160.375,934906,950085.75,896895.9375,915100.4375,1081579.5,1095028.625,1056368.875,1015450.875,890860.75,716790.75,878287,802221.75,839637.125,665303.8125,720648.1875,664190.3125,685959.75,864419.4375,849317.1875,840080.6875
Q04756,91689.875,85271.11719,87728.33594,80270.57031,89777.17969,82379.71875,64968.11328,133053.8438,127320.9531,126656.4609,126357.7188,121777.8281,111864.2031,113607.1328,113789.2891,111322.8828,112905.3438,114320.6406,89299.72656,80831.625,133874.3438,129689.3672,128923.1875,125753.9219,126813.9219,125503.4531,114831.6484,95005.52344,91716.28125,89417.51563
Q06033,273741.2813,270362,270454.4375,269141.25,265550.9688,264782.0625,273616.5313,279192.9688,274781.75,269272.9688,274845.1563,261602.5625,271562.1563,271276.875,226786.9219,227310.75,223062,222089.9219,239863.7813,251414.0469,325821.1875,323602.0625,318534.0938,317971,314070.4688,304755.6563,311720.0625,270998.4688,275812.9375,272464.5625
Q06830,28385.52734,81482.02344,42178.30859,115862.2891,72221.50781,176647.8906,189824.8281,49292.40625,70520.51563,69066.42969,96889.3125,133094.2344,254843.3906,223385.0781,71403.67969,72380.23438,135909.1875,166465.0938,280769.75,295342.5,51906.96094,41892.32813,94996.13281,102473.5391,103240.4453,200972.5625,226464.0625,150053.4219,138442.5781,135772.1406
Q07507,7410.923828,5389.55127,7021.746582,4611.61084,6223.599609,6431.601563,3108.043701,9129.039063,6833.80957,9071.598633,5984.555664,7141.203125,NA,5503.048828,10197.22461,7829.375488,9228.460938,9035.31543,3826.245361,NA,11080.44336,8857.412109,7812.195801,6015.740234,6563.383789,6987.723145,6595.32373,6846.463867,6084.294922,4787.23291
Q08380,49349.00781,48154.24609,48216.43359,46900.77734,49460.82031,46185.14063,44105.07422,95955.10156,96289.53125,99155.42188,99269.9375,95524.22656,94292.70313,96865.15625,66491.82031,65983.82031,64564.10156,64547.28125,61703.03516,67137.23438,179464.9375,173545.0156,170832.0156,172420.0156,173876.6406,180137.1094,175580.1719,99001.01563,96521.19531,97516.97656
Q08830,9990.936523,9307.776367,8247.098633,7611.765137,7944.941406,5540.552246,8114.35791,12953.71191,11306.6377,12018.78516,12091.37891,11707.76172,9776.896484,10568.5752,2827.713867,NA,2265.686279,2923.875977,NA,NA,3641.765869,4491.907227,5410.0625,5486.817383,4676.890625,3932.546143,2813.450195,7338.888184,5108.300293,5668.380859
Q10588,5643.620605,NA,4519.257813,9030.611328,6746.812988,5317.342773,8602.717773,11446.12305,11033.71973,13378.70605,11938.82324,11682.79688,13354.37891,13127.25098,15044.80762,14431.27734,13754.46973,10276.23828,12310.38086,9625.458984,9546.625977,8970.542969,10850.6582,13003.65527,13550.48633,11566.0498,7547.594727,7185.651367,11769.08203,9993.268555
Q12805,54418.30859,53968.13672,52656.16406,43909.82422,47006.07813,32239.52148,24526.69336,59571.27734,57680.49219,57937.39063,53422.41406,52829.41406,36808.46484,39017.8125,61777.61328,63521.23828,60452.00781,57491.38672,29148.51172,14306.4873,51942.35156,50853.07031,52633.84766,49403.99219,52244.33203,40342.63281,36404.36328,29087.04883,25696.88867,28109.71289
Q12860,13148.78711,9060.918945,7483.650391,12202.82813,11020.55371,11926.47168,9070.817383,15209.59961,18142.68359,15428.00684,24304.64844,14957.87695,20873.36328,19753.58203,19157.79102,15095.8252,13252.36133,17445.56641,21467.15039,19475.58398,20212.86719,13092.74414,18988.59961,14769.92969,12407.03027,16272.61426,15651.63867,13542.53223,16601.92969,16070.21289
Q12907,21701.27539,19801.73633,21350.55859,21120.53125,20703.33398,20762.35547,20814.35742,19343.4707,20953.40625,24438.99805,24551.63867,19144.16797,20765.5625,21319.83203,14041.58984,16787.11914,16027.81934,20146.875,19516.06055,18351.72656,13611.52051,15130.01563,13695.27148,15118.4873,14461.56055,13511.06934,16215.43555,21299.21289,18550.28711,19118.44727
Q12913,14885.1748,13269.5332,11525.01074,11332.35352,8964.036133,6335.146484,9292.629883,16871.48047,10613.30273,14969.65234,12636.93066,11807.26563,12043.61816,10538.20996,16585.80859,15973.03516,14109.84473,16000.6084,9738.331055,9472.144531,14396.42578,9876.943359,14449.98145,10893.9043,15362.56348,10701.56543,8576.511719,11242.93652,9629.663086,10145.35352
Q13093,4691.583496,3689.536133,4470.883789,3650.149658,4330.881836,5366.958008,4118.874512,8512.291016,6812.568848,8010.498535,6321.733887,8313.004883,8900.62207,7471.783691,6547.541992,6117.462891,5753.661133,6765.662109,7639.209473,7376.825684,6448.465332,5379.180664,4991.883789,4728.292969,4882.166504,6216.069336,6633.135742,6921.389648,7288.686523,6785.845703
Q13103,39404.62891,34811.52344,36114.87109,37651.95703,38105.03906,34867.99219,32625.56055,36029.42188,39014.95703,36341.19141,33194.55859,34376.36328,38053.90234,27482.60547,35951.53516,38269.84766,37382.66016,33685.87109,29510.0918,24648.07813,39211.27344,38660.99219,38499.26563,38316.74219,37708.72656,27871.61914,34267.44531,38106.03516,35663.73438,35907.42578
Q13201,14632.63672,21853.81641,28534.11523,24460.86328,32049.90039,24037.34766,25769.1875,14922.68457,25625.75195,32486.9668,31246.11523,42320.88281,29528.2207,44049.39844,36893.29688,38424.64453,35882.68359,36479.27344,30332.9375,43938.66406,16569.42773,22511.00391,30005.20898,24006.45117,33408.19141,27013.84375,34402.35938,29432.70898,30165.00391,29331.58398
Q13228,3614.652344,6573.135254,7842.257813,18110.35352,9333.628906,20832.90039,29689.54297,3625.604736,4814.84668,5851.61377,7537.635254,11633.77734,22803.27539,20882.56836,7009.299805,5982.635254,12017.14551,17129.74414,31080.62305,34513.78906,5197.047852,4252.495117,6546.637207,9580.662109,7869.669434,20157.41992,21077.38086,13652.65137,14466.34473,13745.55176
Q13404;Q15819,NA,NA,918.7766113,4850.457031,1952.905151,13289.50781,13385.50879,NA,NA,1985.843018,4651.897461,4404.269531,12446.58887,8349.461914,NA,NA,3109.661377,5107.502441,16867.86914,19259.0957,NA,NA,3443.682617,3611.869141,1176.68335,10541.8623,12879.72949,6500.713379,6627.247559,1447.165527
Q13418,13607.28516,15183.58984,15341.82031,10948.27051,13472.79492,10898.54688,12287.56641,17573.57227,17354.64844,21071.21875,15937.80664,16861.05273,12401.18164,14601.71094,17452.60352,19984.86523,13885.7793,14476.31348,9228.25,9692.916016,18517.14648,19604.53125,22788.77148,16778.42969,21605.73242,12550.10059,19866.55859,13673.625,14599.45996,14649.60645
Q13642,1942.627319,NA,NA,4319.907715,4447.79541,NA,NA,1870.402466,5093.824707,10345.75195,9081.083008,10453.31738,8290.230469,11099.52539,4584.956055,6828.645508,5428.180176,8338.275391,NA,NA,1910.331909,7618.524414,7640.230469,6992.937988,9776.546875,6523.783691,10117.65039,4654.706055,5340.333008,6649.013184
Q13790,115960.2813,128960.25,126600.0313,144044.0156,142399.0469,133566.2656,136248.7656,160277.8281,172755,156152.1406,166227.5,199794.25,177421.8125,209553.8281,138894.5313,145380.7344,148056.7344,173925.7656,150564.8281,123079.1172,134333.2031,148751.2344,134874.5625,146166.3594,128405.8516,130948.3516,123942.7891,185953.4844,180946.1719,173626.2344
Q13822,7821.791504,7660.183105,7126.932129,7538.816895,8494.245117,8049.889648,7126.533203,12302.6084,14819.35254,14081.83691,16071.35156,12797.36035,12348.62793,14272.66797,11203.00293,10580.26758,10693.90918,11440.97852,10386.82324,9848.157227,7618.160156,8078.164551,7106.721191,7637.245605,7976.525391,7621.096191,8535.474609,10468.67969,10509.32715,10528.42285
Q14118,15022.1123,NA,12885.55566,20136.61914,NA,NA,NA,18479.46875,16793.03711,16237.08496,15858.3916,21122.96094,10715.76074,NA,19591.375,12304.30664,14217.3252,13781.49707,NA,NA,16879.8418,15894.54102,14790.76563,9412.583984,13179.56543,NA,7549.223145,NA,9505.583008,8297.727539
Q14126,10699.33496,9832.880859,8565.226563,7477.722168,12097.75879,NA,4924.753418,13045.97168,15477.2666,12032.53125,11282.50293,12392.64941,10460.08008,7175.213379,13161.25684,13136.5293,9800.429688,6414.889648,6756.520996,4334.303223,10212.89355,12623.3252,13143.04492,13639.64941,13300.17969,9525.170898,7594.090332,3338.269287,6201.835938,NA
Q14515,5363.741699,5321.930664,4504.109863,4063.253174,5383.750977,6298.038086,4356.86377,7894.858398,7411.563477,6954.915039,6146.751465,5794.57373,4520.498535,6067.73291,4311.530273,5611.342285,5404.433105,4460.523926,3111.386963,3866.458496,5259.83252,5859.039551,3854.203857,5726.476074,5596.182129,5443.860352,4744.060059,4741.908203,4006.018555,4275.046387
Q14520,184046.5156,181713.4531,176221.9375,179671.6406,177745.7188,162151.3594,142197.125,157690.1719,156346.7656,155197.4375,153769.0156,148660.5625,142264.1875,144957.5313,178825.8906,174378.5,167461.3125,168923.1719,151433.2344,128854.9219,219073.4531,210554.2656,208558.3281,200456.0625,199965.4844,198488.9531,201024.7969,152296.3125,142069.5313,148265.6406
Q14624,1864794,1862015.125,1854480.25,1841612,1868223.375,1869368.5,1954734.625,1530230.625,1538568.125,1532739.75,1520904,1522858.125,1548124,1527599.625,1723754.375,1722753.375,1715630,1723687,1843062.25,1948663.5,1844634.875,1805880.375,1800874.625,1808640.75,1807797.75,1788026.25,1795909.5,1762703.75,1787542.625,1787187.5
Q14667,35684.53906,35698.01563,36082.47656,34184,34551.28125,37745.33984,43886.78906,NA,7275.32373,1872.818359,3167.863281,3017.550781,5243.926758,4294.006348,NA,NA,NA,NA,NA,NA,6860.029297,4866.416992,6724.827148,4622.262695,8467.865234,7228.265137,NA,14901.39258,19500.54102,15067.74219
Q14766,5284.415039,9121.556641,10769.00195,9581.620117,9334.726563,10723.52441,7551.662598,6130.558594,12703.06348,17525.25391,13082.26758,18379.41992,11210.24023,15064.07715,16323.86719,15750.05566,16061.16895,12837.19238,10222.92871,8707.473633,13493.40527,18248.97266,24563.74805,18765.02539,24543.83789,17336.05859,21545.54688,8633.796875,10845.33984,9987.962891
Q15063,8209.676758,8350.103516,5932.545898,6083.81543,6374.374023,5779.755859,5724.114258,11675.18359,10252.38379,11441.79004,11013.25684,10463.60156,8317.212891,8056.888672,15087.9375,12455.1582,11723.78516,12319.52148,14045.49219,15289.24902,8999.831055,5773.194824,6755.583496,4462,6788.184082,7394.391602,6653.993652,8237.557617,7980.118652,7664.500977
Q15113,16452.57617,16724.27148,18323.43164,17959.49219,17067.90234,17393.44727,11910.25684,20711.3457,19995.8125,19965.50391,20789.70508,21190.3418,17727.51563,18581.48047,23156.56055,22135.04297,20759.67578,20434.68359,16585.71484,13763.87988,23329.44336,22468.75977,20013.58203,20489.23633,20401.27734,19993.58789,21180.13867,18319.5625,17104.41992,17031.24805
Q15166,35639.10156,36728.73438,35516.46875,32865.4375,33628.51953,31859.52148,36131.73438,55890.46875,53351.88281,52920.375,54601.64063,53035.16797,54506.17188,53141.30859,35411.38672,35499,35089.69922,33487.19922,31579.48828,37968.98047,49813.82422,47796.20313,45366.08984,49148.64844,41672.87891,42724.22656,43625.14844,39000.45703,40492.26563,41258.02344
Q15287,NA,NA,NA,NA,NA,NA,NA,NA,NA,NA,NA,NA,NA,NA,NA,NA,NA,8.446268082,NA,NA,26310.73047,29184.36523,25885.4707,31146.0332,23833.66406,19411.89453,24766.23828,6141.946777,8686.952148,4901.201172
Q15404,9936.59375,13105.56445,16520.22266,22028.43945,14673.00879,27054.53906,30892.31836,19303.06836,23880.14063,28701.78906,29757.74805,32729.65039,21184.26563,39944.35547,11524.55273,17157.20313,16848.94336,17547.53125,23826.84766,23988.62109,17978.72266,25393.9375,29341.97266,27771.99023,29259.35742,25243.25586,39172.82422,28071.77734,29093.80469,23693.84766
Q15485,56139.08984,60724.40234,57514.78906,51072.73438,55263.76563,60373.61328,62220.84375,60845.04688,59064.10938,62068.87109,62999.28125,60271.625,62610.92578,61845.75,58087.41797,57071.98047,55108.90625,54525.92188,61301.40625,60901.34766,57952.71875,60234.06641,57159.23828,57234.86719,53560.67969,55099.85938,56289.12109,57966.10547,58691.20313,61520.09375
Q15582,57957.5,52857.28125,51910.67969,52428.23047,55415.39844,56520.12109,49706.19141,56031.5625,54824.71094,49173.39063,49360.70313,49263.91016,51662.43359,45566.18359,60394.69141,58266.10547,56299.55078,55682.83203,57087.75391,50074.38281,58347.94531,58864.55469,56672.03516,57805.22656,57311.25,59919.25,54185.93359,52158,50651.80469,50757.17188
Q15848,23563.91016,26414.52148,24923.93164,22707.38086,21062.23047,30822.34961,31298.83398,31571.38086,32225.85547,31145.33203,31803.88672,30903.23633,39080.68359,32498.13281,33535.25781,34360.69141,34391.31641,35379.32813,43994.40234,33624.08984,32134.91211,30359.97461,30922.04297,31046.62695,31073.42578,32145.39453,28925.80078,42145.33984,34603.14063,39605.39844
Q15942,5433.730957,7602.958008,7610.880371,8879.694336,8943.441406,11693.98438,9639.243164,12452.1875,15158.10254,17930.54492,17817.5332,18111.51172,15054.37012,19758.20898,13969.11816,16565.47266,15184.57813,12749.33008,11149.21387,12301.10352,13365.24805,16299.03906,19736,15952.41992,19928.51563,18898.5,20435.82031,14720.78711,13198.10352,12863.05176
Q16570,NA,NA,NA,3759.218506,1084.081055,38552.35156,30136.9043,NA,NA,NA,NA,NA,23397.93945,25557.52539,NA,NA,4836.053223,6012.300781,39502.83203,29522.04883,NA,NA,NA,NA,NA,23897.69141,19186.34961,10470.04395,12562.95215,12597.30469
Q16610,201773.2031,207616.5313,201143.7031,196280.8594,193187.75,176116.4063,141292.7188,185340.2188,191534.3281,190362.7656,188014.125,177849.0469,162582.7656,155532.0938,236634.0313,226107.7344,229411.4531,204680,183902.4063,127251.6406,233155.2188,244181.6094,254357.0469,237664.75,237162.7813,222903.4219,210128.0313,165239.2344,170861.7969,165953.2969
Q16627,4776.23291,9692.175781,10186.5791,2735.282959,2378.684326,3530.32251,NA,12048.61328,8327.474609,6942.508789,8884.869141,8886.288086,5106.84082,7184.826172,7540.935059,5179.797852,5194.388184,6718.036133,NA,NA,8266.272461,7344.836426,9556.432617,7056.73584,9959.178711,6984.654785,6410.058105,NA,7176.013672,NA
Q3V5L5,22669.11133,20797.14648,20749.875,23111.47852,22408.41211,23804.05859,22620.00977,NA,NA,NA,NA,NA,NA,NA,NA,NA,NA,NA,NA,NA,NA,NA,NA,NA,NA,NA,NA,9626.31543,8657.861328,11441.26758
Q3ZCW2,NA,254.7241669,1067.692627,1194.894287,731.3165894,1927.449829,1145.058472,318.552002,1273.824829,1405.152466,695.4077148,2391.759277,1696.82019,743.3497925,1268.994141,666.7457275,511.4667053,1958.852173,2240.319824,794.1166992,274.0507813,1380.296997,1596.951294,1687.851563,1380.738281,2129.37207,2880.370361,1430.395264,314.3681335,1447.190063
Q562R1,12.68503284,NA,NA,11.24431705,11.85452461,1477.827881,25803.45117,28557.92188,29302.58984,33922.65625,29383.67188,29837.95508,36465.72656,39094.60156,29217.22852,27236.27539,27204.82227,29995.22656,32635.82227,31968.27734,27981.36719,28313.24609,33026.32422,25717.89648,32301,26670.32422,32504.90039,31071.74414,31202.64844,24958.79883
Q5JTD0,42122.94141,35608.26563,47678.85938,55077.5625,39198.50391,63917.98438,30306.25586,23549.15625,57362.54688,46086.67578,20171.5918,33507.53125,34614.89063,39283.07813,41408.62109,30480.55078,45374.16016,43227.29688,47503.58594,57633.28516,NA,NA,NA,NA,NA,NA,NA,34553.51953,30857.46289,24790.63672
Q5SZK8,197369.7031,189607.3438,185084.6719,190860.1406,179925.5313,184078.2188,216011.1719,103124.3516,102051.7891,103576.9453,94026.97656,105551.9766,99885.85938,102496.3594,189154.5156,195432.8125,190088.7969,190105.4688,210518.9688,219807.5938,143306.75,138682.7344,141832.4844,132813.5469,146704.9063,145427.4531,140776.7031,169531.4844,171224.0625,167398.0156
Q6EMK4,47865.85547,47679.33594,46354.03125,41192.76563,43627.52734,42918.29688,43249.83594,56324.38281,51677.58203,54801.52734,55449.39063,52796.71094,52964.35156,53941.25,54496.28906,53514.23047,54202.08594,54518.25391,53124.69141,57930.01172,53517.89844,53884.94922,51796.19531,51094.125,52319.27734,50411.89063,52015.73828,52674.17188,49911.28906,50844.83203
Q6Q788,21010.15234,14700.75684,17225.58203,13598.58496,14612.20898,15548.3916,17471.81055,29931.38477,27430.03125,27882.2168,29409.50586,25783.67969,31235.20313,27546.00391,21790.54688,25280.01367,15089.99121,22219.1875,22192.45508,55486.59375,21114.31836,20987.88477,19224.39258,20154.85156,20999.77734,18386.42773,18421.02539,17943,20229.19727,24108.31055
Q6UX71,2639.576416,2374.353027,2579.570313,2887.80249,2429.265625,2680.216064,3186.264648,3442.285645,2696.288086,3425.437744,3105.237549,2130.270508,2969.685547,1937.894043,4353.041016,3966.13501,3307.964111,4713.544922,3982.830322,3758.432861,3607.100586,4547.538086,4062.275391,3632.817383,2949.574707,4373.250977,3414.762939,4444.395508,4054.718994,4101.873047
Q6UXB8,16521.91602,18139.75781,17828.88477,17346.59375,18959.60352,16140.2002,20819.54102,32016.15234,28936.44727,31406.06055,29304.39063,30696.42188,28444.18164,29706.87695,27174.44531,27580.20313,25843.92969,27585.87109,23665.13086,29163.87109,27731.85156,26940.64844,28058.50781,27138.54492,26200.09375,23448.25781,21974.61328,25015.57617,21293.19141,22415.03125
Q6UY14,16565.34375,15638.30371,16855.75977,15453.01074,14537.40234,13045.37109,11766.83691,18978.67578,18550.74414,17437.63672,19591.63281,17991.38086,16804.99609,16226.88574,17213.29102,16249.01172,18413.85938,15348.06152,15232.77832,9811.74707,12638.54102,12554.85449,13168.9668,12869.94238,12906.52832,12675.36035,11009.08008,13891.75488,14157.11328,16048.19824
Q76LX8,16762,16381.18652,16243.99902,14520.3457,14499.41992,15459.70215,12822.88965,13065.71875,13991.25,12155.42578,12903.03125,11501.33789,12981.23633,14491.92969,20064.47852,18270.85547,18631.83789,18304.86719,14915.40625,14709.14063,19488.87695,20418.89063,18781.39063,18358.05859,18533.01953,16710.33984,17583.11719,16267.36719,16428.02344,14543.3252
Q7Z7G0,6500.406738,4238.376465,4866.685059,5783.646484,5365.241699,7176.132813,8510.833984,10426.61914,11378.36035,9926.93457,10665.90918,10512.65332,10564.5,11088.61816,7984.548828,8390.810547,8414.211914,8821.31543,9037.792969,9633.974609,7519.827637,5892.473633,7123.479004,6734.320313,6549.171387,7169.667969,7251.689941,8871.103516,8347.158203,8564.982422
Q7Z7M8,3691.091309,3433.45166,4360.988281,5369.68457,4145.466309,NA,NA,5360.074707,1004.329224,7477.387695,7073.491699,6171.908203,6317.90918,8580.657227,7241.95459,7497.79248,6352.896484,7127.194336,7394.857422,NA,4688.650879,5912.41748,6131.821777,6428.04248,5856.377441,6850.302246,6160.124023,4358.449219,6077.152344,NA
Q86SQ4,4332.003906,5540.023926,5753.69043,5777.867676,8618.203125,6313.605469,8644.822266,3548.241455,5785.985352,5374.025391,5789.471191,5436.583984,6980.635742,7908.025879,7911.522949,7341.535156,8519.891602,8622.097656,10981.94238,9255.172852,3846.140625,5260.993164,4961.797852,6312.441895,6365.796875,7796.099609,8810.175781,5515.409668,9487.789063,8548.041016
Q86TH1,3130.282471,3844.632568,2293.886475,3700.868164,4149.393066,2690.487061,NA,2652.689697,2843.264648,2799.88208,3569.453125,NA,NA,2242.090576,2909.562988,NA,1181.195068,2255.729492,NA,NA,4658.260742,4518.833496,5646.047363,2939.163818,3292.837402,3423.639404,1709.306396,1721.510376,1302.213623,NA
Q86U17,6777.753418,10988.63574,9146.084961,7422.920898,9312.511719,9327.035156,5983.937988,11042.67578,10721.8252,13255.10742,12592.55664,13121.57129,14396.70313,10165.375,7247.162598,9586.148438,10396.36816,8592.817383,8913.928711,8894.359375,NA,810.1262817,2896.131592,2213.583984,1503.073975,3320.654785,2644.603271,9058.954102,7883.381836,8691.276367
Q86UD1,8692.336914,5750.119141,6210.700195,5935.52832,5970.358398,5292.904297,4851.404785,7205.417969,5863.788574,5515.197266,5181.326172,5733.783203,4947.194336,5127.466797,4160.321289,5168.098145,4612.103516,5480.536621,4339.98584,4178.596191,5838.84668,4303.691406,4793.466309,5741.437988,3479.624268,5007.743652,4427.832031,3310.981201,4948.994141,3734.287109
Q86UX7,18919.79492,24377.9375,25130.77344,19877.10352,19915.88281,24266.24805,25301.6582,30232.64844,36554.65625,47987.86719,31969.04688,39159.98828,26489.28516,38532.51563,33879.82813,36522.59375,25238.46289,25180.85938,19652.51758,23476.02148,29893.91992,37985.57422,51603.55859,29793.85742,37995.59766,25805.375,38017.32422,28099.73438,29317.69922,29060.44727
Q86VB7,6355.055176,3725.924072,4798.992188,5009.077148,3984.828857,3241.4021,5538.572266,6845.621094,5959.52832,4814.025879,5849.399902,4982.086426,4580.194336,7119.036133,6168.280762,5363.390137,3937.417969,5602.637695,4104.344238,2485.165283,7647.079102,7574.446777,8091.211426,6559.706543,6425.924316,7839.374023,7017.205566,5887.500977,5912.785645,5666.612305
Q86WA8,NA,NA,NA,NA,NA,NA,NA,61969.81641,70439.17969,58259.88281,50714.72266,64771.31641,46446.03125,52970.73047,51440.39844,42258.32422,45470.92969,50461.91797,64757.40234,68514.23438,18701.70508,27347.85938,27829.78906,21655.02734,24466.00195,27593.47852,27943.47656,38596.875,26876.76367,32999.66016
Q86X40,241139.4063,256428.5,278484.6563,251386.7188,282360.9688,272959.7813,300211.1875,232009.6875,244293.1406,208207.2969,224843.8438,247224.6094,226452.1406,252837.5313,195825.9219,188410.0625,253203.4531,263379.9688,284984,291528.25,212011.75,229884.7656,211549.8594,219285.4688,267633.75,230974.8438,289508.9063,265105.8438,264491.0938,197927.7344
Q86YA3,12873.08105,10663.125,13105.09863,8937.652344,10512.73145,11130.12988,12935.32715,8437.050781,7615.460938,6634.857422,8228.768555,8283.077148,5524.148926,NA,7417.051758,6363.73877,7321.798828,7731.641602,6397.096191,NA,6426.312988,6528.137207,8315.293945,7313.028809,7575.958008,3776.038574,NA,4880.400391,11586.61523,6082.34375
Q86YW5,4697.044922,8941.749023,12509.03418,7983.520508,10427.11035,8716.587891,5729.229004,13307.38184,17572.23828,22979.55078,14576.0127,24889.20313,14431.09863,21611.06445,14750.50684,15451.04199,13640.30078,11198.6377,8696.083008,7774.680176,6011.29248,15691.56445,22969.81836,13459.50586,21029.0332,16489.27148,21288.95898,8644.861328,8191.98877,10121.11914
Q8IUL8,2618.895508,4825.852539,4787.55957,NA,4436.994629,NA,NA,8203.211914,7520.400391,6102.703613,12596.28027,8593.207031,7589.986816,6933.466797,7393.587891,4320.217773,3131.013916,4111.429199,5147.651367,9700.347656,2478.833008,3136.520264,2657.998535,2574.590576,4055.774902,NA,NA,3038.857178,7732.824707,4928.853516
Q8IYT4,NA,5154.962891,4878.751465,8374.318359,NA,30326.67969,37063.29297,NA,NA,NA,NA,13750.22168,41325.37109,36742.66406,4418.202637,NA,10582.4541,15088.77246,54287.96094,56499.625,NA,NA,NA,6804.535156,9763.148438,39946.20313,41491.83984,15139.05371,22983.12891,16665.60547
Q8N5Y8,5983.946777,5792.779297,8772.259766,4967.490723,5980.627441,4965.765137,7239.160645,NA,NA,2179.647705,NA,NA,NA,NA,NA,NA,NA,NA,NA,NA,NA,NA,NA,NA,NA,NA,NA,2868.854492,2997.263428,2576.854736
Q8N9W8,301606.1875,345439.4375,351744.375,334685.25,292726.4063,378070.25,345768,371195.0313,212843.5781,367540.3438,352969.2813,378708.3125,396100.3438,394584.1563,350009.0938,356021.2813,366609.4375,361774.375,363853.5,256336.1719,275433.5938,228424.6094,339936.9375,347561.7813,348606.9063,357603.1875,348063.0313,347113.5313,344649.9375,390126.375
Q8NBP7,11139.71777,9779.191406,10697.09277,10173.71777,10122.02246,9061.232422,8372.638672,7825.097656,8140.163086,6185.029785,6200.415527,6807.57373,4857.838867,4760.94043,10797.0459,11105.90039,10602.53711,10799.79199,6411.20166,5214.460938,8416.520508,8649.12207,9805.810547,8355.488281,9092.837891,9532.655273,8611.385742,6663.995117,8655.115234,6770.081543
Q8ND30,54480.27344,63171.46094,57706.58594,59448.23047,57231.5625,42324.51172,39099.78906,36508.64844,53987.07813,41748.11719,42478.54688,41622.53125,36537.29297,34560.04297,50164.46484,48117.24219,49591.13672,47288.15625,40572.12891,34123.69922,30302.76953,30771.48633,29561.60938,27534.56445,34412.39453,24344.95508,23457.14844,45683.51563,36131.48438,41621.15625
Q8TDL5,NA,5897.744629,NA,4363.731934,NA,NA,NA,8825.444336,7307.132324,6017.386719,10162.64453,6757.525391,6135.213867,NA,4968.772949,NA,NA,NA,NA,NA,NA,NA,NA,NA,NA,NA,NA,NA,2465.014404,NA
Q8WZ75,3054.654053,4822.553223,4276.607422,NA,NA,3914.85376,NA,6414.857422,9760.992188,8221.834961,6841.967773,6663.171875,5337.518555,5483.503906,7866.769531,6988.014648,7533.85791,8673.886719,7230.59375,9086.03418,7852.403809,9694.405273,7994.520996,8101.304199,9558.602539,5225.586914,5519.609863,NA,6305.849121,6826.975586
Q92496,34960.77344,32440.25781,32845.91797,32343.83984,35744.13281,31185.51758,27472.02344,9155.228516,9494.490234,8618.796875,11199.29297,6541.401367,6892.490234,10729.3291,65697.86719,60389.66406,63654.84375,66855.28125,54954.32422,40865.66797,62173.26953,62604.57031,63577.80469,65190.69922,66415.20313,63036.82422,60625.20313,39639.64844,35757.14063,39760.63281
Q92820,21082.20313,29549.71289,29343.83008,27540.7832,29679.14844,25919.9668,26326.5332,24375.5957,25233.63086,23798.84375,25838.76563,22970.76172,24226.2793,23994.90234,19474.09375,16321.1709,22619.32227,23144.63477,20348.71094,21499.50391,31171.02344,27882.36523,30882.29688,29352.62695,28734.57227,27076.75,29169.87109,21124.98242,23820.71484,25769.29688
Q92887,35571.26953,39068.03516,42805.82813,29142.26172,36206.64844,32216.08008,42002.98828,61213.73828,82199.29688,58201.49219,60655.24219,60425.5,64302.60547,68917.36719,30185.79883,25870.95508,23822.35352,32946.55469,29233.11523,34327.70313,47022.96094,46119.82422,44158.625,48536.46094,49899,50429.15625,45037.58203,50191.41016,50632.86719,49707.22656
Q92953,4455.976074,8140.802246,10607.41211,26438.08594,14324.65137,48887.19922,61695.80078,3874.723145,8022.231934,5668.882813,13694.41992,18699.68359,64718.48828,61524.48438,10401.45996,10185.3916,21683.64844,34405.16016,83984.21094,108631.5391,6064.114746,3912.33374,8989.085938,16869.35156,13040.41602,38858.36328,54067.62891,35668.09375,35294.6875,39507.62109
Q92954,122478.9609,126429.7344,112742.9297,114836.5859,123631.3516,108787.9219,106511.6172,95239.76563,92426.5625,87502.5625,85758.53125,87479.75,82886.01563,76148.92969,79812.92188,82794.42188,79299.03125,74487.49219,69870.38281,77947.54688,105029.5469,104739.9063,101179,102347.4922,102329.8594,92994.28125,101136.1016,88293.59375,89389.10938,91997.39844
Q969X1,NA,NA,NA,20563.48438,NA,29050.88477,31072.33594,NA,NA,NA,NA,21080.67773,29670.50781,20993.86133,NA,NA,20976.69531,NA,36227.78906,31894.0625,NA,NA,NA,NA,NA,35578.73828,37617.72656,22220.04688,23554.86133,27519.33203
Q96EE4,15637.54297,15755.17871,13337.58594,13785.43652,14535.65918,12972.43848,15842.39453,17680.66406,15407.87305,13075.5752,13579.35059,12118.82422,13144.84863,13714.47949,20181.1582,16701.86719,15511.21777,16182.09863,17791.02148,17166.88672,19280.68555,16553.85352,15902.7002,13703.72363,17089.60742,15590.07031,13879.60645,15670.2041,14702.49023,14891.33496
Q96IY4,157829.5938,158601.75,161670.7031,160839.4219,164927.5469,159598.4219,161627.6563,181411.8594,176633.8281,181820.125,184386.4375,180554.5625,187082.7188,185154.5313,190289.2031,194010.3906,187963.2344,191630.6563,212094.6719,202306.6875,224609.625,224361.6094,222817.0156,224951.75,224843.9844,229194.9844,231370.4688,184561.8906,187262.4063,187803.625
Q96J42,NA,1575.138428,NA,1637.014526,2102.317627,NA,2096.157715,16870.91211,16752.66211,19574.5332,18635.4707,20429.99805,20475.31445,20365.33398,7950.32373,7361.418945,8963.913086,6853.930176,9948.076172,10932.55664,11271.35449,11009.63965,11891.00977,11731.79004,10817.09863,12094.76465,13341.76367,11059.73242,12534.44141,9512.552734
Q96KN2,69474.78906,69329.84375,70019.79688,66141.27344,67989.82813,66905.98438,65014.40234,58598.85156,56760.03516,55261.76563,54772.08203,55896.36719,56037.51172,53460.05469,68508.5625,65043.58984,64629.83203,65546.86719,67217.67969,72123.60938,85650.57031,82976.72656,81246.16406,80843.73438,83647.5625,79406.5625,77758.70313,69613.32813,72724.39844,70370.57813
Q96PD5,642021.3125,617663.625,623803.625,619164,648092.1875,640425.125,679289.9375,656270.25,665907.1875,654228.8125,659296.875,639796.5625,688871.125,671471.5625,662060,658335.5625,657681.75,670936.0625,729601.0625,766738.1875,696468.0625,675771.125,684244.875,685142.3125,685619.25,679485.125,702075.6875,667143.875,687307.625,682486.125
Q96TA1,NA,NA,NA,NA,NA,NA,NA,NA,NA,NA,NA,NA,NA,NA,19496.74609,19512.61328,19037.36328,19868.73438,19693.12695,21125.79297,NA,NA,NA,NA,NA,NA,NA,5175.114258,4764.374023,5074.882813
Q99439,1386.982544,4697.925781,1804.176514,6065.20459,4723.847168,9820.455078,7961.692383,4568.732422,11382.40723,11225.1543,13725.08984,12978.0957,15186.76563,16880.93555,5007.505371,3642.587402,7140.588867,4626.269043,5778.19873,6510.53125,3721.234131,6859.709961,8253.614258,8901.802734,12503.08496,13463.05859,15513.18652,6273.972656,5350.010254,6573.228516
Q99497,1479.13855,5519.8125,4931.313965,9103.751953,6726.237305,10256.81836,10472.52832,4547.770996,7721.78125,5814.108887,10066.04199,11678.3457,16149.04785,15089.22852,7751.753906,6709.130859,11199.95508,11942.03027,15027.79883,21215.24805,4588.637695,8609.724609,10009.10352,9690.212891,10861.35449,14358.46777,18047.23633,6216.379883,9489.351563,8766.802734
Q99784,26944.45313,29108.03125,27952.13281,26900.97266,22818.4707,26356.87109,22671.84766,33664.91406,27673.28711,29620.03711,31298.59961,28620.80664,25100.61328,30544.74023,21190.0293,21245.29297,18725.10742,17048.61133,14555.85254,15066.80273,15023.37598,12369.80859,11930.50977,13113.6416,12674.21387,11682.69629,9241.666992,22810.4043,19144.64258,6382.511719
Q99808,NA,NA,NA,NA,NA,11186.94434,10844.10938,NA,NA,NA,NA,NA,11003.34668,10870.29102,NA,NA,170.783905,NA,15911.28906,7913.988281,NA,NA,NA,NA,NA,6578.202637,4224.51709,NA,3638.341064,575.7809448
Q99969,13071.54688,11686.24023,12813.3877,9224.710938,10849.34766,7991.147949,6539.196777,10410.67871,9695.837891,10109.04395,8510.03418,9390.040039,3996.50293,6836.694824,13333.63574,13167.14551,12841.47852,13494.27246,8154.449707,6413.319824,13061.03418,13411.72559,14371.08691,11893.7793,14089.46582,9464.225586,11470.40625,8623.868164,8875.203125,8959.212891
Q9BSM1,54262.59766,54211.21094,54409.78516,56962.51172,57822.25391,62539.29297,61408.95313,8058.310547,NA,NA,NA,NA,NA,6609.323242,NA,NA,NA,NA,NA,NA,NA,NA,NA,NA,NA,NA,NA,20049.63086,18372.83008,23821.5625
Q9BUN1,11320.77539,11887.18945,13211.2627,12593.15332,14627.29785,13749.06836,16629.72656,17123.28906,19133.9707,17146.82422,14977.78516,20221.47656,8082.44873,10406.61035,15895.30371,11589.22949,14412.07227,7642.199707,10803.92578,NA,7870.627441,13780.16016,8221.953125,8571.638672,11948.16992,4899.192383,4301.586914,12847.70801,12105.17871,9797.992188
Q9BWP8,26090.58203,26360.12891,27072.65625,26696.95898,25725.69336,27980.18945,28367.76758,22568.0625,21841.98047,20995.98633,20781.28711,20826.125,22368.39453,22376.56641,24116.05469,24226.72656,24825.22461,25743.89648,25620.0625,27454.14258,20238.43164,20156.02734,18667.40625,20675.52148,20494.92969,18117.97461,20077.77344,23131.50391,23177.25,24138.2832
Q9BXR6,69235.875,69315.60156,71264.27344,67094.35156,68285.17188,59339.00391,56229.48438,54469.13672,54440.71484,52723.58203,52916.5,50432.13672,48417.11328,49355.79297,69231.32031,69206.23438,65449.17188,62733.48828,54032.55859,35946.95703,90418.75,84030.04688,86786.0625,88767.41406,84649.99219,85465.57813,81405.66406,59229.93359,55207.23828,56397.3125
Q9BXY5,2667234,2733164.75,2716041,2767416.25,2725596.5,2660443.75,2816593.75,2227163.5,2342228,2182705.25,2252038,2282296.75,2483039.5,2346662.75,2381719.75,2416507.5,2420386.25,2542565,2695664.5,2986337.75,2325683.5,2562454.75,2445996.75,2432166,2545900.25,2561156,2544007.75,2754664.75,2798632.75,2774311
Q9BY67,2775.383545,3739.838867,1277.27417,2573.673828,3481.010498,971.9155884,2262.045898,5653.001465,5246.395508,4629.024414,4991.972168,4403.943848,4750.428711,2937.356934,3993.163818,3382.275391,2639.967529,2767.512939,713.1531982,NA,1668.368286,2653.230225,2664.033447,2481.143799,3465.242432,1818.608276,1151.167114,2279.299072,NA,2381.262451
Q9BYJ0,2955.155762,1541.0625,4479.786133,1916.946289,4138.733398,5849.905273,NA,9718.079102,8189.134277,12249.09375,10244.42285,8526.027344,8560.191406,8831.553711,10226.78027,14090.91406,12445.54297,13007.54395,12893.62891,9643.082031,5004.15332,4295.450195,5191.804199,4173.473633,7077.619629,3086.310059,3901.579346,6859.780273,6201.208008,8288.194336
Q9GZN7,9136.856445,10072.82617,9594.259766,8613.845703,8686.808594,9824.987305,9891.908203,14079.91406,15078.45703,15231.91797,14167.76855,15022.83105,13984.74414,15023.84961,3441.595215,4457.921875,NA,NA,NA,NA,15503.77246,13969.41309,13375.47461,13048.89355,14570.54004,12246.48926,13999.02246,10343.78906,9523.675781,9722.076172
Q9H299,3841.681885,9085.561523,8157.224121,12894.29883,10756.75,16107.55078,21509.38086,8987.764648,12854.96777,21656.18164,20684.35547,23230.20117,33027.44141,30472.42383,13552.38477,18325.27539,18609.32422,23845.25586,25206.72656,32657.4707,14153.93262,17749.48242,24040.93359,25123.07813,26604.11133,32210.93945,37530.51953,20914.79297,18276.12305,20627.13086
Q9H4A9,2559.75708,3082.242188,1520.290649,3186.496582,4287.050293,3859.275879,3176.386719,4361.128906,5282.74707,3925.37793,4434.03125,3974.304443,5303.811035,4886.302734,5506.120605,5094.182617,5468.302246,4998.163086,4906.413574,5279.49707,6067.649902,5621.606445,7095.492188,6001.839844,6033.071777,4510.797852,5773.047852,3857.774902,6592.930176,5302.541992
Q9H4B7,4947.865234,5533.476074,5067.441895,5042.412598,4946.043945,5410.790039,4652.021484,8772.75,8473.331055,8885.710938,5262.535645,7215.053711,4281.203125,5989.806152,12436.9082,12778.32324,7471.80957,6311.669434,5481.850098,7082.355469,17876.99609,14950.11133,19341.74609,9795.177734,11649.43457,10550.59375,13294.78906,4781.635742,7610.958008,7533.098633
Q9H4G4,11739.25684,12106.12207,10365.89746,9828.960938,9271.974609,15848.7793,18020.98242,13080.21582,12403.80957,12738.27637,12337.68555,14403.5293,18751.81055,17995.39258,14416.33691,12963.23633,16438.60156,15957.89258,22844.48242,22868.31055,11414.65625,11034.79883,13763.35547,10725.5625,13185.34863,19006.28711,18398.875,12540.39355,15100.10352,14193.98535
Q9H799,NA,3983.844482,NA,7949.638184,4867.912109,12985.74023,15836.91699,NA,5365.629395,NA,8921.875977,6811.806152,14934.37891,15618.24707,7590.315918,6188.058105,9271.852539,13006.49414,21507.89258,23754.63281,4752.171387,NA,NA,8479.082031,NA,13446.9502,17434.63086,9449.75293,11532.53223,8653.758789
Q9H8L6,36941.44922,36624.64844,36060.78125,34873.17969,34022.3125,33849.13281,40661.25781,54732.45703,50512.42969,53681.96094,52073.42969,45510.91406,49585.92188,50986.83594,42244.95703,40139.68359,42479.90234,42019.92969,42113.00781,44639.34766,41784.16016,39771.80078,43795.01563,41543.28516,42385.05078,38402.42969,41336.35547,43582.80469,43303.44531,45602.16016
Q9HBI1,4639.65625,5424.405273,6619.209473,7197.341309,6805.135254,7780.306641,12810.36328,6718.885742,10635.48535,12972.67969,9947.617188,13032.91797,11206.36914,13271.64648,7522.03418,8418.838867,7646.22998,7356.132813,7567.539063,9112.279297,7052.450195,9247.279297,13572.25098,8884.485352,12505.97461,11217.4668,13018.94434,9772.196289,10651.41504,11666.65234
Q9HDC9,32060.31445,29433.29297,33269.26953,29315.77539,24586.18359,25963.41406,32658.64453,47223.59375,40625.41406,38995.10156,40937.72266,38335.82422,47079.4375,49276.71094,35137.24219,39132.34766,37735.90625,38899.5,43844.66016,44959.22656,38682.17969,40704.74609,36709.76172,34765.03906,36725.97656,39459.18359,40356,38845.96094,38658.01953,40571.74219
Q9NPG3,4355063.5,4352042,4305966,4188540.75,4241126.5,4062710,3667172.25,2602903.25,2652737.25,2755009.25,2647015,2604351.5,2496755.25,2385135.25,3762681.25,3701990.25,3777847.5,3664918,3480987.75,3185116,3419866.75,3387603.5,3386636,3347447.75,3319138.75,3120969,3062403.5,3149807.25,3287601.5,3290140.25
Q9NPH3,23566.93555,29152.0625,27008.16016,24611.41797,26732.27344,28103.21289,26481.48242,62672.875,66045.23438,64272.53125,60161.99609,64159.57031,61646.125,67361.25,30966.70703,34063.25,29637.79883,33630.11328,31454.29492,30768.36523,36237.84766,36797.33594,35019.96875,35544.41016,37532.79297,33378.64063,35786.48438,38352.09766,39209.84766,39442.60938
Q9NPY3,4864.012695,5199.516113,6193.984863,5800.841797,6721.740234,5690.495117,7274.330566,11170.50586,12269.98828,12177.87793,10621.0459,10879.23535,13815.50879,11826.93555,8116.314453,9007.737305,6486.259277,8726.37793,9187.380859,10476.00488,8156.632813,6144.844727,7710.066406,8269.913086,8310.833984,8497.011719,9815.072266,10434.37695,11277.35254,9397.44043
Q9NQ79,36271.03516,36593.15234,36758.21484,35878.25391,35146.79688,35897.98047,34635.79297,36181.88281,32791.72266,34038.38672,33362.63672,32369.42578,34412.53125,32418.35352,62032.90234,62946.27734,60206.08203,61204.38672,61977.77734,64508.33594,37485.74219,38893.90625,37721.10156,38131.53125,37063.07031,35107.42969,36425.40234,41042.04297,41574.44531,42616.22266
Q9NU22,5726.435059,4250.175293,3921.781006,6084.888672,5322.898438,1200.071777,3111.187256,4109.041016,3573.715332,2575.207275,4831.28418,3578.918701,1263.738525,5269.827637,6629.970703,8382.682617,6644.598145,6280.433594,6966.111328,6260.900391,12.64977741,12.16886139,NA,NA,11.98066711,13.3817482,NA,12.3135891,1284.51062,12.55020428
Q9NZC7,13763.2002,12471.28809,12990.33301,15491.39063,13407.20215,14335.04785,14933.15527,29539.66992,24361.30273,23036.04492,31101.15625,27427.64648,30398.16992,28008.44727,27660.12695,27516.85547,28678.66602,31371.76172,32811.79688,40595.6875,22331.85156,19676.64258,22523.06055,19993.48438,27068.11523,23990.46289,27229.30859,27283.07617,28233.14063,30578.375
Q9NZP8,108857.5391,106052.6953,109331.1719,107844.7188,109021.1719,106914.9219,110993.9219,101208.9922,101342.1172,100971.9297,96869.17969,97359.85938,98691.21875,101167.9531,95746.05469,96542.91406,96182.16406,97877.26563,98341.76563,109894.2188,122232.4844,119295.3203,116803.7422,118234.8125,116484.3828,115470.0234,113367.8359,109637.2891,111769.6406,115077.2656
Q9UBP4,8142.129395,8223.283203,8629.154297,7360.609375,8273.582031,4667.704102,NA,11213.7666,11564.29492,10293.37402,10908.80762,8031.112793,NA,NA,11130.54883,10820.90625,9879.586914,6249.100586,NA,NA,7885.198242,10768.45605,9289.185547,8087.701172,10477.87402,6161.94873,4954.183105,3802.740967,4663.581055,4547.918457
Q9UBW5,2091.89502,4437.897461,3848.755127,4741.074707,4279.365723,5439.291504,6372.857422,NA,5891.898926,6594.67334,7625.672363,9875.238281,6438.32373,9896.605469,8406.052734,5844.087402,4950.756348,5038.00293,6893.618164,NA,2411.137207,9198.793945,10354.45215,7745.731445,9335.094727,5377.140625,11577.88379,7533.004395,8786.071289,9940.613281
Q9UBX5,8714.583008,8893.935547,10674.08594,8682.488281,8027.231934,8783.126953,8073.976074,9463.514648,9401.612305,9623.84082,10494.16309,8597.389648,7950.050781,8699.128906,7546.960938,6862.144531,8318.972656,4126.201172,5761.061035,4512.041504,9000.573242,9927.266602,11153.08496,8029.064453,9048.68457,8743.966797,11104.42285,8364.618164,5917.082031,6610.319824
Q9UGM5,114138.3125,114527.2344,106266.2734,105317.4609,113767.9453,106109.0469,92554.24219,116724.6484,103497.4063,109583.0859,110858.6172,103659.3594,104441.7422,95374.78125,91667.16406,90253.69531,88758.74219,89309.58594,68739.02344,63761.71094,71601.50781,64632.64844,67040.42188,65691.92969,66612.32813,63908.52734,70398.64844,72085.10938,76038.19531,77855.5625
Q9UHG3,17200.66406,17722.27148,15833.89551,17119.29492,16375.59961,17226.99414,16048.33203,19459.14453,19377.77734,18098.41602,20620.50586,18089.60352,17643.18359,15353.7832,21580.83789,20360.46484,22288.71484,21195.09766,20683.79883,17522.47852,11949.75293,11704.82031,11652.12695,11532.00879,11038.53223,8339.736328,9423.348633,14178.6123,14604.9502,16470.50391
Q9UJC3,41299.64453,47901.56641,15843.11523,46218.66797,50116.44531,35371.75781,55965.57813,29915.42188,70616.75781,57568.24609,65097.5,76239.82813,73998.59375,63684.69141,39172.84766,52264.25781,54224.35547,92297.71875,87855.3125,108335.9141,68154.8125,28727.09375,46722.95313,47367.54688,41244.13281,43156.55078,42980.05859,64813.02344,65339.92578,55901.22266
Q9UJC5,NA,18.72169113,NA,NA,NA,1706.660522,NA,12.79653358,1129.520874,1251.459106,3598.264893,2846.145508,3893.657227,4209.208008,698.2287598,2647.37207,1234.330688,2151.858887,2360.556396,3055.335938,NA,1173.214233,2097.239502,1614.579834,4875.672363,4074.412842,4871.383789,1348.54895,2142.993896,2376.186035
Q9UJJ9,7870.057129,5957.77002,8251.889648,NA,8408.533203,6652.450195,7609.53125,12722.74023,14049.5293,13156.01074,12336.80176,12035.16699,14383.33691,14758.34863,13444.20801,14313.66406,14895.6748,14338.29785,18944.05859,16304.35254,15365.81348,14989.08691,13298.32813,11672.03906,12243.73438,18099.49609,14982.73145,10748.05176,15367.99805,11384.59961
Q9UK55,109651.75,108425.3828,110208.8984,105466.6016,110492.8047,105376.4297,105163.9063,106933.5469,103689.5469,104643.6719,99876.39844,100770.2188,97924.77344,100730.1328,83979.21094,84429.63281,81976.66406,81322.6875,84520.90625,87999.39844,102759.9531,98385.01563,98679.96094,100788.1016,96167.85156,94559.78125,91758.9375,97773.21875,97466.52344,96127.59375
Q9ULI3,18793.04492,15252.42871,14265.60645,12824.72656,15074.54785,12868.91797,11367.82617,23943.86523,21304.76758,21687.51367,18940.59375,19692.35156,15669.79883,15643.21777,19718.87109,18411.06055,18259.00195,15730.32227,8405.095703,NA,18472.39648,15590.83691,14929.25488,15415.61914,15739.57422,13934.90723,13500.11719,12240.98047,14647.66113,13305.80566
Q9UNN8,10217.6709,8927.444336,10507.38477,8749.638672,8526.601563,7506.050781,8177.675781,17256.87695,19166.79102,17675.24414,17651.29297,16931.41992,18083.51367,18514.18555,36714.21875,34230.23828,35618.84375,34646.65234,33867.35938,33087.40234,26110.47461,25341.01563,25059.07813,24757.97266,25487.73047,23764.56445,27166.41406,20643.90625,22167.29297,21612.50977
Q9UNW1,16822.55664,15855.41797,15851.53418,16254.69238,12293.43555,12919.5,12793.23047,14740.68164,14028.18555,15614.32617,15570.78418,14219.70801,13796.65234,14154.65723,17528.79297,16801.33594,14068.39941,14761.77637,12724.40918,14183.37695,17570.77344,14777.83301,16468.20703,14401.39941,14405.25098,13491.8291,11407.95801,13622.98828,13283.75488,15933.65527
Q9Y274,135309.8438,146459.3438,131512.3125,143625.375,137546.6094,147659.3438,162083.7813,155464.8594,147948.4219,133521.7188,149183.0781,155261.7656,150763.2813,152445.375,135764.6875,133299.5313,137240.5781,137078.6406,145776.0625,150074.9375,106773.5391,103395.6016,109085.75,111409.6328,100203.5703,110433.6406,101573.25,137639.5469,151181.9375,163162.5156
Q9Y337;Q9Y5K2,125048.4922,119829.3281,130028.4297,120860.9063,121287.5547,129196.8281,135106.7813,152463.2656,126584,134446.5469,136980.1719,130941.1094,144026.8281,147422.7813,134677.9219,134391.25,133281.2813,137800.8594,152047.7344,150746.8906,143178.375,124078.5625,133118.3281,133731.7969,122793.0313,143473.9219,139359.2969,123744.7656,129351.7969,121261.9219
Q9Y490,17812.17383,21104.75195,24280.42773,23451.0625,20320.72266,25990.77344,35449.09375,35145.09766,42363.75781,51146.29297,40674.95313,47672.33594,38284.90234,47902.76172,40977.73438,46726.96094,32905.79688,31490.07617,32382.37695,42624.52734,33209.64453,44652.14844,58899.70703,36842.48828,46986.07422,37366.14063,48041.33984,35449.54688,39325.73047,36551.29297
Q9Y5C1,36282.20313,NA,37849.55859,24962.48047,NA,33948.39453,22313.24805,16846.79102,11368.76855,13694.6416,14927.67188,14322.2168,17338.22266,15008.09961,23266.59375,21219.85938,19109.35742,19173.25391,26421.08203,18207.96094,22689.95508,24217.21289,23054.56836,21098.16797,19396.25586,18115.63281,15416.85547,23464.14063,22746.08008,25830.48047
Q9Y5Y7,16676.10156,15420.37793,14739.10059,15013.83008,15045.57227,13762.16211,10907.52734,18937.33984,18076.57617,18804.35156,20147.8457,19227.875,15248.31152,14807.94824,18029.7168,19409.82617,19678.64844,18314.80664,17683.07031,14387.6543,16957.61133,15995.12109,15715.65527,17784.48633,16818.86523,17529.17188,15221.98633,15250.65332,15617.85938,14050.77832
Q9Y646,3866.938477,6505.411621,5255.248535,6218.141113,5412.322754,5445.664551,5188.134277,7614.85791,8648.192383,9388.785156,9536.480469,8288.174805,10156.03027,8448.914063,6976.150879,6637.429199,6497.538574,6982.20752,7917.199707,8838.535156,8756.227539,10081.78125,9809.567383,9979.400391,9882.175781,9008.503906,8395.589844,7980.64209,8972.470703,9002.147461
Q9Y6R7,33592.51953,32462.83398,31675.19727,27769.47656,29848.57422,28270.74609,19908.3125,41736.41797,39768.83594,40325.16406,41327.07813,40448.69922,34052.68359,32700.07227,49440.60156,48557.09766,46254,47344.28125,38940.39453,25140.57617,58957.17969,58918.73828,58785.00781,55809.38281,57028.88672,52465.34766,50937.08594,31977.41992,30555.90625,29783.7832
