Accession,112472,112478,112484,112490,112477,112483,112489,112495
DJC13,1054.542114,442.7483215,553.6154175,1183.000854,1379.755615,382.2014465,14.5002079,948.6854248
TGFB1,1591.782349,2800.04541,1251.51123,,,4021.772705,7287.611816,1893.237915
PP13G,1007.233887,18.06535912,2194.60376,1197.674683,,766.1262207,1064.929077,1228.083374
CHMP6,7.538895607,4900.352051,5247.905762,947.8886719,1539.774658,9.65764904,7385.961426,395.0384827
WDR44,2710.114014,3931.849365,,2047.109497,953.1046753,3030.303955,2453.09082,2276.271729
NUDC1,1973.046143,2192.693848,1317.635864,4417.962891,1322.374756,2187.740479,1163.485962,1697.070313
ASPC1,4693.021484,1259.215942,2063.884277,6.98319149,3823.94165,,4001.453857,
P4K2A,1576.211792,3779.956787,2846.37207,3407.008301,602.0553589,2998.863037,1870.383057,4040.200195
IGLC3,3836.482666,2719.30127,,,2854.267822,1932.716919,1142.12561,
ADCY4,7634.994629,,13.04256248,,13.03634357,12.40161133,13.9291935,13.40124512
USO1,2596.685791,,1991.932617,1838.853027,2195.525391,2936.167969,1902.061646,2629.883545
PWP1,1588.104248,2674.52002,2387.570313,3963.929443,1041.563965,3241.022949,2257.427979,2196.303955
UBA6,2362.764404,1260.929321,284.5372009,,,1772.210815,864.9302979,550.8235474
PYM1,3131.145508,4739.008301,3182.222168,3075.355957,,5266.307617,3354.078369,2533.564697
AUNIP,,4188.147949,17775.72656,,,,22260.79688,
TMA7,917.6790161,1055.039063,3528.437012,2313.555664,2498.798096,,,2076.753174
MGLL,4447.011719,920.6190796,2315.677979,1434.675537,5256.880371,2101.231201,1975.973389,165.2568359
RNAS1,2432.965332,2420.894775,920.3508301,2223.585938,1427.091797,1856.959717,1882.557251,
TMM40,3214.875244,2196.728271,2573.860107,2691.208252,2322.068359,2073.062256,1947.668823,42.12053299
VDAC1,2468.165039,494.2955627,,1808.338745,3233.283203,1368.456299,1457.843994,1682.637085
APOL1_3,,3370.901367,,1125.779663,,3222.912598,,
CHM1B,3588.400391,2492.877441,2629.325684,2595.296143,2364.806885,2874.133301,2662.999268,2984.036377
ARRB1,3969.029297,2915.912598,2869.248779,4645.025879,4271.705078,1905.466431,4276.905273,3659.984863
CLIC4,3475.019531,2430.885986,3227.617432,2049.811279,2091.973389,3074.365723,2926.565674,2290.550049
ANXA6,3792.881104,3203.920654,2235.076416,2181.700928,3232.905273,3673.31543,3027.189697,3037.539551
MT2;MT1A;MT1G;MT1H;MT1X,3512.628906,4052.710205,3978.220459,2619.946777,1829.681519,1643.092163,2811.34082,1901.609741
STABP,2650.915039,662.588623,3859.724854,3503.405762,2045.331909,3560.218994,3782.937012,3855.749023
COX5A,3976.499023,4519.086914,1854.605103,3476.303467,2477.775391,3688.247559,3146.388184,1867.63208
SURF4,8209.360352,9317.600586,9613.235352,2758.647461,,9500.40918,10090.58105,8231.72168
DREB,4399.128418,2992.270264,4109.030273,3799.752686,3606.682617,3719.535156,4045.872803,3103.773682
DCTN4,3661.291992,4153.361328,2405.536377,4096.135742,3491.020752,4043.889648,1609.101196,3997.305908
CAD13,2648.549316,3636.503418,3913.229736,2335.478027,2263.321045,2941.04126,4220.707031,2703.886475
PGRP1,7188.698242,3918.431885,1717.587646,2941.968994,6063.820313,3341.121582,2187.964844,2366.947266
AP4A,2880.628418,3272.149658,5265.908203,3655.824951,990.0307617,3506.787354,4568.162109,2699.419189
PIGR,3832.242188,,4352.248047,3180.164795,2823.031738,,3050.452881,3542.616455
GFRP,3996.293457,7909.691406,9290.634766,5257.985352,5607.880371,8017.625,10631.80664,7447.816895
G6B,5778.567871,4316.060547,4751.914551,4297.358887,3412.694092,4766.208008,6160.496582,3191.367676
NEXN,1903.163208,3224.542969,4316.330078,,3579.218994,4096.793945,2666.503418,2578.08374
RHG18,4244.212891,3867.262451,2763.919678,3259.858398,5020.07666,3283.750977,3279.696045,3254.646484
EP15R,2774.394775,5722.921387,6670.424316,4253.795898,3956.698975,,6611.979004,3914.273682
PHS,5065.933105,5669.57373,,6027.651367,7789.258789,7365.753418,3011.978516,6509.741699
SP100,,6783.165527,1832.251709,,,5486.286133,,
PIEZ1,5876.490234,8024.556152,8196.359375,,4087.554688,7467.3125,8419.210938,
LYVE1,5561.126465,3206.206299,4225.712891,3191.301758,3752.528076,3317.137695,4662.48291,2873.685059
CD2AP,2513.641846,3819.658936,2979.0354,,975.1759644,4249.182617,84.11751556,2201.595703
EPN4,2534.801758,3538.375732,5463.327637,4592.799805,3163.121094,6563.069824,5234.044434,3258.44751
CAB39,4550.240234,5793.945313,4891.585449,4841.456055,3996.661133,5336.378418,4592.730957,4337.550781
CREL1,,4584.621094,6943.904785,5654.413574,,4872.398438,4819.055176,6302.949219
HV158,6856.216309,,3964.653564,4857.924316,7320.322754,,4286.788086,4136.839355
ABCF1,3078.592773,4221.975098,3810.63623,1988.074219,2659.235596,5352.65918,3642.130859,3658.731445
IF4A3,3584.017822,3893.91748,3195.345703,5319.34668,5601.573242,2924.154785,4534.210938,4323.856934
SNX15,3062.670166,3958.598145,,4531.355957,,3757.011475,5333.415527,3596.104492
KCMF1,4138.206543,5162.272461,4357.720703,4721.408203,4586.211914,5631.415527,4209.539063,4405.583496
MY18A,3551.30835,5714.808105,5950.741211,4060.949707,2893.076416,5767.151367,5096.936523,4459.175781
FCERG,5161.621582,2626.634521,3358.000977,3227.915283,5246.980957,3739.774658,3135.55127,3022.647949
RDH11,3772.689453,5395.297363,5077.473633,3018.521729,3975.611572,4052.251221,4612.388184,1545.607544
PPCT,5243.38623,11219.57813,1151.83728,16609.38281,5718.351074,9994.225586,6506.307129,18435.9043
CH60,6262.959961,3814.018066,5254.517578,4972.722656,5810.491211,5023.09668,4780.459961,3592.125488
DC1I2,3547.774658,5256.253418,4419.950195,3462.555176,3176.75415,4708.890625,4701.140625,3685.409912
PYRG2,3393.394287,3251.814453,5193.748047,5185.877441,1649.049927,2719.835938,6255.124023,4962.950195
AP1S1,3777.10791,5797.161621,3468.740967,4047.589111,3124.974121,5100.412598,3637.641357,6736.283691
CY24A,6312.531738,6385.80957,2219.924316,3990.447998,5183.013672,4111.31543,3396.705811,3848.309814
LV312,,22139.84375,,,,23105.4668,,
SYFB,7782.147949,6303.160156,,,7869.470703,4964.14209,5687.765137,3017.214355
MTURN,3819.628662,2561.495361,5103.173828,3203.153809,3787.462402,3110.15918,5327.922363,2496.621826
VNN1,4451.96875,,,9950.148438,3926.105713,,,10321.25684
VP37A,3375.682129,4884.412109,4051.644287,4026.558105,2951.87793,4427.807129,3819.30542,3841.645264
DPP9,5248.558105,6328.834961,4918.294434,4663.113281,3304.929443,5711.447266,5377.643555,6716.609375
ARI2,4892.961914,5293.222656,5645.5,5347.427246,4184.366699,4950.877441,3218.841064,4212.475098
PPM1F,4262.075195,4737.836914,4627.575195,5544.068359,4100.660645,4910.753418,5402.303711,5192.280273
SYRC,3881.003906,4906.905273,5816.077637,,,3956.610107,6033.772461,
RS4X,4502.772461,5103.492676,5036.201172,5408.436035,4394.312012,4233.209473,6083.172852,3990.145264
TWF2,7001.731934,6653.607422,8767.821289,4023.515869,9533.481445,5609.871094,7258.024414,5626.804688
EMIL1,4610.133301,4985.67334,5335.617676,4874.876953,6419.638184,4713.493164,4566.428223,5083.219238
SPP24,4804.555176,3199.543213,7285.017578,4718.163574,4400.986816,1928.406006,9177.68457,3973.47998
FHOD1,7748.773926,8301.545898,7984.046387,2882.621826,5372.837891,6362.305176,7296.161621,
CD36,10773.39941,10777.55957,5617.876953,7964.392578,11658.38867,8096.716309,5748.635254,6283.59668
LANC2,4117.140625,6726.493652,6815.140137,6910.02002,6614.169922,8416.991211,4428.568848,7400.524902
2-Sep,5285.950195,7744.729004,6476.310547,9798.861328,4167.089844,4048.710205,,10523.99707
K22E,7413.83252,7314.654785,5705.789063,8651.203125,6632.526855,8602.999023,6436.720703,5650.626465
XRP2,6629.431152,5136.290039,6037.884766,5702.384766,5554.593262,6036.130859,6155.161133,5968.38916
CYC,5967.980957,5619.743652,4543.699219,5737.903809,6167.806152,4703.801758,5775.742676,3876.452881
6-Sep,6428.005859,3433.755615,5810.76416,5420.397949,5347.325684,6078.555664,5494.311035,5065.383789
DPYL2,3154.722168,7305.410645,4518.359375,7781.312988,4065.61499,7977.82959,4986.601563,7294.515137
GMFG,4940.485352,4573.929688,7267.063477,4443.663086,3811.594482,5114.542969,6715.375977,4792.134766
CHRD1,4920.790527,5953.242188,4628.400879,4397.554199,4206.054688,7632.922852,6199.318359,3992.756836
PLS4,10682.72168,10889.84863,,8867.12793,3875.296387,11280.8877,3745.175781,9961.108398
RAB14,3681.022705,7359.998047,7384.500977,6657.154785,4316.22168,5474.244629,6398.62207,5018.467285
SNP23,4556.033691,3811.801514,4369.05957,4667.978027,3628.05957,4436.888184,3737.300781,4212.563965
IF4G1,6969.408691,5627.539551,4726.834961,5622.181152,6138.229492,7618.528809,7196.673828,5664.425293
PNPO,5173.775879,3218.987305,8897.943359,2525.657227,3905.003662,2504.539551,8783.869141,3590.660645
PFD1,8565.954102,4003.897217,8539.051758,5064.092773,7807.660156,4248.599121,7162.419434,3642.553955
SRC,6304.123535,3668.773682,4315.749512,3027.422119,4387.989258,4509.52832,5494.322266,4125.230469
MTNB,2494.141113,9701.114258,6422.620117,6455.046387,3549.553223,9741.59082,8941.507813,4725.353516
SCRN2,5239.899902,5908.632324,5660.134766,4964.474121,4741.116211,6524.458008,5283.160156,5966.722656
AAMDC,4693.74707,9792.647461,7910.740234,5517.115723,5181.572266,10346.98242,8785.868164,8819.787109
DDX17,4119.783691,3745.284912,6230.212402,6437.661133,4091.563232,5778.583008,3972.55127,6792.469238
STX11,7739.982422,5969.665039,6229.077637,5619.36084,5120.13623,6211.449219,5625.266602,4988.221191
ECM29,7318.163574,8838.704102,7330.942383,8094.962402,7044.248047,10059.47168,7940.335938,7640.010254
PABP1;PABP3,7184.591797,7443.88623,5739.253418,6621.52002,9734.839844,6338.356445,8230.370117,6323.603516
DOPO,,6164.896973,6758.477539,,,4209.195313,7222.972656,4515.633301
KS6A3,4936.092773,6716.960938,7755.0625,5588.208984,5372.017578,7614.914551,6577.730957,6371.630859
RHOG,6639.612793,8025.39209,4404.323242,5749.97168,6555.700684,6801.492188,4508.780273,4118.793945
GLGB,6577.299805,7631.584473,9172.021484,6995.318848,7554.589355,6513.625977,8611.829102,8287.773438
VP37C,7384.730957,8013.914551,9823.130859,7291.075195,8294.169922,7370.876465,8376.730469,7702.493652
EF1D,1732.599243,8423.698242,9949.571289,4555.272949,3600.59082,8303.448242,9828.125,4963.834473
SPAST,3779.432617,5057.408203,6712.67041,3914.833252,4722.211426,6816.838379,6182.974121,5938.224121
PSMG1,3681.048828,5119.353027,6222.625,5577.316406,4236.171387,5749.462891,6734.287109,5886.516113
RTN3,7573.71875,5787.643066,7731.800781,6495.644531,7775.545898,6963.709473,7541.675293,5729.144531
UBA3,11359.85254,9244.376953,13100.97754,9054.998047,11690.37598,11162.28223,6172.515625,8548.703125
NHRF1,8330.211914,8754.4375,6506.979004,7323.71875,6891.635742,9113.213867,8040.958984,8047.340332
SNX9,6440.502441,6645.46875,6665.019531,6246.168457,5530.028809,6680.671387,7745.294434,7650.585938
SPRC,6601.226563,8926.369141,8492.499023,5245.711426,7278.539551,8399.216797,7964.629883,7280.774902
ACOHC,8271.175781,8053.819336,7304.155762,8177.27002,7155.657715,8075.969727,6826.432617,8197.446289
ROA2,7406.393066,7471.328613,5881.227539,7828.485352,6768.851563,7133.204102,5651.822266,8156.867676
P5CR3,8715.334961,,1772.090454,10953.13281,12812.94336,2005.493408,3605.124268,13109.59961
GSTT1,15935.38672,8024.312012,60.25392151,,16759.375,8194.298828,,
ATAD5,5663,7130.286621,6530.22168,6824.368164,5350.594238,6471.348633,6991.824219,6068.280762
HDDC2,9852.851563,7880.85498,6819.069336,4627.912109,10250.12207,10207.12402,7812.093262,4783.749023
GUAA,6284.125488,7115.905273,6918.625488,8338.546875,5447.172852,8693.654297,6874.536621,6004.711914
VATG1,8115.222656,9018.869141,4746.303223,8074.636719,7665.044434,8861.59375,6456.747559,9369.004883
PRPS2,6119.981445,10144.90234,6635.367676,5196.727051,6054.195313,9355.514648,6520.848145,6780.678711
AMPB,6036.01709,7614.089355,7067.455566,7816.094727,6142.363281,7874.616699,7156.950684,8160.020508
NEDD8,9251.541016,8050.175293,8689.411133,6463.622559,8260.006836,9264.15332,8303.762695,7507.786133
SNX2,5582.255859,5783.621094,9914.143555,6162.135254,6289.550781,5798.26416,8357.364258,6631.570313
RS21,1275.976318,5387.648438,3481.006348,,,8055.899414,6059.189941,1957.746582
TBA8,10421.58008,9041.525391,7190.861816,11145.2998,835.0735474,10643.04688,11285.39258,13605.54004
DCAF6,6623.07959,10093.46289,8037.322754,7925.591309,5351.177734,7744.284668,5925.035156,6337.547363
ROA3,6290.739258,6073.690918,6608.876953,8339.962891,6169.746094,6690.496094,5799.234375,6990.367188
GPIX,9748.753906,5554.210449,5304.461914,6271.459473,10290.49414,6723.268066,5987.943359,6796.121094
SCRN1,5236.069336,9409.696289,11104.2207,7534.28125,5018.433105,9154.311523,10302.96289,6704.719727
RL34,7120.406738,,10923.50391,6631.431152,12246.1377,10410.26953,,
RBM8A,11323.67285,12609.24512,15804.55078,9225.998047,10360.85547,14351.7832,9747.78418,11963.16699
ADA,5250.521973,5527.957031,6687.612793,7095.304688,3882.323975,7713.9375,9292.606445,6443.78125
WDR91,7383.680176,7038.135742,8741.929688,9425.902344,8446.708984,7926.854492,7050.934082,9687.881836
HV108,14136.10156,,6197.512695,8282.926758,11522.65625,3518.635742,7864.381836,7011.100586
DNM1L,10154.9707,6951.731934,9686.557617,6486.038086,10087.82129,7420.992676,11024.0918,6512.587891
RAB35,7195.827148,7171.466309,5930.067871,6553.347656,6849.478516,5927.164063,7576.54248,5907.096191
EH1L1,6758.116699,7521.827148,7974.126465,7157.175293,7322.48291,8610.883789,7016.047363,8177.969238
GPX4,7564.92627,7445.657715,8574.493164,8317.663086,8039.51123,8830.375,6866.211426,8592.626953
K1755,6937.947754,7644.209473,17087.63867,,6292.391602,7317.378906,19098.05664,
SPB6,17424.39648,4659.947266,7046.236816,5404.033691,16548.16602,13818.2041,,
ARP5L,4036.128662,,9319.47168,7366.702637,5135.45752,4874.06543,7655.24707,6764.722656
PEA15,5920.943848,5287.711426,10281.19043,8973.612305,5869.29834,6379.674805,9670.805664,8556.217773
JUPI2,6696.561035,11626.86426,7562.310059,6178.709473,6557.932129,9176.766602,5316.142578,9365.089844
DEN6A,26375.76953,9604.179688,21901.97266,,17588.01367,11019.22852,21871.38281,
PTN7,7287.053223,7642.329102,7141.216797,7317.212891,7040.791016,6810.906738,9758.756836,7328.975586
T22D1,4151.745605,5251.988281,7651.026367,6601.574707,5513.905273,7176.066406,8959.402344,6824.00293
CUL5,7720.404785,7933.536621,7972.097656,7178.873535,7923.154297,7686.907715,7285.070801,9637.894531
CSK2B,8446.323242,11945.39648,10237.0166,6811.358398,7702.249023,8047.115723,7643.615723,
IGHE,21483.95703,,,,22982.17188,,,
H2AZ;H2AV,6068.240234,5195.04541,,5018.339355,8538.657227,7057.330566,,5728.970703
ROCK2,6938.881836,8180.277344,7993.444824,7071.840332,6604.850586,8128.367188,8350.258789,6098.396484
PKHF2,5866.22168,7542.509277,8092.317383,5793.76416,6018.615723,6189.518066,6018.237793,5863.964355
IDHP,9032.626953,8399.510742,10219.85059,8159.57666,9969.834961,6925.563965,9325.0625,8697.391602
HV741,6765.349609,7852.627441,13430.78418,23009.87891,,,6213.05957,19305.19141
RLA0,7055.559082,11164.68164,4824.473633,9054.602539,5677.367188,11383.8584,5696.228516,7346.203613
SYSC,6131.632813,10777.93164,8941.395508,9864.306641,7054.268555,12505.5957,8905.638672,9902.547852
PFD4,11557.92969,6928.395508,11364.14648,8858.972656,9608.985352,8522.525391,9543.945313,9107.84375
HNRH3,8124.705566,7216.641602,7777.223145,8875.568359,5930.47168,8652.213867,10088.6709,7221.547852
PANK2,8201.53125,9346.033203,6699.070801,7452.34375,8918.238281,6450.558594,8565.170898,9158.920898
CLCB,3374.373779,6925.978027,9425.311523,8045.379883,3104.020996,7081.987305,10349.77832,7817.751953
MA2C1,3436.628662,10579.65625,8283.233398,9090.918945,7030.589844,11797.56152,8556.685547,6827.158691
SCAM4,2786.171387,6062.564941,5707.69873,6413.625,,7128.876465,3878.523438,2722.904297
GMPPB,5916.860352,8168.38623,8596.643555,12741.92578,4464.570313,6766.43457,8908.578125,14601.24023
CD99,10289.16016,8446.261719,8188.364746,10544.64746,7340.84668,11918.03418,9268.126953,10185.97363
SNF8,9328.006836,13141.11328,10805.61035,,8922.650391,12633.08301,9507.635742,7602.67627
ACSL4,7790.138184,9960.776367,9538.098633,10810.64063,8337.764648,8467.69043,8195.77832,11057.50391
BASP1,10314.56934,10721.39844,7033.02002,7147.57373,10133.55859,10673.80664,6798.770508,8170.607422
KC1A,8791.522461,10659.80273,10229.37793,10552.2373,9070.674805,12675.37695,8960.801758,11445.46582
TNPO3,5810.118652,8490.271484,6111.140137,6724.127441,6391.945313,8343.521484,7161.199707,6855.201172
TIPRL,7093.100098,7648.236328,6113.11377,8242.129883,7895.848145,9634.092773,7951.457031,7762.142578
C1GLT,5102.569824,9579.863281,8830.458984,,4373.407227,7947.259766,10415.77539,
LRC57,7884.459961,8817.828125,11939.36426,7061.251465,5620.713867,6911.548828,10406.21777,7534.204102
IR3IP,7770.697266,8669.029297,10596.0752,10509.6123,8305.813477,10239.1416,10707.45313,10158.20117
WIPI1,11289.34961,7250.920898,6271.75,5663.165039,6723.249023,8993.509766,6440.586426,10193.15625
FCG3B;FCG3A,10424.24805,5915.158691,7281.061523,3513.479492,9764.378906,5635.611328,4140.580078,4623.299316
IL18,8208.761719,10961.91504,5596.345215,9565.871094,8698.803711,10801.45215,2695.859863,11863.42871
IF1AY;IF1AX,9032.740234,8098.39502,6528.616699,7870.130859,7432.973145,6771.045898,6511.690918,8354.837891
SELO,9380.046875,17073.54102,,10613.84961,12318.05078,17162.3418,6938.092285,13831.1084
IMA4,13819.17578,8907.972656,12679.80371,6842.415527,11247.6875,8623.80957,10313.87988,8466.480469
RAB8B,6211.675293,17618.125,15417.61816,794.3058472,7665.574219,9757.493164,11525.68262,6765.318848
H37,9146.780273,9558.537109,5912.389648,10932.72852,9560.483398,10610.53027,6215.216309,10595.86426
CORO7,7296.342285,12021.42676,7795.798828,8125.243652,6053.124023,13047.10352,7641.487305,7361.593262
EGLN2,8604.867188,25408.06445,8267.946289,21665.00586,23563.83789,22954.25586,18230.8418,27538.46094
TENS1,7504.594727,11525.70117,11114.50879,10623.50293,7238.974609,11945.30566,10758.90332,10048.28711
STAM1,5056.516113,9014.204102,8629.116211,9453.491211,12417.43262,8171.799805,8254.115234,10133.88574
ENOPH,1882.063232,7616.129395,9506.899414,14437.73926,7077.558594,8464.211914,7719.777832,12559.84082
UBP45,9758.893555,,7793.229004,3782.52417,8940.697266,6048.22168,5620.205078,3408.308594
OTUL,9731.385742,6924.77832,9204.009766,9835.166992,10246.11523,9078.551758,8320.993164,8615.451172
AHNK,10090.55469,4908.981934,6900.383301,12032.47363,8931.229492,6808.393066,7650.04834,11049.43555
COMP,9781.90625,6843.575195,7481.686523,10787.11328,9553.053711,6417.555176,7002.873047,10653.22559
HV311,10148.66406,11151.5625,10055.12305,1006.492065,6912.840332,11811.02344,8084.312988,3631.987061
ELOC,8780.707031,13054.09277,11542.23047,8082.348633,6768.800293,13096.55371,10662.80273,8483.787109
PCNP,8639.666992,8417.415039,7826.001953,7958.432617,6271.185059,8432.81543,7664.35791,8148.587891
BACH,7091.28125,9802.71582,3297.907959,8388.105469,5303.32666,11677.24707,5513.039063,8039.157227
RIR1,10437.13379,13164.6709,9151.855469,4563.64502,10545.62207,14095.57715,9890.948242,4473.345703
ARC1B,9458.757813,7423.695801,6719.504395,7658.052734,9093.496094,7096.278809,8688.375977,6332.996094
REEP5,7926.073242,8616.798828,8397.18457,8034.462891,5793.085938,6566.263184,8115.041504,6491.385254
7-Sep,7071.145508,6981.794922,5972.567383,8319.362305,7440.228027,6328.583496,8560.358398,8795.022461
RLA2,7405.708008,15037.22168,6635.120605,8902.320313,8313.555664,14925.29785,6953.884277,8445.326172
DCTN1,9763.974609,9025.37207,4861.434082,8686.849609,9318.525391,8072.460449,5169.085449,8172.648926
PP6R3,8866.200195,12616.14941,9406.650391,11214.41602,9302.572266,12015.12012,11710.08691,11189.8418
EMD,9521.967773,7521.154785,9635.324219,8976.375977,9651.489258,8252.404297,8086.535645,5338.026367
OPTN,8719.69043,8127.896484,8835.289063,7039.413086,8124.799316,8020.979004,9893.408203,8842.870117
PGTB2,10952.08008,16767.05078,13351.29688,10991.54883,7571.03418,16586.39648,15375.02246,12208.45703
TBCB,5567.447754,9819.433594,10722.36719,10207.6377,8706.512695,8671.734375,9856.907227,8910.279297
RETN,11581.99805,8258.415039,,11425.98633,12955.38379,9719.121094,6450.889648,12336.2002
KVD08,20249.25977,7334.404297,,10366.05957,22806.91406,,10102.54297,
SH3L2,9376.987305,9680.508789,11102.74902,6839.835938,9916.671875,8548.637695,11433.63477,5941.200684
CRAC1,10267.79785,8392.126953,9167.880859,10407.49805,10865.05664,6848.070313,8222.945313,10836.36133
IMA3,12860.76172,10095.99512,9034.117188,8692.725586,12219.08887,11039.69629,10720.03711,9597.439453
DCA11,8982.697266,12612.59375,7495.394531,7299.000977,8003.705566,11784.10156,6020.063965,6715.547363
PRDX3,4814.758301,8061.258301,7920.050293,6429.046387,8144.461914,4817.82959,9172.027344,
HLAA,13199.22656,9464.873047,7983.94873,7383.275391,12324.12793,10377.58887,7725.756836,7567.955566
TTC38,6930.449219,,9198.864258,10860.05762,9582.782227,7713.125488,9968.455078,7940.736816
PROZ,5726.419434,10753.50391,9629.419922,10335.81543,5246.50293,7965.266113,8017.84082,11367.40039
VPS35,7459.762695,7730.274414,9197.230469,9072.347656,7054.622559,6510.730957,7796.251465,9932.130859
JUPI1,5698.942383,12185.6582,10078.82813,10226.47168,6261.071289,11678.50586,7616.643555,10571.51758
TMEDA,10087.08301,8381.046875,9370.188477,11546.95508,8731.013672,7766.106445,10273.84473,10168.92969
CASP3,9912.680664,9981.633789,8627.816406,11246.45313,8061.958984,11298.69336,11335.5957,12028.25879
ENOF1,3464.734131,7063.512695,11471.33301,15673.02832,3224.776123,880.0078735,13062.12598,18132.18555
HCLS1,8900.500977,9362.788086,10894.04492,10919.14648,10509.72949,7601.329102,9419.799805,8622.59375
EPS15,7536.150879,9086.427734,11587.43066,11270.75586,6875.851563,8836.865234,10176.18555,10865.1123
METK2,8176.256348,14554.44043,10510.57031,11098.81152,7176.827148,11717.44629,10344.22656,11584.13086
DGKA,8280.481445,7762.826172,8377.669922,7177.958496,8429.051758,8142.890137,9638.402344,6864.507324
YKT6,7466.711426,8674.543945,8907.276367,7206.72998,7436.364258,10360.5166,8856.626953,10220.12402
AHSA1,12497.61133,13099.8916,11003.54492,11486.76172,9628.258789,12767.0625,10068.20605,10783.49512
PI16,10978.70898,9047.477539,7787.790527,5082.817383,8553.991211,6676.180664,8587.476563,3307.958008
YBOX1,8949.235352,7291.345215,9447.378906,9982.75,10905.51563,13917.45996,9044.230469,7859.399414
COTL1,12010.20996,10024.96973,7979.864746,9182.796875,11817.61621,10894.68164,9396.731445,8680.855469
ISG20,10722.29688,9415.463867,8418.075195,6307.157227,7357.796875,10089.79199,9140.452148,4388.86377
RAB2B,12505.53809,11455.66406,13493.65918,10372.9375,10499.09863,11604.81543,12276.34961,11681.92871
EIF3F,8177.921875,9261.907227,8947.551758,7846.414063,,10035.22559,10638.11035,7838.650879
SMIM1,8841.392578,7999.407227,9818.71875,9426.291016,9027.675781,8831.900391,8050.753418,8711.826172
MDHM,10417.94922,,10331.16211,8062.037109,9447.765625,4920.800781,7991.959961,8805.633789
PGM1,9607.994141,8960.876953,10896.12891,11977.32324,8160.904785,9745.102539,9909.068359,10764.25293
RALA,9948.224609,8649.181641,10465.15332,11538.33984,9212.867188,8319.161133,10189.65918,8871.108398
S25A3,7369.993164,7415.828613,11731.70801,9679.744141,11452.65039,9036.981445,11662.52539,8264.34375
OSBP2,6599.637207,12863.6084,10634.16504,8488.576172,8124.888184,13288.31543,10239.69922,9770.091797
MNDA,8077.184082,11893.43066,8082.791992,11199.46582,6254.964844,14049.94238,8030.87793,10338.68457
KV502,3211.825684,14929.13184,8780.661133,,5938.039551,14452.93262,10074.94629,
RBX2,11133.05762,8303.634766,10256.85547,9457.109375,9661.612305,6925.056641,9336.886719,9845.579102
LSM3,10815.73047,15907.88281,15955.9668,6787.770996,12509.88965,10789.97266,18321.30273,6508.20459
COR1C,13802.86426,8287.701172,12148.1123,6042.19873,11351.03027,11809.1582,12451.25879,5795.156738
ABCB6,12281.35059,11699.77637,11544.43555,10908.56152,12167.20215,10682.56836,12172.9375,11390.83496
XPO4,8679.814453,9526.722656,10085.12988,10938.83496,6632.910156,10730.44434,7677.801758,9371.293945
PFD5,12414.59766,6293.94043,9907.824219,9168.233398,12227.89746,7184.67334,13016.62891,8431.655273
GMPPA,5307.655762,7757.500977,8683.847656,16394.92578,3697.828125,4333.61084,10593.12988,16362.27246
AT2A3,12311.39844,10657.81348,9232.120117,8358.026367,11068.9082,9715.865234,11935.46777,8351.990234
SYAC,10189.93945,11837.61133,8554.330078,8958.368164,8299.905273,14395.58398,9464.089844,9702.456055
LY66F,10223.58105,11350.30664,10463.83594,7811.940918,11240.5918,7374.815918,11261.79004,9023.981445
BIN2,10163.30273,9149.834961,11505.40332,8036.337891,9239.621094,8434.220703,13550.63867,6560.158203
ARPC2,10635.21094,11000.36133,11421.2002,10604.21387,11835.17285,9406.751953,13597.26172,10103.15625
SRGN,6148.89502,9603.981445,9497.453125,10437.60059,6488.205078,9425.579102,12672.33301,6021.407227
PDCD5,13308.19922,8143.237793,12144.91699,11206.95117,15435.09863,8166.105957,10474.32324,12499.28809
TSP4,11438.80859,8203.087891,8650.176758,12944.69141,11769.88086,7616.18457,9460.734375,14567.25977
DAZP1,10507.67383,9614.006836,12431.625,11899.9668,10397.83496,10062.99219,12233.98242,11120.83691
MYL9,12004.92383,5991.561035,10412.25391,5755.478027,12084.74121,6437.377441,11318.46387,5139.29834
ABCA3,5994.266602,13642.60449,5975.59668,,,13419.48438,6502.229492,
GBRL2,4593.196777,6760.958496,7079.741699,1315.497314,1216.43103,1246.242676,7202.057129,9973.828125
GNAS2;GNAS1,8907.076172,10901.41016,9936.251953,10878.57227,7815.842285,12332.12305,9206.792969,9839.563477
ATG7,8290.175781,8607.261719,10230.08301,9945.180664,10700.81152,9264.863281,8647.542969,8613.896484
FHR5,11635.03027,13363.0498,8035.12793,13284.72363,13321.32129,11303.16113,,10706.66406
TS101,10616.58301,11394.08203,12274.72559,11096.47754,10829.03613,10905.81738,11370.80566,10607.95117
ERF3A,7792.137207,13263.35059,9721.131836,12032.99121,9276.301758,11838.99414,9974.857422,10220.71777
ABRX2,7962.736816,10399.99512,9875.693359,12109.41797,7029.052734,12097.34375,11677.83496,7918.109375
PRG4,8373.350586,9966.000977,3526.608154,11074.35059,8419.264648,10104.06445,7152.641602,11256.71289
MARK3,8990.243164,13590.14258,10637.12598,11961.49902,10416.98145,12741.80273,10639.70898,10341.45996
ZCCHV,9720.689453,10857.05273,10664.66113,11307.95508,8440.085938,10893.80371,10630.87109,12756.92676
HPCL1;NCALD;HPCA,10795.41992,11526.41895,14786.64355,10097,11912.73242,13928.05273,15279.33789,10250.81934
CRIS3,10113.05176,9296.404297,8173.01123,8573.070313,8792.836914,10060.71875,10389.41602,8376.236328
PSMG3,10246.65918,13741.71191,12001.625,13866.72363,11427.43652,11674.09375,14740.79004,13455.21191
ATX3,10747.60059,10341.66699,12011.10352,12347.08691,10735.75,10060.92285,12035.66016,11824.32031
LPIN2,11819.62305,11393.61328,9779.842773,8042.679199,12983.43555,12458.09473,11235.45605,8160.584961
GTR3,14273.8623,5512.817383,11424.36426,11126.84961,14084.25879,5795.833984,9940.154297,11881.56641
HXK1,13911.26074,10842.77539,12029.19824,12884.95801,13805.28125,13542.87793,11601.65137,11736.60449
PAK2,10554.00781,11798.61328,10064.44531,12664.2793,12354.96094,11776.30957,11971.12891,11850.52637
ANFY1,10358.82422,11591.41602,10877.20313,9812.942383,10060.67383,10215.36133,10988.52734,11710.0498
IGF2,12272.14648,11999.64258,12391.25098,10820.07715,10932.60938,12563.37305,13411.47754,7207.692871
PZP,27943.74414,11179.16602,1380.686279,2590.92749,26520.10742,11760.55078,5488.117188,834.5201416
AP1B1,11544.34277,10012.08789,14453.61426,10944.3623,8816.104492,9562.663086,15707.12695,10547.06836
BPNT1,9352.664063,7500.899414,13212.51855,13339.69336,8676.887695,8389.726563,12070.93457,10594.2334
HNRPD,10261.8418,10598.75,12101.47754,11816.86816,10572.43555,11529.7627,10619.5625,9864.55957
HMBX1,,12149.72852,10120.39844,15285.24414,,11624.82129,14133.25,15377.13477
MOB1B;MOB1A,10768.79785,11100.00391,12339.2002,13615.06445,8322.884766,12264.58398,13421.7168,11920.90625
ITPA,13680.80859,4935.70166,15524.36426,14152.02246,12935.69141,8559.404297,13993.73047,12856.02539
PPP5,11477.02148,9773.856445,11749.37891,11536.83984,11911.10449,10449.87988,12019.06055,11060.95801
RTN4,17110.40039,3475.35083,8721.670898,11458.75,8942.287109,10697.625,1265.011108,6640.195313
ALDOC,6778.833984,17374.38086,9232.391602,16486.29102,10241.32813,11335.2832,11048.01953,15520.55664
NAGK,7472.306152,11291.85352,8706.720703,10488.81152,,10993.44727,8920.938477,12046.60156
GANAB,11336.28125,8885.744141,13289.90332,11075.07324,12120.53613,9368.430664,13771.19531,10697.39258
RA1L3;ROA1,16213.08008,12225.75,14974.69336,15110.44824,13068.6416,14966.08594,14073.71875,16976.20117
LVX54,23653.89648,120.7435989,25704.88867,9965.036133,20300.84961,1380.097534,21253.57813,7645.461426
FAF1,8286.325195,12882.90625,11773.37988,10485.25684,10963.42773,11811.07617,11725.14063,11101.75098
KAPCA,8760.314453,11570.87109,15067.35156,11598.07227,10777.8623,11226.25098,14349.09277,12264.74023
PPCE,10490.12891,14127.95703,14562.75293,13792.18457,12643.83301,14418.27051,13894.38477,14555.93359
CALD1,14432.59082,9535.918945,11392.68555,8151.025391,15334.7793,10453.36816,11878.7627,10189.99707
ICAM4,9845.75,9905.165039,8610.587891,14008.26074,9243.81543,10170.61719,5039.605957,11122.65137
SCFD1,11213.90234,10862.81934,11666.08496,9776.001953,11508.08008,12024.41895,10917.69922,10486.58398
2AAB,12010.9248,15838.76465,11448.73926,8642.5,10747.26953,14223.27051,11603.81055,8763.055664
HV316,13391.49609,9994.943359,13987.63574,5592.660156,12089.67285,9058.891602,13272.43262,3237.980957
HNRH1,11069.5918,13267.58887,15196.02441,13342.26758,11465.59863,12663.71191,14448.12695,12762.42773
LCMT1,14277.02148,12124.64941,17052.03711,14564.59375,,14233.79492,18970.66016,10555.79688
GPV,14980.97559,14867.93066,13048.96289,12298.70215,12236.90234,13638.84766,15888.86133,11944.20605
CD9,14682.07617,12357.21777,11215.81055,11912.78516,14299.86035,11359.04102,12072.18652,11887.77734
ASAP1,11106.22949,11174.39258,13523.66895,11176.03809,12920.03906,12923.47852,13760.49707,10940.53516
IF4A2,9990.583008,13376.87695,9510,10511.56836,11144.90039,12113.08594,11885.67871,13054.74316
T22D4,11398.58496,11613.21875,11832.32813,11148.92969,10662.20605,11611.90918,10145.28809,10754.89746
PROP,12834.05176,15273.66406,8955.085938,11126.96387,11822.88379,11328.28418,9172.47168,11174.2959
HDHD2,11849.89258,12057.56934,14729.15234,15186.36719,11408.59668,10764.26172,14417.25391,15617.15723
CIAO1,12450.32715,12011.8125,11433.09082,10993.61035,11577.83789,12135.87793,10970.55469,11614.39746
VAPA,12242.02539,13008.85547,13904.78223,13054.8916,11391.75977,13628.25586,13307.03223,12347.11035
GLCTK,19643.69727,9028.250977,17204.20313,11555.04492,24516.23047,10522.19531,17617.85742,11699.93164
BMP2K,7065.166992,11075.22754,16306.25195,11228.00098,,10391.94434,13231.87305,9497.102539
HV404,10266.40918,,14373.50781,14435.9082,,10014.48926,12897.60938,14749.33984
MTNA,14765.40039,17208.81445,12722.73047,11517.67188,14704.82617,16001.02637,11031.31934,9640.288086
GNL1,11448.79883,11499.94434,13766.42871,11366.93262,11846.66699,12036.62012,13242.01367,10638.48242
GSTM3,10345.0332,16242.86816,13818.27832,8665.074219,8424.685547,18278.11719,14750.00098,10531.78027
APMAP,11078.67676,15860.1084,10034.65625,10667.11035,9335.980469,15306.83496,10011.49121,12460.53125
QNG1,11193.64941,12068.2666,10555.28809,12096.84375,7174.633301,12101.43457,12339.78809,11603.35449
PRAF3,16767.56836,13978.94043,16765.05469,14336.3457,17102.36133,14870.03613,15397.50098,14146.35742
COL11,12471.20215,7335.316895,12541.34277,10537.67969,11363.71973,8834.916016,11525.82129,10211.91309
PTN6,12005.97852,8097.179199,9700.553711,9307.50293,12078.84668,11855.01855,8570.617188,7281.858887
CSN7A,11983.56543,13278.31055,13401.79199,12950.41895,12794.73633,12283.80469,14879.10059,13160.13477
RILP,14994.44824,19488.40039,10673.12305,10663.17285,10437.87402,14822.78223,13723.72363,11871.99219
ADDG,12469.5957,9524.742188,11035.2627,10067.81152,11850.05078,11792.22656,8488.131836,10442.33008
GSTM2,12518.10742,13016.77637,16662.27734,14135.63672,12394.0625,12016.88184,17409.17969,13831.77539
CPNE3,14849.70996,14052.72461,11695.24414,13773.17773,14567.45801,13050.33789,13429.61914,13099.20703
VATH,12467.29492,14427.08496,12652.19238,13586.82422,11254.1377,13118.56348,11776.88477,12783.30566
LYAM1,12304.45801,14112.39746,13842.01172,12464.27441,13798.91602,14402.87402,12906.2041,10683.1582
S40A1,12137.375,10225.81445,11356.32617,11869.98633,12365.19238,11533.36035,9413.941406,10988.83789
EI2BB,10799.64941,12636.05566,12882.56348,12016.25781,12911.3877,14293.09473,11478.69727,12244.54492
STXB2,14604.7998,15859.76465,13199.48633,15492.75098,15346.78613,16232.80078,15362.33105,13689.19043
NAR4,18101.70898,14345.28418,18340.99414,14488.83105,15648.80859,14893.25391,14687.20898,12038.97656
HV205,10465.72656,2962.669922,27576.41016,5758.62793,6961.364746,2454.529053,28441.44922,5607.938965
DEST,9148.736328,12094.66211,11458.25293,10787.88379,9471.664063,8961.521484,10568.60449,9772.429688
2A5D,9868.005859,10876.36328,14997.99805,15012.36914,15270.07422,11802.19727,16139.39258,17106.625
5NT3A,6896.503906,11160.40234,14999.8252,13807.82324,6960.233398,11756.20605,13723.08398,14558.09375
NAMPT,12476.06641,14182.70605,12278.95898,10162.75098,13479.37598,13403.70898,12418.99805,11106.66602
GSTM1,8936.931641,6762.091797,35019.47656,8461.519531,6946.901855,6375.305664,33016.03906,8629.895508
GALT,13608.73145,13681.53418,11470.52441,14298.86133,14178.6084,13865.87598,13346.29102,13403.79883
TNPO1,13903.25586,18059.44922,15869.91602,14005.75391,10805.63379,17802.7793,16779.80859,13855.44238
LV460,19098.60352,3391.224365,24456.96484,4190.68457,22397.16602,4195.445313,7756.254883,12720.27637
GRAN,16101.00586,13814.2627,13078.91113,11130.51074,13895.9541,15209.00684,10726.59375,9340.9375
PPP6,8661.044922,15292.65234,9795.899414,11114.9502,9533.154297,13477.27051,12503.08594,11545.49219
IF2G,11850.28711,15675.24023,13293.87402,11874.21777,10065.05371,15079.14355,14225.98145,11087.08398
ELOB,11041.1543,14938.48926,14495.79102,11973.32227,11321.43164,15647.15625,13570.96094,10134.91016
FBLN3,13292.14551,11429.24512,12782.25391,12378.38672,13273.32715,10107.21191,13417.46387,13377.11035
HNRPF,12069.49219,15001.21289,16290.64063,14095.70801,12570.88672,14081.62988,15981.5918,14736.50293
GLYG,13846.16797,13340.51367,10093.18652,11481.72559,11343.96973,12103.88477,7578.814453,11450.23535
AMPL,5678.856445,22489.04688,8876.520508,16158.68066,5371.758789,21664.66602,8696.592773,15928.15918
SC22B,15837.9707,15244.44336,16734.32813,14342.50195,13071.53223,15829.3584,18388.97852,15058.96191
VPS28,6910.328125,11349.33301,12546.31055,10829.27637,10067.2998,10473.76465,12428.52539,8528.290039
RPSA2;RSSA,9917.006836,15598.81738,8843.931641,12648.19922,11000.33398,16943.17773,9837.331055,10923.49902
UN13D,17104.37305,15460.29395,13760.29785,12908.29492,16370.67285,14917.12109,12396.80957,12740.90723
ADHX,11526.50977,12468.37598,14222.24316,16275.65625,10435.59375,14741.6543,13982.25586,15987.44336
VAMP3,15583.47559,17295.87305,17183.80859,17757.37109,13922.66895,18249.05859,13208.69141,18510.29492
GLYLB,51075.35156,,42654.98047,,56481.90625,,45206.30859,
ICLN,11791.08203,16730.70508,25809.12695,14060.97754,16848.31836,15061.3291,18214.86133,13362.4707
FKBP3,10552.27832,9657.023438,15479.29492,8560.375,14713.25879,7557.086914,11766.36426,10195.49512
MMP9,17071.41211,14860.63379,8388.905273,13772.73047,19178.32813,14198.95215,9447.349609,13592.90039
ARF6,15135.27539,13330.93945,17280.38672,14450.83789,12621.66309,12776.63281,15515.62793,12822.4834
AK1C3,17459.07422,13507.3916,10652.45313,15233.98047,19625,13108.1416,10516.47559,13821.62598
PPM1A,7809.222656,19493.92188,13610.65234,14085.38965,9783.614258,18425.22461,13528.95605,15446.37402
LV223,31438.99609,,21336.08398,,21372.79883,,25198.96484,
SYCC,13431.1875,13855.43945,15700.12207,15459.32227,14453.66992,14723.64746,16554.44727,12650.38281
ADPRS,12037.80078,14277.92969,12819.65527,14963.7666,11667.01758,13155.83887,15573.47949,16055.74609
UBP7,12756.90625,17290.79688,15581.54688,14448.45117,11278.2207,17448.17773,15041.41699,15345.28418
PDIA6,11509.26367,14677.81738,16212.07813,14977.10938,14582.1582,12638.5166,18118.73438,14459.18262
MGDP1,12439.91016,14794.88867,12705.10156,14096.5293,10422.35352,14334.18359,11505.26758,13614.86035
MPPA,7981.358398,13026.85059,12246.02734,10253.15039,11786.7666,11651.36328,11859.46973,12101.56348
CALX,11005.17383,13319.61035,13214.12598,14835.52441,14187.75684,13471.83105,15999.29688,12126.27246
BGH3,15302.87012,13259.80371,14006.15527,14216.77637,14314.08398,12573.46191,15112.62402,11616.25977
SRC8,13073.55859,13193.55176,14865.41309,11298.28516,13883.59473,14516.98047,15553.09668,11840.82129
ACTN4,19161.82422,14129.33008,12418.34082,11882.87988,20218.03516,16770.4668,13831.96094,10676.4082
PRDX4,12506.98535,13376.43359,13533.84375,10986.04297,10927.39648,13637.37695,14199.01563,10630.50098
LTBP1,19079.27344,11413.89746,14389.35352,14269.33301,15467.26172,12921.31348,13718.89063,12897.2832
TBC17,12844.13672,12771.94824,14305.56543,12820.32031,14173.28027,11646.24023,13271.64551,11759.52051
VATF,12434.16406,14883.76758,11873.19141,14869.93555,12417.68848,13567.93164,10824.57129,14797.41602
CRK,15843.20215,12153.08789,16549.57031,12526.47559,14384.21582,14042.86816,15701.01074,12002.75195
UBC12,14985.36035,20715.46289,15889.9707,17129.8125,14239.1123,21963.17969,18441.71094,16068.77832
PTBP1,15876.55859,15394.85645,15973.7832,18341.04102,16848.39258,13733.9375,17677.56445,17391.17188
CUL2,13897.00195,14356.70996,15120.48145,14006.73145,14172.4707,14601.00879,16797.14648,15243.25781
APOC4,12843.0293,10418.20996,22770.81445,13380.27344,13043.91016,13207.76465,22165.33594,13748.1748
FA9,14742.32227,18990.28125,13433.5293,15587.27441,14138.67871,19949.65234,13395.50977,16005.42969
NIPA4,9973.350586,8718.647461,15404.5498,21646.7207,18591.01367,11016.9873,10050.02734,20759.38477
LV545,18121.62305,9453.286133,18991.63477,10832.42969,21731.61523,8387.104492,16201.78516,12087.89355
RAB21,12008.18457,13729.75391,18025.00195,14444.44824,11453.03027,14300.82227,18421.22266,15069.84961
BAG6,13653.50781,15107.09766,14625.50195,13513.20117,12498.04883,17743.44531,16185.30859,12745.47949
GBB1;GBB2;GBB4,16058.22461,18029.37891,22116.33398,18698.71484,11834.05273,21353.04102,18376.12695,18461.63672
CYTC,14035.27051,15615.63184,12895.80273,13907.29102,13084.55566,12689.02637,13726.91797,14117.65723
TM272,29373.28906,16689.01953,22868.14063,,23517.96094,10738.86426,16037.4209,5156.810059
HV145,14401.46289,11982.99512,18211.00977,12392.4541,14218.97656,9584.74707,21590.87891,14226.31152
AP2S1,13252.94629,11127.30176,19109.05273,17103.58008,7413.877441,10498.43066,18957.28125,14906.65527
IAH1,13570.59277,16109.92676,12376.13965,15932.55469,14423.09766,17395.50391,12722.4668,17061.07422
THAS,14685.32324,15523.13477,14714.82227,14017.6377,14688.35449,14671.65137,15349.82715,13019.99219
MAP2,14218.2832,10278.16309,20993.83008,17488.71484,15045.12012,9716.275391,21710.18945,17329.31055
HDGF,14859.92676,18394.21484,13881.94336,16839.95313,16281.21777,16466.46094,12420.30762,15409.69336
NR2CA,19899.60742,12764.50586,14661.95313,14628.97656,17358.9707,15506.89746,18903.76563,17796.17578
CSN6,14963.00098,13358.62988,17338.91016,14451.23926,15981.74414,16268.21973,16372.05957,14289.02051
YBOX3,15930.94727,16698.30859,19598.53906,10396.64258,18206.1543,18654.20508,16612.60938,11953.47266
HGS,14164.05762,15034.44531,20125.78516,18041.20313,14633.09766,15591.37207,19103.27539,17172.95313
RAB8A,13974.8252,15770.69336,16590.66797,17132.23633,14116.56055,15762.88184,16637.39648,16529.41602
GMFB,15729.41016,16131.7793,19646.69141,15158.65527,15519.76465,16495.27344,18640.51758,15611.28125
ANXA4,16353.20996,17912.72266,15355.76465,15428.94629,16864.26953,14935.58984,16652.05078,14919.15625
IST1,15899.74121,13967.97559,16307.44434,15004.92969,15272.04102,14860.67871,14899.76172,16396.05273
CDC37,12229.92773,16116.71289,16989.95313,16809.03711,14455.35449,16687.8457,18304.60742,15409.42383
COAC,28107.7793,15536.9209,19308.36133,10385.53125,26119.88281,17576.63672,21530.71289,15962.19141
CAMP,22185.59961,13340.80762,12623.16895,12994.5625,21984.27148,14520.60742,13231.21973,12799.49609
NP1L1,14868.14551,17878.22461,15063.20801,13953.53809,14483.6123,19201.65234,13841.19531,16191.25098
PFD6,20815.75391,16710.83203,21559.7793,15937.22461,21314.13867,16378.15039,24495.55859,18717.79297
HV320,26615.56445,9317.963867,26127.39258,8385.374023,27226.875,12610.39453,26369.00195,3317.284912
ATPB,19071.22461,15298.57324,16656.10547,17096.42969,18275.23242,15399.56738,16539.10742,15607.47559
MYG1,6160.960449,43072.55078,,,2245.511719,43533.52734,,
CD44,17758.1543,16209.64941,15944.4873,16099.61719,18285.18945,16390.25586,16563.97852,16676.60938
CNN2,18279.78125,12408.82617,15976.51172,9916.708008,17126.58008,14057.09863,17308.14648,10112.44043
IF2A,12267.67969,20606.38281,18354.48633,15585.59961,15236.35352,21966.88477,14829.45215,14441.06543
ITB1,14637.35547,14048.66699,15745.44922,13954.13574,21128.59375,15563.09766,16711.60156,19475.67969
RB27B,16723.40625,12311.19336,11640.83008,13246.86328,17560.44922,10280.79199,16062.63672,11432.0918
SGT1,9274.43457,13938.0957,11652.98633,10240.94629,7293.854492,15982.99707,14112.51855,10013.01855
VASN,15926.75684,16209.25098,16531.03906,16018.97461,14655.03711,18185.10547,16278.55957,14887.2998
HV124,35253.28516,46408.02344,,,37025.09766,23978.23242,23301.0332,
KGUA,15862.09961,16673.07031,21628.62891,19238.10352,16482.76953,16622.86328,18252.57031,17697.7793
ADIPO,13121.70605,20802.2168,19946.64453,10101.2959,9219.892578,22426.08203,18990.26758,12404.15527
CDK2,15931.01563,22843.23047,18982.4707,14403.83203,14280.57031,18554.68555,18700.16992,13748.18555
F13B,20728.46484,18797.93164,13549.99316,15724.06152,18652.80469,18423.32617,13192.12402,14837.0791
MP2K2,11742.73633,21584.4375,18286.38086,16372.07324,12369.85059,21966.96484,17032.0293,15399.24023
SHLB2,12301.3457,17604.6875,18554.1543,14080.7793,13494.53906,19963.72852,19045.86719,15355.59863
UBR4,17641.63086,19480.29688,16667.08008,16218.89258,16971.51758,19593.56445,16821.04883,15113.37598
ZPI,20697.18555,11560.74707,20880.06055,14666.83594,20106.61719,11550.40723,19744.79883,13663.02344
RAB18,13570.8252,18335.27148,14822.0459,17118.50195,13700.66406,19231.25781,13432.79883,15343.08789
PPIL1,16484.43359,15164.77246,16871.27344,16550.72656,14622.14063,14383.71582,17403.375,16809.72266
CHM4B,14488.84668,18638.34766,15789.14258,16493.3125,14179.89844,20980.20117,18178.26172,14997.10645
WNK1,15579.14258,18109.28516,17804.27734,16540.93555,15043.31543,18494.54297,16570.92773,17236.16992
TBC24,16489.64453,17070.06641,16943.63086,13183.94922,15051.35156,18716.02734,15420.69824,15122.75098
ARPC5,19881.26563,16107.31055,18770.8457,15768.98633,20162.40039,14915.625,17038.22461,14043.37012
MASP1,16904.20898,18274.4043,16492.41602,16334.40137,16829.43164,18784.57617,17104.09961,15422.06836
FETUB,10925.08105,15074.15625,22815.44727,11882.64355,7840.083008,15053.18164,22907.19336,12784.86719
IMA7,15186.69336,15707.65918,15234.60059,13954.97949,15952.43652,16715.37891,14365.15625,13782.91309
VATE1,14297.77051,15116.13281,18811.55469,20586.31641,18720.74219,22342.43164,13693.34668,17198.32813
UCHL5,12975.07715,22059.5293,17377.66602,21009.97266,18151.99023,22891.86328,18137.70313,18967.60156
FKBP4,15821.86426,16344.72754,17851.29492,14730.71191,15755.92773,17429.30469,17967.03711,15574.96094
ANXA5,16536.46289,16312.67969,16848.47461,16630.66797,13693.97754,17573.50195,16780.58984,17315.67578
S100P,26717.88477,18620.56055,9453.293945,14793.20703,24603.69727,19646.12109,10898.875,11459.0752
HEBP2,17336.39844,17812.96484,15503.65332,16521.65039,16546.02148,17984.82031,16873.33008,15571.33008
VPS4A,15795.10449,16843.72461,16753.58594,16805.56055,17238.66211,17694.21484,13581.37891,16806.86523
RIC8A,15676.63184,18471.97461,15515.64941,15749.33398,16601.18555,20043.44531,17016.82422,14618.45996
DEOC,18775.00781,16557.37695,18148.94141,17058.88867,18144.74414,17107.52539,20715.33984,18490.06641
IF2B,13657.83789,21479.23438,18551.69727,15203.49219,14196.17773,21232.33398,16403.32227,15275.55762
CDV3,16385.16211,18035.90625,18230.66992,14296.58594,19124.33398,19031.09375,17862.27344,14975.43066
TEBP,15075.80566,19530.13867,20435.89648,16112.35254,11265.79785,17115.46875,17836.24414,15936.61328
ANXA3,25015.81641,20928.95898,10044.38965,15024.72754,24693.59766,20322.45313,11672.96777,13632.06445
ARPC4,16789.41602,18334.40625,14324.25879,15654.24023,18621.89258,14148.70605,18425.24609,13565.00391
IMPA1,16072.24902,20742.13477,20063.4043,21340.94336,14091.64941,17619.28516,20848.61719,20565.90039
CN37,14344.99512,13531.76172,18174.78906,17372.16211,16015.58203,15774.20703,17152.63281,17318.06836
K1C10,15989.91895,14907.23145,10594.73535,21588.36133,9817.621094,22680.21094,19594.52344,20231.88086
MEP50,18551.34961,14194.71777,22941.21484,14414.30957,20426.11914,17357.51172,19185.15039,20493.19922
PP6R1,15094.55957,19072.11523,15679.51367,16994.00977,13206.62305,17616.77148,15619.14063,16349.19922
SODE,4396.32373,43707.20313,4984.84375,4524.119141,5566.672363,41406.32031,5112.178711,4778.341797
ATPA,19941.07422,15252.55273,18284.51953,17349.98438,18739.84961,14902.30762,17469.18555,17318.04102
F1142,17962.70117,18754.37695,18578.36523,16082.43359,20311.97852,19350.16211,17301.81055,16284.14453
PLPHP,19646.32813,19166.71484,20365.99414,19334.25781,19395.66211,21422.92578,22039.85352,19418.77539
NUDT5,15629.21484,18481.23438,22705.6543,22789.14844,16514.60742,19228.76367,23763.77148,20916.14648
COX5B,16047.43164,15956.88086,17692.46484,13797.81445,14784.6709,15030.03711,14293.54395,11511.76367
TATD1,18826.51953,17153.35938,14728.78223,18792.4668,19511.53516,18984.38672,16404.52539,17706.72852
RO52,12785.9082,22942.80078,12916.52246,13502.29883,9568.967773,26595.61328,12635.62012,13298.17578
ALDR,12709.87598,13516.94238,13165.80078,19533.32031,1675.304443,12934.5127,1848.796753,16621.09375
CYRIB,20582.82813,17033.61914,20563.76172,16830.31836,19633.15234,19701.8418,18487.7207,19422.7168
PEF1,17631.64063,16692.98438,21000.32422,17118.46484,16273.39063,19848.34375,19071.42578,19622.97461
ORN,14862.78418,14761.99707,19974.69336,16591.16406,12141.4082,16919.87891,18653.43555,14657.59863
HSPB1,20305.81641,19777.45313,8874.546875,21340.80078,20235.46289,21415.77539,7677.081055,21345.61719
PIN1,16329.08789,20862.25586,20034.50195,20648.79688,17336.64453,20552.94141,20087.83398,21200.9375
LIMS1,27812.30273,14470.75391,25762.80664,16682.01172,27053.89648,13970.83789,19581.79883,12482.62402
PDC10,22971.62109,12610.88965,15024.8623,16764.98828,20024.48242,17994.625,19025.32422,14962.22559
XPO2,14591.76172,20346.76563,24468.5332,18513.76367,13225.51465,18240.91602,23965.94141,22023.66992
ISG15,7088.273926,21058.26172,18686.64648,19007.20117,5812.364746,22502.42969,18554.62891,19062.5332
HV335,22088.66016,18047.38281,13128.90234,14169.66211,19335.46094,18488.03516,14762.57031,12567.57129
EF1G,9707.833984,21603.29297,25004.99023,12184.98047,8736.208984,22197.57031,22845.66992,11603.94824
RASK,31498.04297,37240.48438,23582.62109,22785.00586,30432.52344,24930.93555,33238.50391,20591.80078
HV439,15593.3623,14530.58496,18620.30469,24617.37109,14039.03613,13504.70508,18575.31641,24530.51172
PTGDS,16762.83984,18418.35742,19533.55078,17904.16406,15770.22266,20036.19336,20809.72266,17575.38867
SYYC,18074.36914,17233.9668,19891.58203,20320.57617,16039.39453,19838.06836,18839.48633,20969.47266
K1C9,17242.86523,73759.0625,10470.02734,19372.89063,12765.27637,13056.19336,21104.57617,12355.27051
RTCA,16148.06152,18598.80664,15716.62012,19973.54688,14716.49512,17337.57617,13600.55273,18524.17578
GNPI1,13322.11719,17290.71094,18906.58398,18582.9375,18453.99805,18332.32422,19682.71289,17017.76172
AIDA,19123.42773,22942.04883,23975.89844,25119.21484,24008.48047,21416.74414,24642.27539,22127.58984
KV240;KVD40,20382.5332,18276.44531,22128.45898,22415.82813,17752.95313,18336.91797,20271.28711,23193.22656
NACAM;NACA,23555.46289,21731.23242,22451.11133,18531.52344,22727.76172,21007.60938,21900.80078,14504.02051
CPPED,13370.37402,22476.25781,34860.76953,9163.613281,13018.94629,22609.92188,32922.89453,11787.43945
TSNAX,14363.06738,19436.64453,22581.31641,17970.89258,11802.8252,19760.64258,18543.24609,19588.58984
IPO7,17272.52148,22699.14453,20038.39648,19920.15039,17237.99414,24368.38281,19834.55078,20441.80859
MBL2,6349.612793,11810.25098,36716.28125,22582.75391,4852.017578,11182.39941,35361.05078,21903.91992
PSMD4,18540.78125,18340.59766,20641.57813,16097.7041,17843.37695,21479.96289,17623.56055,18354.80859
CPNE1,12672.30762,25251.23828,20726.99219,22933.20313,11909.43359,21271.67578,20980.01953,21021.44141
CZIB,19564.45313,20927.02344,20590.39648,19484.79492,18917.68359,21550.57617,18551.03711,22848.83594
S14L2,18074.67578,22863.71094,22314.91406,25175.56836,17195.41797,21847.05469,20960.18359,26267.66406
FA5,19717.00586,15708.29883,16877.23828,21349.20117,19437.74609,14335.51367,16687.36523,20822.17969
DHR11,23193.26758,22933.74609,24181.58008,15589,22287.92188,27608.38281,23159.89453,15895.21582
HV270,,31809.23633,18283.54883,18614.37109,,33123.41797,18870.04883,18237.9707
MCTS1,17550.08398,15047.23535,18066.27344,17432.56055,15623.47559,14286.35254,18706.0957,16572.02734
ENPL,20239.81836,18184.80273,22314.89648,18263.96875,24148.84766,20455.00391,21257.56055,18251.79492
EIF3J,21228.99414,18661.93945,20335.94922,18389.28711,20355.36523,19790.60156,20333.02734,16615.40039
MYL4,18628.17773,22272.7793,22918.46289,16827.58008,19701.08398,24578.62305,21499.63281,18679.23633
FHR2,14912.18164,28273.72852,19748.95898,18957.36719,13754.33691,26372.56836,18937.0293,18922.0293
FCN2,15774.13477,22353.54297,17677.61328,17679.45898,14470.87793,23150.87695,18164.68945,18118.3457
CUL3,17987.78711,22312.25195,21692.81445,22218.72461,19904.46094,20506.50391,20271.70117,22416.64648
CSN7B,19933.90039,19876.84961,24073.7168,20297.96289,19383.87891,21233.51563,21636.52148,19884.94336
STX7,21098.17969,20111.58203,24221.75977,15628.43457,20931.66406,21067.02539,22443.77539,15395.4248
CUL1,18971.58594,22332.74219,20291.03516,21470.18945,19644.86719,22770.99805,22287.60352,21468.51758
S10AC,22798.39844,22232.92188,15986.97754,17900.38477,22567.77539,24386.31055,16563.60352,17122.57227
CAZA2,15084.77344,19612.06055,19180.85547,19407.79492,14604.6084,17834.14453,20697.16992,18379.13086
PURA,21552.30273,17957.80469,24743.58789,20622.50977,23010.52148,20900.35938,24312.22852,20974.04297
RAB6B,18881.10938,21439.94922,21737.22852,20710.59961,17840.25391,22473.66016,19026.13281,20247.35352
CTDP1,22719.41016,34027.41406,12133.21289,4394.434082,19162.51172,37698.66016,14505.67383,3330.296875
H2B1J;H2B1O;H2B1B;H2B2E,20378.49023,20307.46875,20148.97266,19927.17969,22194.91992,18053.64648,20494.11914,22090.62891
ADK,17729.15234,22040.80469,23159.21289,22190.05859,18958.00586,23518.84961,21380.15234,21888.68555
RFESD,22450.49023,19522.66211,23026.58984,19370.70313,20699.04297,21777.26367,22429.53125,20673.35938
RUNX3,23350.39844,16454.17383,13955.79199,15852.5127,14230.22168,18809.21289,22843.73438,11730.22266
B2MG,21066.10352,21980.41992,21043.2832,16971.95898,18928.42188,20165.21289,18897.44531,17796.69141
JAM1,17275.07617,23503,22680.38281,21840.79492,13432.00781,20902.17188,24125.02734,17992.02734
BROX,16080.21582,20781.63672,24076.63672,19020.70898,19259.46094,20860.07227,22296.74023,20373.39063
SVIP,24247.16211,22672.04883,27326.03906,24692.94531,19978.64648,23922.52344,21162.09766,25574.83008
NQO2,24023.4082,17093.16016,22574.97656,18877.29883,23898.50781,17598.64453,21483.22266,19679.09766
VAC14,16246.66992,24054.61133,23781.20898,26033.35156,16984.38672,26369.21875,26512.5293,29030.44922
SGK3,16413.56641,19421.87695,19465.1543,18735.85547,15952.87793,20056.31641,21750.80273,18134.12109
CYBR1,28120.92383,17567.19531,20623.44336,22551.29688,22894.17578,26418.96484,23479.48633,16821.89453
HGFL,23336.68555,16342.87793,22776.01758,19637.51758,19948.32617,17484.93555,19691.00391,19540.13672
CD14,24997.24609,18974.54102,15259.70703,20593.52734,25851.01953,19341.82813,14058.59961,22007.32031
FSCN1,19478.92188,25294.49023,21019.09766,22497.61133,21023.53516,22110.27148,22296.16797,23876.46289
KPRA,19163.35156,24067.65234,23791.20898,21814.93945,18970.92188,24339.34766,21921.3125,21453.77148
IGBP1,20641.50977,23325.23828,21607.48242,20777.13867,18613.58203,24115.88477,22043.08203,22993.17578
AN32A,21664.56055,22682.19922,19103.07813,23227.88477,18742.43555,23591.61523,22886.63672,22252.68555
LBP,25427.125,19744.03906,19530.41992,20333.64063,27458.01563,18629.49805,18724.11328,20262.92969
MINY3,15162.11816,18298.35742,15372.71094,17790.49414,17116.4707,14813.62695,20674.11719,14564.60449
HUWE1,17206.69727,25325.92578,21059.70898,19785.86133,17429.61328,23882.57031,20022.2207,20054.2832
AMPD3,19261.30273,28354.54883,19171.75195,20024.88086,19672.86719,29790.69922,20268.72266,20622.47461
HAP28,21965.26953,25452.88672,25160.45703,20273.59961,22092.56836,22816.6582,25408.43945,22102.71484
PSDE,19407.06641,23924.37305,23588.21094,21713.4668,20446.85938,23195.97461,20472.50781,21866.03906
MP2K3,17637.18164,29366.53125,19047.6543,18486.67383,14914.05566,29891.97266,21178.5332,19872.32227
CADH5,17379.48242,15645.99707,19732.57227,15224.73438,16459.37109,17633.87695,26117.76953,13902.81543
MYL1;MYL3,21391.95703,23398.12109,21752.20508,20309.30078,23799.76953,20671.69922,21693.53125,18775.10938
DENR,24789.95703,20699.71289,25633.80469,18425.76172,20884.31055,15925.55371,23387.64844,20224.59961
PYRG1,17653.85742,28343.7207,21285.0918,20764.4375,17675.81055,25967.29102,18437.24414,27313.64453
HV343,20693.42578,20228.25977,35184.92578,15697.28613,22627.29492,14493.83887,34606.44922,18952.00586
BCAM,23407.33203,18046.28906,18483.7793,28218.82422,22011.44531,20058.01172,19136.85156,28769.48438
VASP,25614.01953,21735.40625,21951.51172,18894.46289,23162.64844,19773.08398,20759.16211,17868.94727
KINH,20084.20313,20456.67578,25808.51367,23752.58008,21097.5293,26160.03516,25630.87695,22387.94531
PLTP,21819.77539,22774.25391,13128.65527,16476.08398,19591.92188,23222.19727,17115.44141,17304.96875
PHS2,20895.26758,21937.41406,23957.27539,23752.67773,18196.48242,23440.21484,23060.03125,24139.84961
IDHC,23599.53906,22870.65625,26037.73633,20001.57813,23566.67383,21831.18164,25607.10547,20404.11523
RPE,20296.27344,19021.19336,25295.31445,20713.65039,18672.78711,19253.14648,24378.76953,20776.34961
HV313,19836.18945,19723.45313,19771.47266,19688.20508,20812.56836,18019.39258,18878.41992,21266.09766
GNAI2,26078.63281,24522.64844,25554.68945,24971.43164,19894.00391,25843.29688,24436.20508,24742.42773
RGS10,19305.7793,24886.20313,23723.67969,21688.61523,20570.46094,26337.66992,20584.38477,24595.30469
IPO9,22031.61328,24540.39453,22826.69531,22886.74219,23816.11719,26746.60742,23086.33203,22664.64258
ULA1,22533.39453,25977.68555,24183.44531,26509.81445,22555.38477,26908.29297,25555.29102,23767.77344
RAB7A,17589.22461,25712.07227,24297.69141,24178.07813,17382.42383,26169.04688,23581.61523,25240.7832
SAA1,24737.04492,28360.97656,18966.125,22025.57813,26053.01563,28114.51758,19201.00586,20567.17188
PSMD3,20746.70703,23707.2832,20445.76758,24171.06445,19824.49219,23583.97266,22917.47461,22380.39844
DDB1,20532.45508,27553.66406,20766,21557.50977,19350.94727,27623.83594,21745.6543,22780.09961
RNAS2,29081.35156,26237.98633,16061.36133,35068.63281,32551.20508,22775.40625,12732.68848,29657.39063
TRXR1,19607.44336,26493.05273,24294.44727,24298.92578,22019.3125,27109.16797,22350.94531,25343.35352
HV69D;HV169,15866.91406,12162.19434,31110.51758,24181.42578,17062.41602,17521.70508,34350.54688,24552.3457
COASY,22140.84766,22974.40625,22793.50781,22011.23828,21570.22852,25994.14453,22502.46484,20872.02539
HV601,36864.28125,14331.35156,21941.63867,18221.42383,34938.57031,13450.26758,22801.41016,16888.63867
TPM2,18235.40234,29960.93555,17569.67773,25705.20898,14134.75684,23177.74609,22546.06055,26809.36719
PFKAL,20223.16602,26200.99805,24579.89453,23890.70313,20110.71484,26084.37891,25509.9082,23180.62109
PGM2L,21355.49219,26942.85742,26553.72461,22247.34961,20525.74023,27593.31055,24933.78516,22569.59961
DNJA4,25173.875,19555.49609,28502.80664,23717.46875,24857.22461,21944.29297,29239.63672,25887.47656
S29A1,25523.86719,25151.58984,26063.78516,24816.69531,25568.54688,24716.64648,22602.49414,26166.14258
DHPR,23075.41602,22613.32422,26144.70703,25011.14258,21103.0918,21981.94922,25135.86914,23860.78516
RAB5B,21098.88672,19775.7793,21533.01563,26382.13086,16888.23438,22855.79883,19540.39648,22841.76758
NGAL,35740.95703,25545.73047,14803.52344,24451.30859,31436.11914,23886.86523,16151.34961,22195.58008
AT2B4,25124.19336,18587.2168,26737.04102,29002.80273,23233.30469,20694.34766,28104.83008,27745.05859
HV70D,11817.19336,17535.04297,31910.03516,19725.25586,10799.6084,31802.74805,31582.64453,15842.12012
PROC,24931.73438,24234.26953,25638.88477,23966.2832,24344.43945,27220.08398,25950.66211,21458.55859
ARP2,23907.20313,21707.60352,24059.91016,20002.85156,24384.4082,20659.5,24405.75977,19001.80273
RAP1A,24313.37305,29127.18555,31827.88086,24936.40625,27269.14844,25829.81836,29588.89258,25875.60156
PPIB,25231.6875,22171.5293,25715.69336,24730.07422,28551.88086,20036.1543,23447.92383,21068.1582
LFA3,25987.63867,30319.05469,22521.60156,25563.13281,27604.7793,36585.21484,29044.53125,27165.43164
RAB10,20640.7207,28337.91797,25441.58203,26218.36133,22400.54492,28403.04102,25709.76953,29192.87695
MMRN1,25095.7832,21469.63867,22591.45313,21258.22656,24432.21094,19523.25391,21447.86328,19482.79492
AP2A1,16114.57031,17192.35156,29516.07813,26701.94531,15325.84277,18284.79688,31373.69141,27191.1875
IBP3,25141.94336,22882.69336,30743.13867,15671.5498,21103.01367,30394.53516,33689.20703,15490.85254
GAPR1,30586.3418,27276.80078,26137.18164,16136.92773,30295.48633,28699.98047,24927.44336,16218.20801
MK15,15754.78223,30384.65625,32372.57422,30316.3418,14447.33203,32378.12109,28948.84961,27838.74805
DNPEP,22815.36328,25775.86133,22965.08398,24982.58203,24747.88477,26466.94531,22932.32227,25361.10352
RIDA,21451.80273,21167.58398,33225.32813,21233.33008,19791.11328,20326.21094,30136.10156,22011.13672
ACKR1,21950.36719,28169.17188,28146.19922,30955.32031,28377.26367,24840.56641,28850.12695,33288.25
KVD16,51486.08203,14797.70996,22055.82617,7433.506348,46498.40234,17675.80664,20573.83594,20914.92578
LFG3,22785.5332,18639.5332,24034.20313,15086.24902,20853.52539,21168.79102,19564.59766,12536.06934
CMBL,32773.65234,19939.69727,21050.10742,25041.45703,33190.72266,20202.44336,22111.64453,24556.97852
MASP2,22926.27734,28977.51172,22787.81641,25492.57813,25474.23242,29136.46875,26112.49219,25653.68164
KELL,24785.09375,25856.5918,28427.59375,27393.24805,24617.58398,25670.20898,27603.75781,24117.52539
MARE1,24099.74023,23092.04688,26765.89844,23531.34961,24879.08398,23498.28906,26534.35742,23822.76953
SMCO3,31649.04688,24382.99805,19012.56055,23830.35352,24114.67383,22619.29883,30292.34766,24289.30859
GMPR2,26344.15234,28274.10742,23731.00781,27021.86133,24481.81641,25679.38672,25502.46094,27728.01563
FHR4,13285.29102,21407.55859,19065.23242,26316.82813,10389.11523,19523.60742,11072.55957,19671.10352
BTD,27776.36523,27326.42969,25905.41406,18897.70117,27664.70508,27965.6582,28024.39844,17845.34961
UB2V2,24855.91602,26919.81836,27735.75195,26021.4082,27231.99414,26551.83789,26892.35938,25209.13086
RAGP1,17808.47461,30629.83984,27137.4707,25049.17969,21386.82422,32232.35352,27972.90234,25813.86133
MK01,19579.10938,30101.90234,27815.93945,24428.86133,18366.26563,29872.5625,27977.59766,24723.92773
PSMD8,21827.73047,23124.94141,26144.79883,24688.90234,22808.34375,28500.91211,25668.73438,24389.4375
HV364,19459.88281,17714.17383,31008.69141,26972.59375,19905.82813,17172.96875,32586.97852,27258.77148
FEZ1,19495.4082,17827.82813,67079.16406,20739.4082,25185.625,31104.6875,23121.66797,24159.57031
AQP1,17527.97656,39256.42188,29093.98438,31491.38867,21002.5957,25265.40625,26498.13477,28368.85547
LZIC,23641.20117,24912.41406,24566.85352,26538.0957,25514.71484,25653.7168,24692.10742,26730.47266
AP2B1,19180.36719,20313.1875,34480.14453,28101.04492,19514.02539,19893.79883,34804.17188,28121.14063
PTRD1,25441.92188,26781.58984,27150.57227,26319.05664,24500.79492,27092.47461,25303.84375,27454.60156
LV39,19332.58008,12817.38281,32397.71875,33828.91797,27341.60156,11646.52344,28933.86523,33893.49219
KV621,21522.58008,12567.19238,34994.90234,26805.04492,22669.19141,13737.39746,36496.17969,28080.29492
IPSP,21578.96484,26714.66211,27024.14648,24650.42383,20691.0957,26068.72266,31027.33594,22251.9375
PPME1,23188.48633,27795.93164,28144.21289,21747.22461,21975.64258,29447.00195,26192.86328,21829.5332
DNJB1,21541.22656,24045.20898,32688.63086,18635.59766,17551.05273,22470.97656,35635.83594,19620.31836
EF2,23239.57031,36295.4375,23795.30664,20532.9043,23054.68555,34479.99219,23968.89258,19946.63281
SODM,31345.58594,21895.30469,23614.59375,24761.85156,29813.76953,24038.69336,23723.60938,22611.01563
WIPI2,33117.47266,19581.90039,32778.73828,20495.10352,30181.18555,19757.50977,32682.30078,22633.82813
PERE,44956.46484,12364.22461,13189.62109,31706.70117,44489.32031,12262.46582,14539.90137,35338.60547
ARLY,28383.01367,33029.85547,28468.25781,30156.78516,28188.17773,35002.86328,25138.62109,29097.44922
ILEU,24933.56641,26401.45117,26820.66211,30526.90625,26035.50781,27875.66797,27522.94141,30633.81641
PARVB,34315.84375,21213.14063,28563.17969,22312.29688,34185.17969,23625.82227,28870.32031,22938.15039
FAS,16971.51367,31570.29883,28832.1875,23597.77734,16481.52148,30659.9375,28286.14648,22717.875
ECP,45415.41016,18331.5957,11998.14648,25577.02734,42584.98047,18013.68555,14796.43652,29140.83203
CO8G,24021.0957,24212.84375,24090.39648,34932.21875,20564.19531,21578.26172,29048.50781,34791.76563
HLAB,22839.07617,36601.13672,23678.67969,26754.24023,19622.91992,36777.56641,22438.29492,27354.42188
CHM4A,23771.14453,25526.18164,29643.4707,26203.60352,23406.78516,25403.7832,31264.22266,26949.96484
DIAP1,25013.57813,29097.38086,30485.27148,23588.97852,24582.37695,28461.91992,30505.32227,22820.31836
IF5,24852.75195,28357.36328,31359.21875,25114.10352,24111.06445,29040.36328,30511.13086,25843.44336
PDCD6,26410.31641,29051.60547,32185.30664,27630.81445,25764.84766,29257.10547,31678.50781,27706.61328
PSMD1,23880.23047,28528.48828,27658.78125,27241.08594,24594.58984,30012.0625,25900.58594,27737.12305
PFKAM,23337.53125,29276.66211,27134.69922,28231.62891,23182.08984,28871.47266,27740.10156,29073.83789
KAP0,24402.89648,24893.39844,30153.1543,28906.5625,26087.18945,25251.50781,32310.35156,27742.25391
TCTP,22635.875,33079.96484,27278.94727,20290.81836,22310.83398,32081.0957,28158.29102,22062.63477
STMN1,17003.81055,30714.84375,21402.54688,19284.88281,16924.58398,30119.64453,20078.19531,19416.80469
CFAD,20987.0918,30056.83398,28403.31055,23934.05469,22030.20117,33181.75391,28930.5293,23521.66406
CRKL,26916.36523,31347.21094,30665.77148,27671.83203,28961.32813,32676.98047,28232.0293,26624.97852
PPIL3,27477.02539,15898.26953,33578.12891,30369.92383,27955.16992,18099.09375,31088.4375,32600.90039
ENDD1,25690.91406,27166.7207,30458.14063,27836.26953,28884.68359,26011.70313,28775.57422,26927.53711
HBM,17876.40039,30890.23242,36911.96875,12265.18848,20835.13867,34661.65234,38651.94141,18511.67969
DNPH1,27419.42578,33890.94141,26451.48047,27998.43555,29157.63477,33031.22656,27854.94922,26715.45313
VIME,30147.49023,30456.1582,21593.88867,31473.39648,30259.99023,29119.05078,20943.63086,27246.58789
HV5X1,12896.35156,33608.50781,6507.006348,36780.03516,14195.3457,34641.34766,3637.429932,41087.88672
HV434,21749.01172,20621.45313,19417.91602,42341.54688,23339.18555,22275.38867,21549.55859,38798.75391
UBA5,25329.29297,27138.98047,27823.28711,26046.50586,24678.4082,30259.11719,27937.66211,27849.77539
TTLL3,26800.74219,35568.91016,24609.08594,32532.04883,28011.12891,38156.39063,29649.20313,34399.01563
SIAS,32228.90039,31201.83008,28316.47852,29136.5332,30747.31445,30678.07617,28758.80664,30207.40234
MVD1,23021.50781,28947.75,31218.88672,23379.375,27030.92969,24777.58203,29980.88672,25980.80859
DCXR,20607.25195,33726.67578,33188.24609,28479.10742,22251.30469,31848.94141,33009.55469,27694.73047
ENOG,27287.2832,30155.08203,17939.93164,40572.78906,27841.92969,28917.24414,20325.68359,41931.5625
SGTA,28264.51563,23501.42578,27069.06641,23436.65625,27951.76563,25412.50586,28570.41602,25985.17383
ANM5,26258.32031,27975.15039,28936.98633,27559.34961,27150.40234,25429.72461,30502.14648,28394.11914
HABP2,29537.87695,30423.06445,29956.20703,28998.29883,28685.31641,28094.88672,30430.69922,27361.12695
EZRI,26735.15234,34131.13672,28285.76172,27912.50781,26253.24609,34890.82031,29896.14063,25517.51563
PTN11,27257.09961,29085.4668,30052.38672,28304.22656,24101.25195,29542.16406,31858.11328,27923.21484
ATG3,25785.1875,32416.3125,27368.32031,29596.07617,27122.64453,35732.22656,30207.3457,29654.31836
PGP,29577.5,29266.40625,33634.10938,33051.79297,30975.23242,27314.8457,31014.72266,33684.74609
IF6,30727.31641,27948.46289,31006.41797,27265.87305,29723.58984,31227.39648,29110.32227,25990.2793
CSN1,31347.87695,30534.17578,32888.96484,27907.58008,30865.26172,31566.93359,29969.94531,28455.90234
PRS6B,25426.59961,30714.23828,28649.64648,29956.875,26575.91797,30722.48242,28456.1582,30470.83398
PSA,23937.26953,32581.8457,31763.8125,30635.20898,24953.70117,34560.81641,30715.89453,30716.375
DYL2,27590.4707,28146.72461,31893.35547,28806.54102,28029.38867,29748.92383,31093.83984,29504.79492
PRS8,27293.27148,30732.15625,30105.39648,29591.86328,27589.9707,32304.51367,29356.5918,31313.2168
IDE,25478.8457,27215.68359,27017.41797,28517.19922,27618.54102,29719.27344,26836.74805,29075.47852
HS90B,28507.64258,35784.19922,29895.89258,30809.13281,29327.0918,35875.39453,30228.62695,30941.42188
VTA1,28954.57031,35469.70313,30353.50195,32130.45703,34147.42578,34814.30078,35647.39063,29277.97266
EHD1,26816.07813,33721.97266,28380.94141,34807.93359,26471.125,35090.49609,28762.19336,32676.83203
IF4B,25365.8125,32935.48828,27345.26953,32283.16602,26241.11914,32350.77734,32003.17188,32177.63867
TTL12,25129,31938.08984,47520.55469,19347.16797,24884.44922,34275.01953,44528.01953,21076.24609
PEX1,15432.09961,35093.41797,10743.86914,10310.03027,11230.80762,42464.54688,14264.3418,13019.81934
ACTZ,34077.35156,34101.27734,21533.74609,30727.76953,36634.30078,36325.41797,22276.21875,32881.80859
KCY,29154.31055,29667.23828,23875.3125,34497.17188,30869.15039,32537.02539,25092.92773,36251.10938
NECP2,28866.26367,29571.72461,37893.58594,35694.65234,27888.80078,31174.26758,36448.91406,32047.80859
CUL4A,26050.26563,33866.85938,24542.59766,25068.5,24043.08008,33872.69531,26462.81641,25249.77539
CRLF3,29261.28125,33855.23438,30756.14648,31105.98828,27279.5332,34980.37891,32866.91797,31099.85742
C4BPB,35355.14063,25974.44727,26353.8457,29703.51953,34118.48828,26752.69531,24762.66016,30407.73242
RLA1,23159.01563,38420.87109,28622.75781,30671.75,24596.25391,42753.52734,24835.79102,34797.37891
IPO5,35078.38281,36872.77344,21518.33398,27328.21289,33404.59375,39132.97266,22196.4043,26069.86914
PP1R7,27588.09375,30491.46875,32137.26367,29502.66797,27995.9082,30504.31055,31182.94922,29007.27734
AP2M1,22210.32813,23962.77539,37957.02734,32840.68359,21550.95508,24072.85547,40369.76172,33053.63281
PLIN3,30712.96094,29720.83789,17173.12695,31403,31920.26172,29686.00195,18775.96875,32090.56445
K2C1,26323.21484,23116.80859,20011.53906,37014.47656,21513.01758,34826.95703,39070.76563,36488.54297
HV226,31935.37695,36298.92578,30625.73438,28909.38281,34154.52734,26186.95703,30293.82617,26740.2168
ARPC3,30490.01563,28515.87305,31123.66797,28873.39648,35822.07813,29962.58203,32378.05469,30376.67383
PIPNB,30199.27148,36791.57813,33376.85156,33794.66406,33973.21875,37034.89844,34343.72266,36212.85938
DHSO,28714.10938,32436.86328,33968.90625,35989.33984,28076.19531,33276.78906,34444.8125,36132.61328
HV146,28389.53711,23256.1582,37880.20313,26050.00977,23995.79102,31824.8418,41573.10547,28317.54102
PSMD7,29910.11523,37428.66406,34885.07422,36346.14453,31876.43164,37922.74219,33795.18359,36997.48438
NNRE,32893.9375,31718.11914,32343.31445,30243.94336,34904.62891,36936.85547,32314.70117,32964.5
PHP14,29182.51367,32420.91602,31943.80859,32722.02539,29196.2207,32674.00195,32984.34375,32526.10742
CNDP2,29111.86328,15779.1543,39516.23828,44140.03125,29631.70117,15166.57813,37678.78516,42478.85938
LCAT,27187.65039,31805.62109,31604.74805,29098.36719,22568.30859,23075.36523,29355.17188,31773.95703
IGHD,54796.48438,37632.62891,22026.45508,,50279.21094,39996.31641,22557.66016,
PSD13,30104.20508,31185.70508,33048.36328,30984.95898,29480.07031,35220.92578,32134.0918,31676.0625
USP9X,28718.49805,36184.73828,31553.54688,32124.125,30723.74414,36734.35938,31098.10938,31577.92969
FABP5,32876.8125,33185.65234,37334.39844,37634.71094,33257.66797,29560.5332,35362.21484,34837.52734
XPO1,33761.16797,31215.82422,38590.94141,31309.78516,32059.31055,35576.60156,34893.64453,30910.76172
RASN,28862.84961,30656.09375,33996.86328,35154.44531,29526.47852,31868.04883,31836.48047,32542.01172
UBC9,32801.37109,31452.38672,29971.87695,32121.5332,34925.88281,31345.88477,30324.27734,29685.63867
SACS,29176.68164,22068.30664,27387.50781,19886.85938,27254.5957,23783.68359,32962.64453,17048.82813
ILK,38611.21875,30152.0625,34306.03516,28203.58008,40926.20703,27021.125,34143.05469,27782.48438
MAT2B,42345.60156,57946.84766,40555.96094,51181.17578,50934.98438,50587.88672,43393.14063,58059.5
FPPS,24724.26172,46850.00781,26851.39063,38636.86719,25982.80664,47038.40234,23956.90234,38162.375
KTHY,25500.48047,28984.50977,37195.50781,39374.83203,25497.1875,33561.07422,37835.6875,40057.00781
UB2D3;UB2D2,27120.82227,31692.9375,31214.49609,28162.85547,28011.66797,32213.61719,28850.16602,26724.02344
LV136,23204.52539,33710.94531,50264.47266,22546.64063,22261.77344,37416.34766,50876.32422,23762.68359
HNRPK,30271.85938,32932.64063,31392.74805,36180.16406,33000.81641,34014.60156,32003.18164,36786.30078
ARP3,33530.08594,29947.14844,36609.66406,30397.99219,33908.95313,31403.76953,36764.01953,29793.09961
PSMD6,29369.92188,36209.92578,32553.81836,34564.32031,29165.60938,36164.80078,34482.95703,32189.14258
1433F,35911.55469,34836.02734,33207.48828,30714.18164,36949.78516,32556.48828,33913.59375,27172.19922
ACBP,28561.42773,33576.21875,28818.48633,34168.02734,28960.69727,31195.29883,32374.43945,36656.91016
SYWC,29814.64844,35238.34766,32457.17773,35267.40625,30141.18164,36850.46094,34399.17188,34882.96875
GRHPR,32063.96289,32952.32813,33263.79297,31177.44141,32627.02148,33110.39844,33085.67969,31602.58984
HV372,55198.11719,28762.39258,46140.39063,20546.125,46340.37109,30831.74414,45271.66406,16928.56836
PSMG2,23808.72852,38708.92969,49165.80469,46860.29297,20318.4668,39778.05859,40331.74609,40352.33984
TBCEL,32590.98438,34697.07422,35561.86328,37951.70703,30607.58398,36936.80469,36586.40234,39252.8125
VATB2,31632.93945,37435.10938,32233.30859,37117.21875,30023.57227,37848.5625,29102.12695,35996.46484
LV949,27624.06445,44418.82422,38926.81641,21315.66992,27625.07227,57994.17578,44598.01953,15867.88672
PSA4,31735.4707,32215.13672,33342.90625,38593.09766,32974.86719,33705.43359,33933.48047,36848.51172
HGFA,32000.80859,26016.11328,37619.48047,34776.12109,29752.74414,31106.8457,39781.88281,31569.62695
PCBP2,32157.9043,36528.76172,35714.28906,32603.61523,30932.15625,36244.91797,36083.19531,33235.18359
CARM1,37938.48438,34852.21484,32998.07813,34243.37109,40432.55859,36378.18359,33851.43359,31587.05273
DYN2,27858.16016,38548.85938,37038.85547,35584.98438,30766.32422,39826.4375,39401.80078,36634.82031
RAB6A,38670.4375,35889.23047,32427.27539,31549.16211,38253.50781,36240.46484,33406,31168.35742
PRTN3,53747.63281,27919.49609,23775.51953,24647.01563,56316.92188,28747.23438,28310.08984,22009.5918
4EBP1,31032.60938,29551.38477,31554.58984,30169.03906,34629.59766,28766.18555,35036.73828,31237.80469
CHM2A,31789.09375,28815.5293,36107.88672,36727.375,32907.47656,29847.48047,35122.15234,34389.18359
THOP1,32640.28906,34665.13281,37602.69531,36343.31641,29435.62891,40857.22266,41610.24609,40525.82422
PSD12,30542.41016,37392.43359,34954.17188,33898.5625,29254.41992,34891.64844,34319.24609,35289.57031
RUVB1,42044.05859,27813.52539,35442.75781,36450.08594,41404.20703,28789.79492,37907.47656,35803.53125
BIP,34572.14063,31030.84961,35280.125,31327.12695,35072.45703,29106.73633,36122.46484,31064.92383
NUDC2,33711.14063,35344.12891,39900.41406,33694.15234,34231.39453,36872.98828,40289.14844,35230.76172
IPYR,30585.48633,34581.71875,38170.48828,36816.21094,31076.875,38553.21875,32311.23633,38393.01563
RUVB2,39800.34766,25451.55078,34995.58203,31944.5293,39763.94531,27009.71289,32586.93164,31736.11328
HEM4,25648.20898,33501.92188,49145.27734,37317.89844,25769.17188,31224.79102,45737.87109,38546.20703
CSN5,33960.11328,32726.81055,37597.20313,31627.84961,31886.69727,35699.41797,33252.24609,33385.68359
COR1A,36329,27101.47266,32639.51172,32180.99805,40174.5625,30022.04883,30388.20898,33713.23047
FHL3,30134.41406,51027.27734,45330.63281,40225.83203,49293.41797,41308.10547,50014.21484,48859.40234
ANXA1,38116.87109,31426.04883,23124.8457,38755.96484,38017.03125,34125.27344,23041.42383,37315.76172
DCTN2,36438.30859,34702.42188,20655.32227,34570.29297,34023.90625,34022.42578,21230.64453,34438.60938
PDIA1,36435.70313,30079.02344,37364.875,35812.93359,38144.96094,28714.66797,38740.42969,35587.81641
BASI,32606.77539,33211.38281,38695.33984,37479.32031,37507.19922,32829.29297,36083.08594,36837.82422
OLIG1,35422.05078,24358.5625,40752.94531,36673.41406,31661.28516,40030.06641,38031.1875,34363.37109
AK1A1,35961.54688,34300.94531,36835.53516,35996.39844,34834.76953,31909.7168,35959.66797,35227.55859
ACTN1,42584.63672,32525.04492,35899.5625,29717.88672,41363.76953,32840.875,35734.08984,29550.30078
UFC1,29713.85742,40159.07422,37401.64063,41013.92188,33590.85547,40493.48438,40126.16016,40275.85156
ACYP1,40318.13672,27569.26172,42263.66797,33278.24219,39847.71484,28677.74609,41945.13672,31897.98242
UT1,33714.73438,31053.29102,41417.07031,44251.79297,35591.51172,33505.92969,41037.57422,43861.375
HV428,51880.36328,24943.32227,26934.89844,40562.54297,50344.79688,25744.32617,26629.42773,38068.92969
SYDC,30894.7832,35576.88672,40211.80469,34030.25,35418.91797,34634.43359,39330.67578,32588.09766
CNDP1,33366.57422,33673.44922,48243.14844,22161.625,33152.61328,35522.89063,47898.61719,16499.41211
PDLI1,38553.41406,34673.62891,32108.93359,34208.73047,38785.26563,29912.26367,32739.64258,31651.73242
PSD10,31573.3457,37798.58984,38908.60547,38008.99219,33869.57031,38447.83594,36758.68359,39194.85156
DBNL,35426.34766,42135.00391,39248.93359,36314.34766,34867.96094,42489.54297,41757.64844,35094.75
XPO7,32890.58203,37628.24609,40535.40234,35501.78906,34383.42969,41222.5,41381.6875,37744.65625
CALR,42048.12891,30174.37305,43604.99219,37242.41406,38771.69922,32030.84766,39574.59766,35372.89844
SEPP1,34086.58203,37939.05859,30828.53516,35290.04688,31612.64258,38549.61719,33474.43359,36404.85547
ERMAP,31702.92188,33537.84766,42025.66016,36774.86719,30984.16797,31804.91016,41406.27734,33983.32422
IF4E,36147.78516,36421.06641,41049.66406,36332.94141,36506.71875,38584.26172,39375.58594,35007.57031
GAPD1,36597.28906,41717.26172,34701.49609,37206.16016,33829.96094,42963.79297,33988.65234,36885.37109
MTAP,40664.82422,36205.77734,36576.10938,41666.28906,41465.05469,37430.30078,36293.03125,41192.87109
PLPP,35863.85156,34374.99219,37015.91797,38450.38672,37857.71484,34035.98438,36291.91406,37148.28906
NSF,40204.85156,35749.21094,41329.34766,36497.44922,40852.91016,35643.13281,40277.55078,36295.75
PSA3,39395.14844,40338.89453,41733.14453,46266.03516,39913.5625,39989.49219,39754.35547,45172.86719
LV211,52938.41797,27607.17773,43053.875,29744.20703,50575.05078,29206.90625,46139.07031,24680.37109
GSHR,37192.71094,37682.18359,39499.31641,37730.90234,35092.82031,38738.55469,41823.28125,38912.08203
TYB4,36687.74609,43627.95313,34817.82422,36179.88672,40178.75,35184.02344,35484.0625,33083.57813
LV746,64976.13281,17430.83789,46619.10547,31104.64258,58530.58594,14005.83301,53533.01953,35099.72656
CYTB,13478.56934,88813.75781,18574.82422,22612.5625,16132.07129,92353.71875,16523.60352,22040.71875
PLEK,47849.48828,35805.89844,45617.15234,29143.29297,42170.96875,35926.39844,43111.33203,30487.88867
HV64D,32250.33789,34000.55469,41183.3125,30013.49414,32781.13672,32971.81641,45628.19922,33961.23438
IGLC7,74695.03906,28902.86133,24471.72266,25935.20117,60448.25391,25404.71484,26932.14648,17665.25586
LIS1,38375.76563,44122.54688,30278.49219,43383.65234,38675.34766,44634.00391,32150.99609,43775.46094
CSN2,38457.07031,39774,42071.56641,40018.62109,40584.17188,41439.67969,39397.76563,39420.93359
OTUB1,39987.01172,40158.1875,40470.26953,38464.71484,40523.89063,46001.95703,39786.25781,41213.80859
CI040,43981.73438,35837.17188,44418.73828,43971.55859,44375,39499.17578,42620.64063,43892.82813
CBPB2,39123.24219,46488.54688,34139.86328,43513.87109,39283.95313,46178.67578,35615.75781,43500.33594
PIPNA,34649.21875,39619.59766,45532.91016,39427.05469,37025.78125,40511.11719,42825.86328,40170.375
APOF,33656.27344,21552.37305,31883.0625,20268.92383,32247.13281,38951.77344,33226.78516,25300.87891
CUTA,50684.90234,27464.38867,36228.80078,38291.98047,40194.71094,34108.20703,48831.07813,37884.67188
NB5R3,38406.07031,29672.7168,45877.17188,33840.52734,42318.74219,31768.96289,48970.53906,34917.55078
RAB5C,37238.73047,43406.1875,50834.82422,45084.64063,36844.39063,43247.38672,48003.00781,45067.43359
1433T,37605.73047,39315.28906,41730.14453,34000.02734,37860.89844,41116.48828,40627.19141,35857.64453
XPP3,42504.3125,52414.34766,40746.82422,39331.29688,47073.46484,50464.60156,38432.93359,40178.50391
PA1B2,38188.21875,44844.77344,43572.8125,43868.5,38315.64453,45309.9375,40522.10156,45284.86719
RD23B,38524.94141,42225.38281,42919.98438,40039.07422,41664.03516,44751.77734,41071.60938,38929.79297
CBPN,45377.74609,31453.18945,40876.63672,48089.75391,45913.80078,32012.45117,40595.19922,48001.14453
LEG3,33192.53125,53324.78125,40824.11719,32320.33984,34462.28516,53505.44922,41972.39453,30544.10938
PDIA3,40798.36719,37174.23828,42005.69531,39587.98047,41415.99609,37542.41797,44545.11719,37791.98438
CSN3,39078.73438,43029.51563,41698.40625,39792.44531,39527.52734,42519.30469,38363.68359,38866.78125
PCBP1,39068.01563,48890.72266,41143.41797,37613.11328,36491.92969,45518.99609,42010.28516,37538.72266
KT3K,33981.29688,34117.29688,48124.13672,46488.96094,34562.92188,34740.58594,48133.875,47143.60156
KPRB,36555.62109,41426.26172,47767.19531,43594.55859,37964.68359,40655.52734,45842.75781,42893.12109
EF1A1;EF1A3,32700.53906,59119.79688,44720.28906,42296.39063,29767.80859,58578.92578,46438.82422,36005.58203
RAP2B,40635.45313,40241.8125,39313.98438,41487.08594,43797.37891,36346.89063,41663.26563,39824.9375
ZYX,48645.26172,41977.72656,39493.85938,35933.53516,48563.69531,37308.58203,39233.85938,35390.49609
GP1BA,48483.125,47526.27344,40082.83594,41182.30469,46496.27734,44546.85938,41839.85156,35665.22266
HV383,51267.98047,32264.25391,38933.14063,34240.95703,57144.06641,27857.91797,41231.88281,40373.58594
DNJB2,37992.5,42003.48047,48417.69531,46049.36719,36726.17578,44032.43359,45710.82422,43015.14844
PHLD,34751.59766,51919.08984,37082.39844,51916.83594,35886.95703,52923.54688,37790.40234,49737.82031
CLCA,13657.59863,39731.37109,66500.42188,36740.84375,18673.16406,35489.87109,65059.11328,41667.98438
KDM4C,37506.44922,42007.56641,37450.56641,525525.625,39227.08594,45220.56641,44637.62891,41926.08984
SHBG,42565.42969,22072.17383,44317.11719,45711.69922,41975.16016,26359.60742,44490.97656,42633.46094
LHPP,45769.98047,55028.84766,36435.77344,41824.13672,48422.23438,54719.55859,36781.30078,43720.42188
CDC42,44502.59375,44482.23438,46693.11719,47633.03125,44027.28906,44311.92969,45715.05469,47076.99219
MOES,45695.53125,43400.82422,46820.83984,45282.39063,44492.82422,44874.9375,45700.68359,45571.02344
CNRP1,53702.29688,47880.00781,42125.65625,35107.46094,54168.33203,49710.23438,43395.50391,34205.76953
QSOX1,47902.46094,39903.71484,45140.625,42070.16016,45208.70703,50003.5625,44323.75391,31317.28125
HV353,44817.97656,17920.71484,70276.625,18836.26563,44686.98828,20777.87695,70838.13281,21487.63672
CSN8,39765.33594,47792.67188,46061.19141,42997.11719,45728.08203,42731.45313,48219.08594,42940.92969
KV108,46922.53516,39284.10938,50870.74219,45266.04688,45000.17969,45725.77734,48902.48828,41186.71094
GDIR1,46210.98438,52019.21484,49536.44141,52362.55469,48908.1875,52255.24219,51154.76172,54350.35547
GDIR2,47790.10156,44497.09766,44672.18359,42024.21484,46375.09766,45290.06641,43749.77344,45120.32813
GDIA,44725.64453,44521.95703,42877.04688,43360.40625,46144.78906,43139.63672,40310.25781,44891.51172
RHG01,41372.45313,46344.07031,44347.61719,44210.5625,42211.33594,46869.50781,43992.91797,43444.30469
UGPA,46588.30078,47968.22656,46223.55469,46581.69141,46158,44956.61719,48051.80078,45661.42578
PSMD2,42652.69531,48188.35156,45566.75391,48407.51563,42719.04688,48873.875,45222.03125,47588.20703
LG3BP,46505.59766,47652.66016,38884.03125,42082.97266,47318.36719,46818.88672,39588.74609,40223.20703
CD59,42362.20313,47783.42969,49609.02344,40694.57031,40039.33594,48043.21484,50300.98828,40848.34766
PEPD,44797.33203,49882.375,43336.64063,50303.88672,45283.26953,50663.58984,43695.76172,49077.75391
KAIN,40139.27734,56946.03906,40359.11328,45284.71875,40184.24609,54898.53906,46325.15234,47281.21484
KVD21,56475.12109,28127.57617,41945.51563,44086.73828,57200.66406,25797.08594,42971.77734,44522.85547
RN123,43255.82813,43739.04297,48567.35938,45257.92969,44609.18359,45624.39063,48167.40234,44133.25781
TETN,53239.01172,41810.07813,51722.12891,41418.08203,47970.25391,41387.29688,50810.68359,39484.14453
FCN3,41455.11719,54464.16406,37488.41406,55359.53906,37911.61328,60009.9375,40250.01563,55003.73828
RBX1,54966.65234,54736.96484,51363.59375,50093.13672,44975.16016,51074.96484,49349.44922,45953.32813
TPP2,44390.76172,49341.20313,48158.65234,51577.9375,46025.04297,47961.10938,50368.02344,52282.27344
GLPA,35609.79297,31467.03125,48514.23047,51438.42969,31299.14648,64217.77344,49249.15625,36172.27344
UBE2K,48737.57031,48741.44531,48957.4375,47375.93359,52585.99609,49819.37109,51897.28906,45721.72656
GGCT,46978.75391,45898.22656,56063.83984,49944.55078,43927.44141,47695.71875,55927.26563,49463.65234
GLPC,43013.37891,58139.32813,48316.35938,53631.48828,44986.74219,53815.01953,45995.61328,51457.91016
CYB5,48408.91797,48545.11719,45674.92969,53798.11719,49253.80859,49767.79688,47611.16797,53969.24609
UFM1,28607.31641,55008.88281,49394.14063,42894.98047,51136.30859,42591.59766,55190.625,35389.19531
RAB1B,39575.375,54658.80859,48945.5,47592.10938,41609.46094,50287.94922,44385.25,48598.50391
LANC1,48514.26563,54413.59766,49486.71484,55428.14453,48411.95703,46944.58594,45221.09766,53314.42188
PRDX5,40365.125,55679.72266,47947.02734,48999.04297,43476.5625,54991.97656,46690.05859,47699.31641
PSMD5,49567.32813,51710.13672,54629.36719,53235.97656,51940.29688,49753.91406,54851.1875,54436.57813
CSN4,48457.08984,50038.87109,49733.1875,48941.65625,47627.64844,51268.60156,50537.88672,48504.05078
PSD11,47239.95703,53441.33203,50873.83203,49696.44141,48710.9375,54692.57422,54065.23438,52641.8125
F13A,56341.46875,49292.47656,38294.10156,44610.35938,53752.38281,48597.49609,39632.75391,44906.84766
TSN,40580.82422,57174.93359,56348.82422,54120.01563,38197.71484,56823.0625,56775.11719,52028.51563
ATRN,50960.40234,51887.25,43255.48047,49542,50949.22656,49591.42578,45036.10156,50104.54297
FANK1,45428.14063,56810.33594,57157.19141,53528.86328,55350.86719,61504.76172,57068.80859,56469.6875
CLH1,17583.99609,46576.05078,76105.55469,55524,17926.98828,46824.73047,76973.01563,55411.31641
THTM,52114.02734,31821.96289,57190.51563,56447.80078,52660.81641,32766.84961,57535.47266,56796.56641
TKFC,50325.44531,51803.35156,55899.67188,36767.05469,52621.91797,53414.64453,56034.98828,37774.12891
RHAG,56915.91797,41783.26563,57960.93359,44447.62109,47043.375,56216.11719,57960.83594,48649.86328
BID,44253.08203,50823,43277.21484,45786.69531,46112.91406,48082.78516,42206.24219,46398.52344
ELNE,52749.35156,49935.34766,30099.03516,50549.97656,56251.03906,47108.61328,41164.96484,49748.64844
FBLN1,61936.04297,47207.47656,55105.75781,48405.48047,56676.30469,45740.09766,56170.30469,44392.51953
WDR1,46591.80469,55483.4375,50328.40234,48703.08984,45274.76563,54574.41797,52695.85938,48722.86719
UBP15,47092.32422,55341.63672,54096.11328,51527.65234,49157.18359,56748.88281,52629.85547,53060.36328
FUMH,47407.64063,51794,49061.625,56934.78906,52096.71875,53151.41016,47550.01172,56233.47266
FA10,51425.10156,54385.18359,51190.76172,50941.61719,50991.77344,51329.04297,56378.69922,52405.73438
BLMH,50991.89844,51987.18359,51520.17578,54127.14063,50446.14453,51617.94922,54435.95313,53456.98828
NIF3L,50289.42969,52019.92188,53895.42969,53230.64063,54139.71094,53814.64063,51416.5,51497.88672
GP1BB,55007.40625,54935.60938,51944.73828,44009.97656,56733.81641,48941.88281,53362.64453,44361.04688
WWP2;ITCH;WWP1,71174.85156,45568.87891,44315.57031,54793.50781,63414.79688,50641.20313,41219.61328,46389.98438
UBE2O,49642.51953,66324.25781,46575.07422,50454.82031,49470.80469,65194.13672,47057.60547,51022.30078
THBG,56943.01172,48980.85938,44831.5,53390.375,55313.32813,49338.39063,47528.6875,53000.72656
CATG,75177.57813,63242.51563,50046.96484,52539.15234,75856.40625,62705.07031,48590.78516,49281.88672
PDC6I,49693.26172,56454.04688,59506.97656,51653.25391,50569.59766,56699.30859,60481.78516,53207.99219
1433S,53770.53906,54464.10547,60610.03516,54809.35156,55570.23438,55238.99609,58649.94141,55773.375
LV214,59639.24219,31054.07031,43794.88672,56324.99219,58709.28906,38178.53906,39335.79297,59763.76953
KPYM,58400.67188,55291.67969,47521.78125,53404.37891,58845.66797,52745.24219,47050.27344,52293.875
TBA4A,67634.14844,56126.875,59122.81641,44115.91797,64051.03906,52066.55859,58379.16016,40867.52734
LV325,56033.83203,51391.44922,50112.25,39142.375,54144.24609,55025.5,50080.35156,46772.44531
VATA,50719.24219,59104.17188,55484.46484,59969.9375,48616.92188,63120.93359,52969.21875,57318.94141
PRS4,52473.70703,58468.52344,57091.04688,56730.88281,52579.24609,61705.79297,53709.41797,60352.74609
APT,63104.98438,55024.76563,60337.36328,53341.78125,65898.30469,57244.74219,58313.62891,54924.14453
PGM2,53427.52344,57568.32031,57569.14063,53713.62891,53399.52344,55561.04297,59477.50781,55236.02734
TXD17,53239.88672,58425.60547,57250.07813,55210.72656,53064.05078,55124.16016,58275.82031,56831.48438
AGO2,55787.55078,56146.52734,52634.58203,54798.12891,54028.98047,57386.29688,54272.05078,54230.00391
AL9A1,64989.02344,38713.75,65309.94531,70321.09375,62891.69922,36588.82813,64565.51563,73680.4375
S14L4,42452.5,56810.71094,57510.58594,64507.10938,41371.55859,56607,60046.32813,64352.73047
RB11A;RB11B,57807.46094,57815.80469,57904.62891,55064.48047,59321.48438,59528.58984,55159.95703,54251.12109
TCPA,55608.37891,65347,54254.46484,57577.92969,55347.85547,64986.83203,55097.04297,57356.61328
C1R,63744.57813,58242.55859,59439.77344,54672.08984,59455.43359,55737.85547,59460.36719,56519.24609
TBB5,62479.51172,49668.39453,55976.10938,44677.56641,54746.03125,45591.51172,49800.92188,40912.66016
GLRX1,64634.00391,41106.98828,45614.49609,69578.11719,82962.5,49313.19141,50266.23047,80426.96094
HV330;HVC05,70206.625,61063.28516,45543.77734,47487.42578,79809.35156,60173.67188,42503.57422,45407.82031
VWF,51266.07031,48611.96094,53101.31641,68745.51563,48262.33203,39004.69531,52051.22656,61168.1875
H14;H13;H12,70694.16406,51947.1875,53151.99219,64676.21484,63961.42188,53714.05859,61274.46094,62309.58594
MYL6,67012.5625,59741.03906,59501.05859,53115.73438,66722.46875,57033.44141,59921.67188,50302.5
C1TC,61404.57813,76936.16406,72784.47656,32645.01563,57971.64844,74581.42188,67151.88281,30089.0957
GLRX3,57338.92188,62194.16016,61069.38281,58804.58203,55867.31641,65074.35938,58223.33984,57210.75
FLOT2,63478.41016,58475.83984,65782.25781,63100.44531,64242.83594,58953.46875,67092.4375,62789.08984
DCNL1,57617.76953,59626.53125,66226.71875,62442.16406,57200.71094,64363.71484,62278.46484,59777.57031
FREM2,50086.83594,78689.26563,57416.73047,62191.27734,56621.83984,74577.15625,58405.55078,63403.99609
RHOA,62793.12891,60848.33984,56360.35156,59095.98828,62538.69141,59114.05078,58587.92578,57924.07813
RAB1A,55471.49219,62025.21875,66974.6875,65262.87891,56035.41797,65850.90625,63332.5625,66413.42969
KV139;KVD39,76413.04688,52172.78516,49514.72656,50931.75391,80308.96875,52962.65234,45047.82813,51300.71484
SUMO3;SUMO2;SUMO4,58252.25391,71629.91406,53004.63281,68656.10156,56033.39063,69704.53125,56249.49219,65745.14844
IF4A1,55417.48828,59991.31641,56643.27734,65440.54297,57354.50391,59601.49219,60920.76953,65008.26172
TBCA,54831.26953,69368,59284.26172,60134.02734,56848.91016,66022.21875,58519.75391,61861.41797
ARGI1,72821.16406,68930.84375,46088.17188,61644.40625,76564.76563,68627.57813,43391.75391,63383.70313
LV151,60276.49609,59600.09375,76398.1875,51916.15625,59986.67969,55321.375,74490.32813,55245.54688
PUR4,57094.80859,70318.53125,61621.28906,68007.65625,58395.28516,68304.5625,59430.03516,69372.8125
G6PI,69269.71094,63490.72656,63226.66016,66188.75,70073.24219,68150.94531,59301.46094,66198.32813
PSB3,63789.22656,62624.82813,70801.02344,71672.21094,66774.83594,63612.28125,67692.0625,72527.5625
MACD1,77788.71094,68348.10156,76507.25,55087.12109,70424.15625,71970.60156,68332.60156,57891.78906
PRS7,61906.41016,71912.53906,65571.23438,66487.13281,59175.28906,70924.34375,65012.80078,67279.36719
TNG2,68461.95313,71271.46875,65932.14844,68197.80469,70436.60938,71986.64844,65820.49219,66042.13281
LV469,67547.63281,60184.73828,93477.83594,51342.00391,63401.82422,59063.46875,96586.21875,51517.67578
C1RL,70006.52344,69230.98438,64148.54688,69628.46875,74479.01563,67082.92969,64532.89063,66059.5
ARK72,69948.0625,66411.92188,66014.79688,66988.48438,67414.82031,69738.17188,65325.3125,68792.36719
CAP7,92400.4375,53732.63672,59213.30469,61202.24609,89945.35156,59344.91016,59833.07422,62474.51953
A16A1,62142.94922,65807.70313,68727.07813,69018.88281,61196.4375,65167.375,71913.39063,69256.60938
KV116,99803.46094,56623.68359,50893.10156,44319.42188,97284.35938,61849.06641,46271.84766,33083.11328
GET3,67413.73438,71070.14063,65209.3125,71836.09375,65240.17188,72211.72656,67114.71094,72181.42969
CO2,74302.91406,61067.89453,60680.45703,66646.3125,75286.60156,64178.00391,60861.60547,65035.08594
PRS10,62439.61328,70863.08594,67356.02344,69493.20313,63077.75781,70424.14063,62053.86719,70943.96875
RSU1,74186.08594,52948.93359,73637.54688,60472.97656,73827.90625,51855.13281,72135.89844,60920.65234
TBB4B,64838.44922,85125.70313,73644.41406,67261.5,55568.93359,60529.87109,57315.66406,47107.03516
FN3K,43744.59766,63129.96484,84101.53125,79815.72656,42932.3125,64306.22266,83659.71875,80978.53906
PSB5,60389.38672,63559.14453,64488.55859,74169.42969,59899.48438,61176.375,69243.04688,74451.3125
PUR8,64972.91016,68641.72656,70366.13281,68087.74219,67390.60938,69734.9375,69574.25781,68690.58594
HEM3,54917.25391,74033.36719,73704.89844,75747.47656,53614.29297,76090.34375,72730,77480.65625
UBAC1,70572.01563,67456.46875,73384.89063,66008.5625,67627.20313,66999.48438,70667.75,65738.45313
CO4B,56486.32031,75939.57031,43116.74219,102444.4063,59864.5625,62541.44141,47170.92188,98550.9375
BOLA2,71600.88281,60893.32813,71364.14844,73515.79688,71889.14844,64426.82422,72339.53125,69831.24219
KV229,53361.52734,24654.14063,51401.72266,117629.9609,51379.01172,24591.53516,51109.10938,115455.3203
HV374,127828.5859,37653.07031,45512.49219,47932.09375,135889.5313,36333.19141,40880.72656,50824.17969
FAAA,34320.88672,33319.36719,121457.5078,69529.625,34101.29297,34619.23828,119235.9922,71225.32813
OXSR1,67986.00781,66100.78125,67391.52344,66936.69531,66752.58594,70094.9375,70212.9375,65177.16406
ITIH3,81769.10156,56261.08984,71022.42188,68095.00781,78969.29688,53933.58594,71239.78125,68018.375
DPP3,62674.62109,80694.125,79403.375,72368.55469,63589.41797,80580.07031,78847.02344,73219.20313
1433G,76881.9375,62790.54688,74375.17188,63315.63281,72023.07813,64461.07031,67926.5625,67961.41406
RAP1B,72926.39063,65693.19531,74409.22656,68123.84375,69810.77344,66384.92969,73251.60938,67301.82813
RHCE;RHD,83142.53906,64227.71875,73716.72656,66523.625,73368.88281,78608.25,73549.03125,65850.59375
TCPZ,68883.10938,75731.83594,68335.44531,70284.92188,71363.125,76280.39063,67054.07813,69832.30469
HV315,86000.88281,36108.04688,78028.48438,66718.78125,84274.98438,45581.43359,80564.51563,65718.19531
TCPE,70767.55469,77983.46875,69255.84375,69257.1875,71384.82813,81317.39844,70196.09375,71282.97656
HV103,87457.52344,61912.19141,78344.83594,66135.03906,88421.80469,55867.12891,76416.36719,59807.86719
LV327,68799.64063,82146.42969,73967.375,58503.78125,63547.78906,85567.75,72747.51563,59526.1875
PUR6,55479.87109,85089.39844,79111.60938,74959.78125,54381.82813,87314.125,77341.32813,72988.21875
MCTP2,66456.60156,82721.35156,74115.17188,77359.92969,65875.32031,77636.28125,74608.24219,76887.35938
GPX3,67201.64063,64981.42578,76325.74219,76598.23438,65735.375,69240.77344,74302.15625,74384.36719
TPM1,77768.19531,68883.78906,72969.71094,63993.30078,75136.71094,71866.92969,68711.38281,66789.17188
HPTR,67039.39844,72460.3125,46848.23438,97360.3125,63221.81641,65816.28906,44305.99609,90202.44531
LV144,67909.875,67530.82813,70959.54688,74848.42188,73337.35938,69221.94531,72311.35938,73358.46094
DCUP,71986.82813,76872.97656,79378.45313,71141.14844,75553.32813,78918.35938,77538.44531,69484.58594
HV118,64381.72266,67543.27344,65705.23438,81962.04688,61600.33594,63347.83203,75364.96875,81543.84375
HSP74,74035.32031,81441.25781,77161.50781,78791.83594,73801.95313,81334.28125,80037.70313,79576.10938
CFAI,83162.72656,73106.5,67511.88281,81345.24219,75210.41406,74263.20313,69957.86719,82720.04688
CAVN2,85133.52344,72734.24219,75357.82031,59534.14063,78052.69531,69539.86719,79018.78906,61126.76563
KJ01,86304.29688,55596.06641,79368.77344,75319.32031,83095.28125,52917.01172,80573.05469,72264.28906
MP2K1,79547.00781,74823.58594,83099.69531,79528.91406,67396.1875,84772.03125,85958.92188,77462.90625
LV218,101309.4453,45843.74219,54318.39063,38305.09766,107744.1094,49801.88281,42764.99609,36607.19922
RAC1,73397.78125,74665.0625,79064.08594,77160.08594,77025.23438,71447.92188,82024.82031,79202.35156
KMT2C,96135.26563,129527.9375,122128.1094,164726.9063,74658.95313,114881.2188,74368.125,98942.28125
LUM,77852.20313,69473.49219,83679.13281,72970.625,75381.14063,69799.82031,86629.375,71432.27344
CO8B,66420.60938,72653.96875,79204.10156,89123.04688,65175.42188,70722.04688,78817.67188,90038.70313
PSA2,73137.14844,74565.46875,75710.45313,86239.74219,74654.95313,74870.69531,76670.78906,85540.32813
VINC,85169.42188,75201.77344,75917.84375,69170.69531,81780.75781,71895.25,75882.4375,67867.20313
CAPZB,66997.16406,80971.03906,88487.07031,78560.38281,69930.5625,80608.72656,89295.64844,78028.21094
PP2AA,80924.42188,88902.4375,83345.29688,75434.95313,82769.40625,87852.39063,81753.77344,78216.64063
KV37,81369.72656,74017.05469,79057.92188,72379.03125,85425.17969,71372.8125,73329.76563,66588.24219
ITB3,89873.85938,77978.875,79145.375,67735.75781,85996.76563,74850.53125,75561.6875,64394.34766
LASP1,84027.10156,77671.54688,82728.99219,67508.99219,71467.8125,80477.32813,84359.875,73251.58594
NP1L4,73370.83594,96797.10156,78696.07031,83026.625,78771.96094,95571.63281,80351.44531,83703.48438
GSHB,74317.30469,81552.59375,84692.92188,82233.09375,72508.17188,82570.39844,85664.17969,83737.72656
H15,98289.44531,83306.59375,71315.86719,81143.80469,106904.7891,83790.89063,66191.125,80756.52344
ITA2B,90088.71094,79865.85938,81328.01563,69167.27344,90367.33594,77685.32031,81579.64844,68678.5
THIC,69459.26563,85379.10156,82468.3125,83503.04688,69020.80469,86140.15625,84208.99219,82507.35156
IMB1,74115.04688,85968.14063,77562.13281,73477.42188,72441.21094,90216.84375,76456.75781,73444.79688
ALS,79505.875,86592.46875,100855.4453,58284.84375,80054.04688,85570.26563,98415.72656,58300.52344
PI42A,83394.04688,87982.42969,79935.72656,79536.84375,73177.78125,87206.54688,76814.61719,77813.05469
CAZA1,73902.38281,84363.78906,92631.5,78303.60938,70533.39063,83289.23438,90358.52344,78449.28906
G6PD,77490.27344,88542.29688,81090.85938,83762.75,80581.13281,88378.58594,78011.33594,82716.22656
KVD42,100792.7891,66945.14063,79561.44531,67198.30469,96716.51563,68865.28906,75598.65625,70644.69531
6PGL,86414.22656,84754.64063,80561.60156,91543.07031,81137.16406,84185.8125,80563.85156,94641.80469
C1QA,97643.03125,88332.71094,85953.10156,82045.21094,89577.89063,87453.26563,86786.92188,78184.33594
HV338,74619.28125,78009.38281,117053.1953,53018.89844,73367.27344,80212.80469,111648.3203,44189.6875
HINT1,69333.16406,102406.6563,90703.22656,78933.89844,69102.54688,99660.35938,90587.3125,79211.44531
KVD15,90588.95313,69297.63281,94548.40625,87687.5625,102995.8984,60783.76563,98900.46094,83583.36719
OLA1,85411.70313,85849.41406,95715.34375,87955.9375,88244.80469,90045.60156,91902.58594,90422.67969
GPX1,95710.94531,73118.57031,113689.1484,100532.9922,99743.39063,75663.75,103557.6484,100562.5234
TCPD,85643.85156,96050.07031,82128.51563,86042.72656,85013.82031,96762.50781,84089.07813,86758.875
KVD07,57490.60547,67139.89844,112951.1641,41348.46094,58346.14844,59037.25,111893.8516,60604.29297
PEDF,76167.625,89914.38281,92072.9375,88612.99219,72678.65625,88316.64063,91767.39063,88634.51563
PSB7,84602.08594,85025.21875,86707.6875,96520.32031,90529.80469,89355.30469,90955.39844,97405.9375
ABHEB,85873.23438,90008.75,93088.21094,91371.02344,87230.73438,88715.35938,89858.8125,90543.09375
LV861,87868.61719,60672.64453,103036.1563,91788.46094,89486.84375,51254.93359,106604.9531,91786.4375
OTU1,83687.47656,92856.74219,83116.42188,86264.59375,88074.36719,93504.46875,81388.04688,87815.28906
RPIA,89511.30469,89779.5625,91357.01563,84992.82031,93822.70313,92880.84375,87964.23438,81938.53125
ML12B;ML12A,96120.21094,89817.10156,92986.08594,77585.74219,96521.19531,91196.78125,93108.85156,74985.01563
PA1B3,81310.72656,97345.46094,91204.54688,93981.14844,80776.39844,97177.99219,89973.5625,91016.27344
TBA1B,95024.10156,103355.9922,97007.96094,88755.60938,86744.35938,85100.90625,79613.28906,67368.53906
PSMD9,80723.77344,92539.6875,96993.83594,94845.92969,79529.59375,87420.0625,96303.67188,97023.75781
PA2G4,109052.3281,81275.96875,70837.25781,109200.6328,109058.3984,80512.09375,68516.67969,111286.5625
KLKB1,93841.30469,100708.6719,90369.10156,75933.33594,93747.52344,98807.69531,91123.86719,73251.39063
LYSC,133272.4063,87301.39063,78453.78906,84508.44531,134465.3594,81073.02344,79477.30469,81910.45313
CO8A,90311.36719,82026.64063,91826.375,102493.1484,85945.26563,81749.84375,88101.66406,99914.17188
CD47,88313.94531,105339.5469,84391.91406,96917.29688,92878.46875,110156.2969,101842.9453,105307.9922
LV743,120987.9453,59220.45313,117280.3828,65776.14844,126693.3672,54888.15625,120228.1172,63730.10547
HV102,110988.8672,76453.11719,74532.375,113154.7578,118449.8203,85915.65625,44176.85156,94829.75
HEBP1,89849.03906,90351.44531,98641.69531,92729.76563,87582.03125,94486.125,97820.40625,95759.28125
H31;H33;H31T;H32,108187.7109,88850.26563,82752.14063,94469.0625,106551.6328,88762.59375,85448.89063,96627.75
HPRT,88994.48438,95898.35938,98010.97656,94014.53906,86577.88281,95134.92969,95978.57031,99659.84375
TXNL1,76135.03906,95205.44531,105416.75,100533.75,76037.67188,96251.71875,100762.8984,102135.7109
UB2L3,82762.91406,95046.59375,92077.875,96590.85938,89006.5,90664.16406,91175.89063,94270.71094
PLSL,95017.07031,90586.67969,100567.3125,96191.5,92414.625,92713.53906,99456.79688,96109.44531
ACLY,92560.3125,101260.1641,93478.21875,96295.36719,95633.28125,103510.1797,95841.98438,96854.14063
CO7,97252.89063,91303.17969,104212.4063,81825.32813,94533.49219,89163.55469,104621.7031,82415.75781
ARF3;ARF1,90945.71875,89044.66406,94796.57031,94490.6875,92649.35156,92798.96094,94785.63281,94453.375
KVD30,112768.6484,91719.46094,96845.67188,71380.40625,118259.7813,84716.79688,100730.5313,69881.5
FLOT1,95733.84375,90389.00781,100044.6953,101365.75,97813.14844,87943.67969,100439.5859,99593.64844
PERM,90862.80469,110223.7969,87943.74219,101040.5781,97916.79688,107726.6484,90208.1875,99193.04688
PRS6A,90530.63281,93774.26563,91043.52344,97766.47656,90837.71875,99660.08594,91551.70313,96886.40625
LKHA4,95127.40625,93304.30469,112018.4531,98270.89844,97716.01563,96313.95313,110391.2734,94091.32031
PSB4,97098.30469,97618.05469,99768.58594,110691.8281,102865.8984,100301.0781,99262.61719,113121.0859
UCHL3,99385.28125,98001.67188,111279.9453,96096.88281,102877.1797,96182.17188,108331.6953,99720.83594
LV208,118258.9453,73213.45313,90363.83594,103865.8906,113543.4297,73953.97656,93650.85156,99099.60156
PUR9,85967.10156,118901.7969,90811.64063,99128.04688,87461.27344,116540.2656,91348.75,99060.53906
UBP5,91801.82031,100897.2344,91733.88281,103645.2578,94251.58594,102966.6875,94548.64063,104897.6797
CAP1,102806.1016,105604.6875,96780.625,96620.1875,102235.2813,108386.8828,98464.27344,94137.39063
LV657,114538.5781,111464.3906,106428.2031,66163.03906,113091.5,105618.4141,110236.3125,63325.30078
CBR1,102267.4609,104701,97947.64063,102800.1406,103397.3906,105767.0078,97086.26563,101907.4063
PROS,110453.8438,95632.91406,93886.97656,111058.8906,106534.8594,92816.3125,92180.02344,111096.6016
SNAA,89806.08594,109145.0391,115617.2656,114466.4609,86375.07813,113295.9766,117594.8828,114859.8203
TBB1,122480.3047,105483.2813,90609.11719,87252.1875,126326.5,99284.92188,94993.28125,83291.03906
ECM1,107552.1953,106362.6406,103421.1875,98807.78906,102740.7109,103807.4609,104780.0938,98673.80469
HV349,110268.9141,98742.1875,89080.5,103483.9375,103957.0234,99228.88281,96484.61719,97933.70313
TRYP_PIG,82884.71094,117750.5234,99984.41406,105797.0703,81751.46094,87007.86719,94526.28906,105376.0625
C1QB,110383.7422,111375.8281,96302.13281,89435.53906,110728.9375,106324.5078,107424.3125,96286.05469
PNCB,138666.3281,99509.39844,78447.9375,101839.1328,138246.7656,100019.8359,77360.27344,103309.3281
O14K1,98175.96875,113902.2734,90633.49219,106707.6953,83339.53906,113483.2813,89187.58594,96413.63281
HV366,23187.16992,22971.75391,209606.7344,102043.5625,23970.23828,24144.01367,218752.2969,97560.76563
CLIC1,99505.84375,101824.9922,118262.8203,101987.8672,96686.92188,111254.1641,119977.6953,107098.7031
PRPS1,94200.76563,117760.2891,109267.8828,112149.7969,95755.00781,116999.1172,106303.3203,111582.7813
TLN1,119602.1406,99809.72656,108022.2891,88032.90625,118112.7969,96709.8125,108523.8828,84104.9375
TCPG,105367.7031,123751.8984,106044.2031,109002.9844,110287.7422,121491.5547,106985.5703,105350.4375
URP2,111349.2031,105511.6016,105816.9219,95663.75,114497.0703,97657.80469,104322.2813,93933.29688
LXN,113770.375,106751.1719,125864.2578,109329.8438,112071.875,111660.2734,121986.1953,109034.375
PSME1,103374.7734,116232.1406,106773.0391,113754.8438,102240.9531,124082.4844,106120.8203,111663.9766
SH3L3,137341.8594,126423.4219,93575.61719,80549.47656,129335.4297,134733.3906,96317.1875,80235.875
FBX7,111578.2188,115251.2422,111300.2891,92446.19531,110597.5,117706.9141,108050.625,92641.67969
PSME2,102702.7969,113334,109944.2109,115971.3359,105893.2813,116364.0625,105084,113677.8203
CO6,122849.6641,94148.82813,114644.4453,95848.82813,119216.5625,93163.95313,116432.8203,97810.83594
CO9,106039.4844,108581.2188,99636.14063,120744.6484,102618.6406,100564.2344,103547.1953,117564.8594
CAND1,108760.7344,111222.5625,116790.7969,111288.3516,109591.3906,113995.1406,113145.6953,111712.2266
GSH1,106991.2031,117039.6484,114795.0703,108349.4141,106622.5469,119067.8359,111890.8125,112849.9141
ADDB,106666.4531,117592.9063,111651.3281,108426.1328,109463.8125,118352.2813,112535.6172,110387.8594
PSB6,109458.2578,113062.2188,111923.5,123752.5078,96171.10156,116556.0703,115255.9141,124794.1563
GLOD4,103570.0781,106117.3438,109571.2891,112613.2344,104754.8359,110462.8516,110831.2188,113566.7266
RADI,102519.2578,116599.1016,116267.7109,117430.6875,105143.1641,114967.3125,113713.1953,115499.875
HBAZ,9337.791992,31559.54492,330227.1875,14042.47168,11754.45508,31130.68359,324945.5625,12493.84668
PSB1,111589.5234,107834.0078,111542.0234,128220.6094,111793.3281,110441.5625,110472.6953,126177.5234
WBP2,106693.7891,125354.0703,136213.3438,122523.9609,108406.4844,128659.7109,131762.9219,116450.2734
PGRP2,104697.0938,108871.5156,121104.25,122616.2656,103727.3438,109516,119635.7109,120141.6094
KVD24;KV224,105304.5781,146231.2188,108989.7578,63731.84375,109054.7188,142963.5781,110594.0547,53177.01172
PSA6,114909.7734,119121.0703,122294.0078,131881.1719,119816.3047,116928.6953,117352.8047,131924.4219
GMPR1,113059.5234,125145.2188,125354.5781,115273.9531,110673.6797,125670.7344,120043.3984,116833.5625
FA12,133066.6563,88288.27344,134508.3594,119792.0781,124114.2422,80792.0625,122882.1563,116561.0781
FKB1A,121859.7656,121017.1797,123310.5078,109423.8438,113806.8594,111095.4688,103613.2734,104066.9531
NSF1C,118724.5703,122598.9766,116064.4531,129492.1484,122499.4375,126806.8281,117079.4766,129171.4141
ACTC;ACTS,112607.2891,119914.0469,115914.5469,117354.8516,120841.2969,118203.0547,106033.2813,107251.1094
MYH9,136199.0469,117692.625,122044.2891,107715.3438,134502.6563,114804.5547,124145.0781,104235.5
ANXA7,120785.9844,125282.9063,125868.3281,114450.8906,118927.875,128399.4766,123621.4453,109123.0391
FLNA,136816.2813,112847.5,120878.6328,103762.6719,134159.9375,108489.3203,122690.3438,100071.2266
CPN2,122028.3438,104885.5391,120792.9375,134086.3125,115564.9531,102018.9688,116213.2266,129263.6953
LDHA,125070.8359,123975.9844,126294.9531,127283.9688,127877.7578,126503.9375,125455.7109,130080.2188
PLF4,133550.4844,120782.2344,133650.9219,106158.8906,131462.125,107758.9453,140045.6094,98950.46875
PSMF1,129696.1797,135217.4531,136342.8125,118739.625,133041.8906,133234.0156,135797.1719,121843.2422
2AAA,129202.7344,125852.3984,126363.5078,121364.3047,130552.3672,132132.9844,129519.5156,120581.6172
GSTP1,116047.3828,114468.4766,134021.0469,140053.0938,115932.2266,111097.8672,133432.4063,139754.0469
TR13B,106086.1328,93363.95313,126164.75,58191.27734,43088.28125,67060.14844,113713.8203,72889.25781
TMOD1,121643.6563,138093.0156,133027.1406,129160.8984,126290.6875,136085.1719,133473.0781,134975.4688
ADDA,123170.3438,136666.1563,125983.1875,129963.0703,123564.3281,138763.3438,131509.4844,129213.5703
AATC,121052.2344,134167.5156,142673.125,134372.2031,128276.8047,135324.75,137126.5781,134501.25
PSA5,125462.0859,123420.75,127765.6875,136603.25,124178.4844,128924.3359,126241.5625,138066.5156
CHLE,123637.8906,118513.0234,107788.9063,138330.1406,103265.9766,132468.2969,112663.7109,123052.8672
HS90A,133473.8438,148719.2031,129753.8906,120934.9766,138831.7188,149258.9688,130233.9219,120705.1016
SKP1,121829.75,158280.875,128705.4922,119502.0625,126353.2344,146714.9219,140395.7656,120442.5313
CHSP1,134973.7969,153017.4063,141177.9688,136623.5625,119796.6406,165542.5781,144283.9531,131826.6719
UBP14,123845.7891,146117.1719,133755.7969,132871.4531,125201.1094,151287.4219,134203.9531,135400
LV140,171795.7969,104777.9297,136691.875,131043.4453,175502.4063,99123.19531,144190.9844,133861.1094
KPYR,145026.7656,133765.6563,136420.7031,131263.4219,144196.6875,136714.5313,141427,130995.2188
CPNS1,133862.4219,127966.4609,142727.1719,128989.3125,133948.5,148108.5625,147132.3906,139270.6719
APOM,154542.9531,139246.9219,126742.3828,140987.1719,143500.6875,148084.3125,121750.3984,134264.4688
PTPA,163022.8438,122142.0391,154419.2188,124794.0703,162785.7344,129965.5938,145033.1406,125860.8047
HV307,162934.1719,119309.5156,154853.7969,99708.78906,156739.9531,119149.9219,150827.2188,99310.64063
LGUL,137063.25,135031.9844,137850.1563,148991.2656,137421.125,138872.3438,132807.6094,152178.7969
DEF1;DEF3,187528.625,186618.125,104510.3203,92849.44531,192415.8438,163097.5,102784.5703,104149.9375
KV137;KVD37,197130.4531,99577.63281,156525.9531,109590.4844,187371.8438,108883.8125,163043.75,104355.5
TCPB,141802.0313,160131.3438,141114.6875,139564.0625,147184.4688,156773.8594,138198.3438,142820.4844
CAN1,131098.2344,152436.5469,146572.7813,149141.8281,132448.5625,152378.0469,150623.75,147781.875
TRFL,192519.8906,153849.5781,110002.1641,129709.0547,190715.7188,144844.875,109611.8438,121712.75
GSH0,120001.9531,170749.875,149947.1406,132789.2031,124605.9922,173894.9375,144403.3125,134546.9375
PSB2,146875.875,145269.0156,144971.4375,157981.5156,145053.5781,143295.9219,142097.4844,159098.875
TPM4,161505.8438,152855.9688,147924.3281,137266.3125,157748.3281,146321.4844,152721.0781,132056.4531
PSA7,145245.4219,144596.4844,150305.875,169309.7344,146287.1719,148190.5156,147684.0781,168529.1875
HV461;HV459,160601.9375,138862.4844,120438.3281,174065.4844,153851.3125,140767.1094,124903.0859,173887.2656
TSP1,150515.0469,153618.125,155732.2344,131505.3125,144909.7188,143984.1094,157517.9844,123503.5625
HV373,167885.8438,99761.59375,156063.8438,105734.25,155083.9219,109360.625,160978.0938,90282.86719
1433Z,155816.5469,139154.9688,171583.6094,148322.1406,161048.5625,147159.1719,158315.25,151294.1094
UBA1,160292.0469,148963.3906,167217.9531,147263.5313,161134.6719,151462.2344,166229.3125,149008.625
CCS,146532.5625,175805.0625,150344.2813,161340.5625,150625.2656,179296.8594,155235.375,164211.4375
CALM1;CALM2;CALM3,130285.2813,209192.7656,142822.2344,145293.6094,135519.6406,195502.1406,138703.2188,136750.5781
PROF1,163858.8906,144841.3438,144221.7813,136543.8281,168561.125,138395.2813,144728.5625,134490.5156
C4BPA,176493.4844,155265.8906,130124.8594,157618.8125,166059.2031,143360.9063,128365.4609,159491.7813
FCL,159415.75,178091.2969,151021.5625,158745.7031,163039.5938,174593.1719,146912.1094,157657.9219
RANG,147582.7031,160697.9219,173535.2344,171897,152631.3438,165154.0156,173299.4375,175795.9688
PGAM1,164760.6406,172222.9219,143423.0781,164685.3125,164143.25,174602.8281,143149.2344,164239.875
MTPN,158169,172012.9375,200613.0313,174652.6719,168289.4063,166097.4063,201096.5,168698.5313
IF5A1,162611.5469,153985.2031,183083.5156,164504.3281,167612.0781,165926.875,183013.625,162751.3281
APOA,90926.60938,107000.1875,54207.49609,488035.0625,96789.65625,105916.4688,33540.5625,502510.5
TPM3,148212.9531,188354.875,163747.75,168448.4531,160060.6406,161816.7344,169203.2031,169439.0156
GLO2,164158.4844,168827.4688,161613.4688,171167.9219,163046.4688,170770.3438,155997.125,172638.1406
PITH1,169312.0781,186212.4844,168188.2344,159028.6875,175970.9844,183954.5156,169741.2344,161400.6719
H2A1B;H2A1;H2AX;H2A1D;H2A2C;H2A2A;H2A3;H2A2B;H2A1C;H2A1H;H2A1A;H2A1J;H2AJ,190442.8438,162674.4688,155475.8906,171513.4531,200248.7031,151540.1406,164326.9531,181314.1094
BIEA,111525.6563,189817.4375,201624.3125,212820.6719,110146.0859,202884.7344,198421.8125,208772.3281
NTF2,164409.0625,168767.75,177685.0313,165947.1875,168932.9063,178424.7813,169116.4063,175174.5625
S10A8,206152.7031,193726.1406,120631.4688,143799.7188,209345.5469,186348.9531,128677.2578,140083.0469
CO5,178720.3125,152562.5469,143335.2344,178554.2031,174138.1406,153607.7969,146541.75,180676.1563
KV117,193984.4219,193382.6406,138473.2969,122447.1484,218634.7969,138125.1563,127653.1094,109018.9297
A2GL,187130.625,196213.4688,138262.9375,149233.375,181895.9063,198276.5469,137554.6406,144723.2969
C1S,187830.9219,166243.0625,171750.0313,157466.625,179002.7969,166650.0156,169223.75,158334.2813
TCPQ,175716.4063,191568.0781,165458.4531,172092.5,177029.7188,197237.2969,169621.4688,177983.3281
SORCN,189647.9063,175677.6875,182479.4531,159334.6875,183654.6719,183812.4531,184721.7813,158172.7344
APOL1,182695.5156,159908.0625,163664.7188,210828.8281,183953.9688,171605.7656,171743.7344,209086.4375
CBG,207408.3594,165352.9844,159904.5156,164178.2813,193200.8906,173732.5781,165536,160700.7656
PSA1,172119.2344,175373.2656,180074.9375,200472.3281,173845.0313,176400.2344,178611.0625,194354.8906
DOPD,170459.2813,184841.3906,181443.2031,184710.1406,171624.6719,187968,180170.8438,184250.2188
FHR1,97642.71094,229067.7344,200754.8906,188356.3281,63209.22656,215636.8125,205469.5469,202354.4375
DDI2,186450.125,178253.6563,197720.4219,180003.4531,184546.2813,175807.9531,193928.9531,184250.4531
H2B1K;H2BFS;H2B1D;H2B1C;H2B2F;H2B1H;H2B1N;H2B1M;H2B1L,195906.4375,165849.4688,160039.25,176439.8125,205424.7188,162996.6406,165166.6875,176960.3438
KVD33;KV133,186091.8906,190795.3594,199132.7031,186457.0156,185340.4531,191817.1406,196009.0156,219563.9531
TKT,166021.9844,208164.7969,186112.6875,176998.9219,169505.6406,207174.2656,189967.2031,178205.9063
KV109,170259.1875,143891.3906,204642.9063,170802.6719,190833.0313,89367.71094,204721.2813,166485.3438
ESTD,186772.2188,190836.9375,194473.5313,188769.4844,192228.625,190202.6406,188501.7969,191864.2344
DFFB,209415.1406,143932.1875,153119.9531,141869.3594,183927.5469,170040.1094,167914.1563,164965.0781
HBAT,163691.3125,180142.1719,208331.9688,206826.625,166122.0156,174065.9844,210527.3906,211185.2344
C1QC,189043.2344,201612.8594,181028.4844,178820.1563,199278.6094,187303.5938,187738.1094,171713.7656
STIP1,192538.5781,198996.8906,191908.0625,180308.4063,193918.8125,203822.2813,190046.7656,184322.6406
PANK4,181286.5,179942.3125,194614.2813,177046.8281,189830.2344,198844.2656,201030.6719,183750.7031
ICAL,184976.125,172138.9844,210576.7188,190009.9688,184321.3281,191460.8125,214376.5156,184544.7344
TAGL2,193662.7656,191193.7656,196578.1719,182902.6094,197120.0469,193590.7188,197035.4844,175184.875
RD23A,174777.9844,200504.6875,185117.2969,191661.9063,182868.9375,197092.4688,182303.8438,188333.8438
SH3L1,188541.1875,189430.5469,203781.4375,205822,181716.125,199155.0938,202734.9063,202291.8594
CAH3,221450.6406,237925.7188,155425.9531,180670.8281,228094.125,247394.2656,149332.5938,182829.7813
F10A1,190997.3594,199160.0313,202416.125,197335.2969,198708.7344,207280.4063,195986.2031,200388.25
TGM2,211251.7031,193047.6875,208254.0469,193499.5313,212074.1875,196850.2969,204680.0156,196051.4219
HEP2,213623.0469,166469.2188,176351.1875,227589.4531,217671.875,167648.2031,183179.375,222046.7188
ANGT,226501.9219,223042.5938,199949.5938,161904.9375,224781.5156,230450.2344,192423.8594,158791.7656
KV228;KVD28,200122.3125,205521.5156,204220.125,184981.1094,214483.625,185988.4844,226598.0156,176112.4688
GDIB,193226.6719,217829.0469,216544.5313,217684.9063,196738.125,215703.5781,220055.0469,217674.5313
STC1,91998.69531,128149.9141,115349.0625,195752.3438,120656.6328,129460.1094,184233.0625,123897.3203
CXCL7,237839.0625,193154.9688,236516.5469,196609.7969,225096.7813,191715.6406,228959.7656,187075.9219
CD5L,258057.1563,226382.125,159109.7656,195815.625,249621.375,218454.9375,154402.8438,190966.7188
COF1,202879.4688,221903.4844,223430.8438,217822.5469,203038.4063,223964.25,217471.3594,222417.375
SAHH,193743.4844,215959.4219,212331.9688,221280.4063,195975.4844,206099.9688,220147.5156,225123.0938
TALDO,198106.8281,225917.5469,211126.375,225025.8906,206324.7656,227244.8906,214147.4531,223339.0938
TERA,214147.0469,223275.875,224373.875,248382.2344,216746.5313,218976.625,223034.1875,251340.8594
INF2,252775.3438,186938.8594,206629.9375,205849.3906,234685.4375,223541.3281,239974.0938,209769.7969
H4,284151.1875,209263.7344,198645.5156,228268.3906,273613.0938,216392.6719,213119.4844,224366.3438
UBE2N,231362.375,223401.4219,244589.2188,224271.5313,233582.5313,239860.7813,244794.125,234046.3125
PPAC,193820.9063,260455.8438,242239.5156,237721.6875,200925.8281,263196.875,242571.0313,238583.4375
TRAP1,250183.1406,275423.5625,244357.875,230144.6875,240847.25,288338.125,235049.1094,238423.1875
S10A9,286374.0938,269259.4063,180641.7656,207150.5156,300444.875,274101.0625,192541.6563,198888.875
PIMT,231037.8438,236041.2969,267395.375,235873.8281,241126.7031,241108.875,261042.1406,247618.2969
1433B,250696.6875,235145.7969,274434.375,244088.1875,261480.625,246623.4063,265778.5,238323.375
PGK1,245855.0156,256688.3594,260627.1406,258234.7188,253455.6094,254698.7188,255740.4219,262371.0313
MIF,245028.3125,250243.25,283022.9063,236340.4063,245898.9688,241199.9375,276633.8125,235991.2031
1433E,254907.0469,243113.7813,275849.9688,249466.625,264214.5938,245107.5313,262715.9063,252490.5781
UB2V1,255158.3594,257535,272977.1875,247830.1094,254079.3594,268644.2813,273034.3125,257198.8125
SAA4,212543.6719,322559.5938,242098.375,251095.875,202209.1406,335925.7188,235423.5469,243122.2344
RET4,216043.2813,340028.5313,216241.75,234366.125,206194.1406,328934.5938,214684.4219,232591.5156
EM55,244133.8281,269910.125,268834.375,253931.9844,245708.3906,270931.9063,255424.2813,247233.9375
KV106,242478.2188,260924.2344,284355.0938,159321.6875,195136.25,202491.5625,299197.4688,171926.1406
NDKA,291944.375,264251.7813,275412.0625,265772.6875,295113.6875,282571.0313,272051.75,271281.4063
KVD13;KV113,291165.9063,178344.4219,220937.8594,284777,262246.4375,193263,217668.3906,240840.8906
LV319,257387.6875,218997.6875,226199.0781,260621.6719,241572.3906,213855.1563,225612.8594,280427.3438
AL1A1,294340.0938,249204.9531,287136.75,264093.0938,290838.5938,258990.6406,289010.5313,268343.125
AFAM,256013.0625,256542.5,297776.75,266522.0313,247161.9219,259820.1875,299991.4063,265817.8125
APOD,308621.1875,358317.7188,239486.8438,311819.75,294196.8125,351890.0313,250996.4063,314101.4063
ENOA,287437.1563,316769.4063,291140.0625,318111.3125,290090.0313,311410.9063,286490.0625,318752.7813
SAMP,306882.4688,328177.5625,206026.1719,354852.5313,306385.3438,348784.7188,210550.25,347844.125
LV310,335083.4063,263302.3125,341011.3438,260569.3125,348935.375,227831.3594,300366.2813,271096.75
LV147,393063.9375,403451.6875,463622.0313,443867.9375,400036.5625,383211.4063,343015.0938,437609.1875
PEBP1,306721.625,321307.0313,331061.7188,325947.1563,309457.875,326323.6563,329009.8438,330159.375
PNPH,283982.5,318037.0625,361312.2188,328078.5938,276407.9688,318882.3438,367555.75,329114.0313
NDKB,315151.5625,326762.6875,342652.7813,318744.625,313481.1563,339631.5313,333002.75,313289.0625
6PGD,323544.0313,323082.0938,317657.1563,325679,310938.4688,336153.9063,308981,333640.4063
SODC,318344.625,369635.3125,328269.4375,326047.5938,305176.7813,345306.75,330572.5,331507.5938
ZA2G,311056.0938,368484.8438,292387.4688,309306.2813,296708.5313,366596.7813,279064.6875,306479.25
RAN,277550.5313,359638.2813,331740.3438,366916.375,301474.0313,345744.7188,340181.3438,370098.6563
KPCD3;KPCD1;SGK2,337985.6563,333760.3438,343116.875,335590.8438,329650.0313,318640.8125,362530.1875,342951.6875
DEMA,322391.8438,341620.7813,332523.1563,328507.9375,316725.5625,349712.5625,319768.7813,328375.6875
KAD1,308203.5938,332622.0938,387274.9063,340254.9688,315913.9063,329101.9063,392513.1875,340570.3125
A1AG2,400268.1875,291884.0938,320656.4375,334929.2813,404211.8438,340499.4375,314553.8438,334418.8438
ITAE,405548.6875,400141.8125,428185.7813,396411.6875,426160.375,408641.9063,385576.0938,392494.25
HS71A;HS71B,330781.5313,384893.1563,348004.0938,349232.1875,344223.6563,374639.4375,348612.5313,351601.4063
IGLL1,413681.7813,281731.8438,407754.8125,211014,393215.2813,304205.4375,426970.7188,236951.2813
HSP7C,310213.2188,354730.1563,434209.5313,419874.3125,319709.1563,349218.4063,438257.125,420959.75
THIO,332845.875,403765.9688,383009.2813,391797,334774.6875,412116.875,374899.0625,403187.4375
KNG1,394642,422347.4688,333728.4688,360960.8125,382458.9375,399416.875,332168.8125,353708.2188
MDHC,375672.2188,387918.75,383021.5,404172.5,383661,392114.0313,374916.2813,410983.0938
LDHB,388133.2813,377276.125,400014.3125,394166.8438,395499.3125,387429.875,389074.75,392588.0938
PRDX1,369315.7188,417620.8125,341010.2188,441886.625,370617.6875,424512.6875,334744.7188,451343.9375
ACPH,391057.3125,372621.4375,404991.1563,431080.9688,387089.8125,378604.1875,391797.7188,425683.4063
APOC2,330390.25,524242.75,428027.2813,367582.7813,338553.5625,520307.7188,437564.3125,363939.6875
PON1,538626.8125,381801.5938,346792.4375,407220.75,515249.375,398549.375,346954.5625,414821.125
GELS,473048.5313,403911.875,414471.75,413984.8125,459182.7813,408264.25,424825.5,405466.0625
A2AP,477591.5,414555.2813,452213.6563,401655.3438,451596.2813,435983.1875,444478.4375,393847.75
AHSP,328119.5625,512989.2813,439581.5625,425375.0938,304214.5938,598365.25,451461.6563,435691.0313
PLMN,464677.2188,441381.8125,423732.75,431561.1875,449865.5625,406651.6563,423690.1563,426740.9375
CFAH,509475.375,402213.6875,411124.9688,461887.0313,479492.75,383942.0938,395971.9063,457368.1563
PARK7,414660.5938,448808.7188,450422.6875,461678.0625,426043.8438,449035.6875,445138.3125,467169.7813
APOH,435809.8438,463928.8438,424851.375,432473.25,423817.5625,444544.5625,420664.2813,440641.0625
TCPH,410501.25,494544.1563,430087.1563,442882.5938,448004.1563,483048.1563,432342.5938,435982
LV321,585575.1875,455019.5313,374102.125,358348.5625,538356.5,481511.3125,376652.2813,346782.8125
CFAB,490869.7188,388440.0313,421638.9063,497109.6563,475881.7188,376991.25,426579.2188,492183.3125
THRB,476828.375,431261,447325.5,456046.3438,454731.3438,426173.1875,441460.9688,455702.1563
GSTO1,510123.125,431708.8438,492297.2188,438835.5,490526.7813,451821.75,489309.6875,446975.125
ITIH1,484358.9375,440553,467743.0313,471167.0313,466700.375,436371.2188,474439.1563,462626.7813
IGJ,610949,394146.4063,284449.9688,516583.5313,596980.3125,414972.0625,276472.8438,519573.9688
TPIS,435789.9688,507475.7188,477648.2188,489980.4688,434076.6563,518491.7813,467542.375,487543.1563
KV112;KVD12,581298.75,438404,484210.125,374378.0625,555192.5,459006.1563,457220.1875,383156.8438
AMBP,495285.5625,430162.4063,512309.5625,505353.9375,454383,432923.4375,492759.6563,490972.4688
EPB41,458578.8125,525072.3125,485689.5,510689,460249.4375,514242.6875,502742.1563,518829.7188
HEM2,530325.375,501354.125,538520.6875,447774.625,535128.625,520317.1875,522458.6875,457944.9063
KVD11;KV311,506898.0313,449904.375,531509.875,518885.4688,503443.0625,443600.4063,556951.0625,536846.375
STOM,480530.4375,484396.4375,527470.5,540180.875,489935.4375,493541.125,527952.75,521491.9375
EPB42,476513.9063,533625.3125,517748.5,515799.7813,488053.5938,537836.4375,523853.625,515347.9375
APOE,529064.3125,654143.3125,481832,379291.4688,513109.0313,660105.125,481312.4375,371245.0625
KVD29,468680.6563,488961.7188,565733.8125,441449.6875,463268.1875,473703.7813,583533.9375,439735.2188
S10A4,572459.625,472557.3438,582402.8125,532987.8125,584949.9375,476633.25,573142.5,537459.1875
ALDOA,515388.5625,528131.5,567299,573152.8125,529545.4375,561743.75,547308.8125,576248.3125
FINC,524934.75,530314.375,535058.375,585294.3125,493120.6563,504310.1875,524554.3125,571708.1875
HRG,624629.1875,474219.1563,634426.3125,464663.6875,598261.3125,462460.75,634144.75,452891.5
IGLL5,645922.6875,479339.1875,565865.625,418602.4688,654354.6875,446490,524647.125,445040.2813
KV105,790537.8125,452724.2813,551938.75,459757.9063,689281.375,455633.0313,526382.625,428566.25
A1BG,394703.875,599720.4375,612725,605196,387797.5,600490.875,608607.875,596597.875
ITIH2,567027.5,522879.1875,596503.4375,568550.25,559677.6875,511729.7188,608656.1875,566774.375
HV309,799954.0625,400833.9063,704214.8125,455064.4688,713179.4375,419446.9063,710801.3125,472506.9688
HV551,576966.125,487602.5,514169.3125,684069.375,576018.8125,469596.9063,531997.1875,680472.375
RGS1,151183.4844,173228.125,152857.9688,173819.6875,90500.29688,2070052.75,105373.6563,
APOC1,581273.75,747291.625,623493.9375,570098.75,594356.5625,736948.625,625987.9375,536180.9375
SPTN4,689659.0625,563473.8125,651984.5,580160.8125,607918.0625,746568.0625,650211.625,608895.125
APOA4,585794.875,669229.5,638742.0625,756613,578758.125,660636.1875,643616.375,735000.5625
ITIH4,722447.8125,592267.9375,663932.4375,707807.3125,721297.5,598667.5625,662732.375,702879.5
IGHG4,732005.4375,789923.8125,654934.375,506810.6563,715821.75,804789.375,674907.0625,503391.2813
ANT3,714216.3125,688527.3125,713328.9375,609279.8125,698951.0625,699825.5625,693551,611822.5
SPTA1,685018.375,730010.9375,716640.9375,699282.75,688235.0625,738925.0625,716036.5,704026.4375
HV321,779393.375,633731.375,797581.3125,694097.1875,773277.8125,596561.5625,814020.9375,672967
APOB,826890.6875,568341.375,660118.75,767555.5625,815697.6875,572915.5,672628.8125,764112.0625
IC1,707418.8125,782771.75,710015.6875,664062.1875,688062.9375,812333.25,689106.875,663704
IGHG3,800298.625,490961.9375,865134.9375,859410.3125,718311.625,474574.4375,941674.6875,854470.375
PPIA,684252.875,785482.0625,756342.8125,753947.3125,688095.125,750873.125,736977.5625,763830.75
GTR1,738278.5,723103.1875,754162.9375,858045.6875,778119.4375,668955.5625,756006.0625,854504.375
SYUA,732060.125,725121.625,879227.625,754192,762770.6875,708111.25,894320.8125,752334.5625
KV315,822673.9375,669216.8125,822187.3125,766650.25,824431.1875,651516.1875,835200.75,733818.5625
CENPE,742264.75,722793.625,762725.1875,728596.75,659769.6875,831388.0625,665767.625,658213.875
CAYP2,949052.625,665926.75,750146.5,842748.625,868872.625,658691.4375,727980.625,833634.6875
S10A6,850423.125,765091.6875,812084.9375,890320,857736.375,772319.9375,803298.4375,896237.0625
SPTB1,806377.375,864593.75,844444.75,828710,809906.1875,877026,838227.75,833183.5625
KVD20,796212.5625,770805.0625,971541.625,693891.25,766089.25,759045.875,897206.4375,675064.1875
FETUA,910884.125,796695.6875,933580.625,753273.6875,878587.0625,836720.125,915156.5,751665.0625
CLUS,895603.875,895311.5,809727.75,846147.8125,903998.875,895626.1875,823158.875,827202.6875
AACT,853180.875,975510.25,748881.375,944777.1875,822145.8125,973457.5625,754051.1875,933068.875
VTDB,1023666.5,907103.4375,852302,832141.4375,942611.6875,926249.875,831890.5625,838891
RINI,897012.25,943590.8125,1020973.125,916515.25,869310.625,913354.125,981490.5625,919453.4375
PMGE,903515.1875,947828.75,967824.8125,929701.75,919871.0625,927732.75,968679.0625,905452.875
CO4A,881270.25,765007.5625,874030.4375,1121203.5,864840.4375,751774,884834.1875,1111543.625
VTNC,882331.375,851208.5,999924.4375,1000031.938,900225.125,839477.875,987359.875,982898.3125
KV401,1217968.125,801091.0625,1097011.625,726704.875,1053881.375,846537.25,1109215.375,717016.0625
ANK1,963072.75,1053098.625,1034446.938,998243,991020.8125,1058737.625,1017606.688,999896.9375
UBB;UBC,1114542.375,1140431.25,994270.375,1058349.625,1089338.375,1078895,1026827.188,1097285.25
CERU,1107929.25,1029203.25,942448,1079697.375,1102311.625,999441.6875,950820.8125,1065242.125
SBP1,1168847.625,1119472,981201.9375,1021790,1180952.875,1168108.75,944028.8125,1014288
G3P,1012056.25,1211328.5,1076226.375,1161039.875,1025390.938,1209458.5,1064418.75,1133089
A1AG1,1114872.625,1554713.25,763235.6875,940801.25,1073775.5,1589584.375,788671.6875,920059.25
variant,1437181.875,1125867.625,1279083.5,1123434.75,1358483.375,1141352.5,1317483,1127476
APOC3,1164053,1382466.5,1117276.25,934615.9375,1123514.5,1389412.875,1200032.375,921068.1875
PRDX6,1236748.375,1444128.5,1545262.375,1373773.875,1240927.125,1481025.75,1506995.75,1377046.625
PCARE,1408217.375,1547033,1554793.375,1597225.75,1367667.875,1787106.875,1508051.125,1526535.25
HBG2,301711.8125,334855.25,4149288.75,707068.4375,283738.125,356753.1875,4243142.5,806469.8125
TTHY,1458360.5,1810009.125,1587308.375,1476123,1425519.5,1979254.75,1590011.125,1466897.875
HV323,1733401.625,1648929.5,1774881.375,1316627.75,1782690,1538210.375,1879309.5,1318980.25
KV127,1862902.375,1259796.875,1887887.375,1477027.875,1928401,1344349.5,1860964.75,1459265
IGHM,2201913.25,1952298.25,1334714.5,1720411.5,2154162.75,1955728.5,1342748,1733710.625
HEMO,1930017.375,1861578.875,1732203.125,1733639.625,1864864.75,1902589.125,1677184.75,1726735
KV320,2150151,1430501.625,2286904.5,1618591.125,2056414.125,1433893.125,2187613.25,1728705.375
ACTB;ACTG,2165816.5,1997456.625,1957702.625,1882039.75,2190451.5,1969503.125,1956691,1823080.625
CO3,2231730,1714830.75,1926689.75,2236060,2170349,1704282.375,1951821.5,2239344.25
CAH2,2002981.125,2300002,1850798,2247044,2014238.75,2301178.25,1844092.5,2246718
CATA,1987941.625,2224836,2209540.25,2302666,2011290.125,2212489.5,2230231.75,2295717.75
CEP78,2278673.75,2206980,2079295.625,2267439,2460744.5,2117302.25,1679263.875,1986753.625
A2MG,2490910.75,1599934,3462794.5,2564582,2453191.25,1596151.25,3482101,2562556.75
HPT,3999984,1508315.75,2057583.375,3976111.5,3893333.75,1571264.625,2021003,3911677.25
FIBG,3695086,3002469.75,2755591.75,3419699,3490994.25,2985337.5,2755374,3332316
APOA2,3277873.75,3188141.75,2558522.75,3318798.5,3261093,3233077.75,2714954.25,3392832.75
FIBB,3938997.25,2988475.25,2834871.75,3395546.25,3687783,3004822.75,2767217.5,3364010
B3AT,3831263.75,3727332.75,4027264.5,3799301,3911263.5,3974082.5,3938998.25,3784115
HBG1,1662299.125,2142094.75,9956026,1641466.375,1552555.125,2296711.5,10056423,1596825.625
BLVRB,4367341,4117472,4567992.5,3819131.75,4262539,4242489.5,4460547,3919363.5
IGHA2,4185320.5,2474971.25,5049730,5198895.5,4097676,2482408.5,5013197.5,5196102
TRFE,5033163.5,4902032.5,5175306,4440483,4840031.5,4870245,5124298.5,4400444.5
IGHA1,5136482.5,2771165.5,5857576.5,6490036.5,4984511.5,2700440.75,5969868.5,6439871
A1AT,5780272,4684749.5,5266554.5,5749965.5,5640646,4953330.5,5180904,5704387.5
FIBA,6298141.5,5364361.5,4822895,5904478.5,6204371,5179091,4808821.5,5755486
IGLC2,7982254.5,5687779.5,8018377,5622092.5,7951041,5575204.5,7744899,5666943.5
IMPG2,7958444.5,9105823,7796742,8309985.5,8115342.5,9046107,8897556,9401490
IGHG2,11055741,5743569.5,11273455,3945630.5,11220873,5500379,11236443,3966764.75
PRDX2,8987145,8935958,9146143,9071032,8939905,8774461,9110485,8982163
APOA1,9780817,9123656,8750682,8020995,9868896,9288973,8665116,7902178.5
IGKC,13587551,10104003,12517195,9546559,13662574,9553361,12923030,9664565
CAH1,11941137,14062731,7882217,12539243,12397945,14398180,7954462,12509776
IGHG1,16802680,13691903,13465447,11641183,16733458,13610170,13975407,11827762
ALBU,37122968,35290516,35785944,32145436,35565860,34861072,35676184,31871806
ZCH10,39705908,43411024,34600760,41625104,41419112,39702596,40072524,45238648
TRY1_BOVIN,55412532,65446356,58636312,55044636,52300156,52825596,61097840,56928016
HBD,59713696,68607944,64910048,67345032,62911424,69694984,67297280,68417920
HBA,92363664,115873376,97932984,111664728,101193568,108654944,111031336,116640832
HBB,173953264,202060704,192385808,193449968,187816832,199426464,201193808,201346096
