PG.ProteinGroups	PG.Genes	PG.ProteinDescriptions	PG.UniProtIds	PG.ProteinNames	[1] ID106583_01_MA10140C_6010_080323.htrms.PG.NrOfPrecursorsUsedForQuantification	[2] ID106559_01_MA10140C_6010_080323.htrms.PG.NrOfPrecursorsUsedForQuantification	[3] ID106567_01_MA10140C_6010_080323.htrms.PG.NrOfPrecursorsUsedForQuantification	[4] ID106555_01_MA10140C_6010_080323.htrms.PG.NrOfPrecursorsUsedForQuantification	[5] ID106579_01_MA10140C_6010_080323.htrms.PG.NrOfPrecursorsUsedForQuantification	[6] ID106563_01_MA10140C_6010_080323.htrms.PG.NrOfPrecursorsUsedForQuantification	[7] ID106571_01_MA10140C_6010_080323.htrms.PG.NrOfPrecursorsUsedForQuantification	[8] ID106584_01_MA10140C_6010_080323.htrms.PG.NrOfPrecursorsUsedForQuantification	[9] ID106560_01_MA10140C_6010_080323.htrms.PG.NrOfPrecursorsUsedForQuantification	[10] ID106568_01_MA10140C_6010_080323.htrms.PG.NrOfPrecursorsUsedForQuantification	[11] ID106556_01_MA10140C_6010_080323.htrms.PG.NrOfPrecursorsUsedForQuantification	[12] ID106580_01_MA10140C_6010_080323.htrms.PG.NrOfPrecursorsUsedForQuantification	[13] ID106564_01_MA10140C_6010_080323.htrms.PG.NrOfPrecursorsUsedForQuantification	[14] ID106572_01_MA10140C_6010_080323.htrms.PG.NrOfPrecursorsUsedForQuantification	[15] ID106585_01_MA10140C_6010_080323.htrms.PG.NrOfPrecursorsUsedForQuantification	[16] ID106561_01_MA10140C_6010_080323.htrms.PG.NrOfPrecursorsUsedForQuantification	[17] ID106569_01_MA10140C_6010_080323.htrms.PG.NrOfPrecursorsUsedForQuantification	[18] ID106557_01_MA10140C_6010_080323.htrms.PG.NrOfPrecursorsUsedForQuantification	[19] ID106581_01_MA10140C_6010_080323.htrms.PG.NrOfPrecursorsUsedForQuantification	[20] ID106565_01_MA10140C_6010_080323.htrms.PG.NrOfPrecursorsUsedForQuantification	[21] ID106573_01_MA10140C_6010_080323.htrms.PG.NrOfPrecursorsUsedForQuantification	[22] ID106586_01_MA10140C_6010_080323.htrms.PG.NrOfPrecursorsUsedForQuantification	[23] ID106562_01_MA10140C_6010_080323.htrms.PG.NrOfPrecursorsUsedForQuantification	[24] ID106570_01_MA10140C_6010_080323.htrms.PG.NrOfPrecursorsUsedForQuantification	[25] ID106558_01_MA10140C_6010_080323.htrms.PG.NrOfPrecursorsUsedForQuantification	[26] ID106582_01_MA10140C_6010_080323.htrms.PG.NrOfPrecursorsUsedForQuantification	[27] ID106566_01_MA10140C_6010_080323.htrms.PG.NrOfPrecursorsUsedForQuantification	[28] ID106574_01_MA10140C_6010_080323.htrms.PG.NrOfPrecursorsUsedForQuantification	[29] IDSPQC_01_MA10140C_6010_080323.htrms.PG.NrOfPrecursorsUsedForQuantification	[30] IDSPQC_02_MA10140C_6010_080323.htrms.PG.NrOfPrecursorsUsedForQuantification	[31] IDSPQC_03_MA10140C_6010_080323.htrms.PG.NrOfPrecursorsUsedForQuantification	[1] ID106583_01_MA10140C_6010_080323.htrms.PG.Quantity	[2] ID106559_01_MA10140C_6010_080323.htrms.PG.Quantity	[3] ID106567_01_MA10140C_6010_080323.htrms.PG.Quantity	[4] ID106555_01_MA10140C_6010_080323.htrms.PG.Quantity	[5] ID106579_01_MA10140C_6010_080323.htrms.PG.Quantity	[6] ID106563_01_MA10140C_6010_080323.htrms.PG.Quantity	[7] ID106571_01_MA10140C_6010_080323.htrms.PG.Quantity	[8] ID106584_01_MA10140C_6010_080323.htrms.PG.Quantity	[9] ID106560_01_MA10140C_6010_080323.htrms.PG.Quantity	[10] ID106568_01_MA10140C_6010_080323.htrms.PG.Quantity	[11] ID106556_01_MA10140C_6010_080323.htrms.PG.Quantity	[12] ID106580_01_MA10140C_6010_080323.htrms.PG.Quantity	[13] ID106564_01_MA10140C_6010_080323.htrms.PG.Quantity	[14] ID106572_01_MA10140C_6010_080323.htrms.PG.Quantity	[15] ID106585_01_MA10140C_6010_080323.htrms.PG.Quantity	[16] ID106561_01_MA10140C_6010_080323.htrms.PG.Quantity	[17] ID106569_01_MA10140C_6010_080323.htrms.PG.Quantity	[18] ID106557_01_MA10140C_6010_080323.htrms.PG.Quantity	[19] ID106581_01_MA10140C_6010_080323.htrms.PG.Quantity	[20] ID106565_01_MA10140C_6010_080323.htrms.PG.Quantity	[21] ID106573_01_MA10140C_6010_080323.htrms.PG.Quantity	[22] ID106586_01_MA10140C_6010_080323.htrms.PG.Quantity	[23] ID106562_01_MA10140C_6010_080323.htrms.PG.Quantity	[24] ID106570_01_MA10140C_6010_080323.htrms.PG.Quantity	[25] ID106558_01_MA10140C_6010_080323.htrms.PG.Quantity	[26] ID106582_01_MA10140C_6010_080323.htrms.PG.Quantity	[27] ID106566_01_MA10140C_6010_080323.htrms.PG.Quantity	[28] ID106574_01_MA10140C_6010_080323.htrms.PG.Quantity	[29] IDSPQC_01_MA10140C_6010_080323.htrms.PG.Quantity	[30] IDSPQC_02_MA10140C_6010_080323.htrms.PG.Quantity	[31] IDSPQC_03_MA10140C_6010_080323.htrms.PG.Quantity
A0A075B6H7	IGKV3-7	Probable non-functional immunoglobulin kappa variable 3-7	A0A075B6H7	KV37_HUMAN	1	1	1	1	1	1	1	1	2	1	2	2	2	1	2	2	2	2	2	2	2	1	1	1	2	1	1	1	2	2	2	46359.24609375	42115.93359375	38444.41015625	41992.32421875	41662.44921875	43536.33203125	50538.953125	73314.1796875	69890.3984375	58321.11328125	52655.37109375	68601.6953125	60439.8359375	65890.484375	119028.5546875	114700.84375	122663.2265625	106732.5703125	109032.3515625	121272.71875	107546.1875	94515.453125	118974.046875	95775.984375	89431.8828125	96130.28125	90576.4296875	99119.6875	82066.5703125	82258.0625	69343.7265625
A0A075B6H8	IGKV1D-42	Probable non-functional immunoglobulin kappa variable 1D-42	A0A075B6H8	KVD42_HUMAN	1	1	1	1	1	1	1	1	1	1	1	1	1	1	1	1	1	1	1	1	1	1	1	1	1	1	1	1	1	1	1	43625.84375	41899.12109375	42981.625	38390.265625	46301.6484375	43597.65234375	42658.375	72574.3671875	77890.9765625	88301.890625	89246.6640625	86298.53125	88593.9296875	85818.3046875	120690.8359375	116462.125	111852.21875	121624.7890625	118999.03125	123925.3671875	123242.625	99757.875	84128.0625	108761.3125	100523.9765625	109337.671875	107894.4375	108184.96875	88345.1328125	89476.234375	85840.3984375
A0A075B6H9	IGLV4-69	Immunoglobulin lambda variable 4-69	A0A075B6H9	LV469_HUMAN	3	4	4	3	3	3	3	4	4	4	4	4	4	4	3	3	3	4	3	3	3	4	4	2	3	4	4	4	4	4	3	62843.48828125	66652.671875	49608.6328125	62429.37109375	61286.984375	62758.1171875	60800.71875	64157.3125	79023.6171875	100626.5625	77274.1484375	72533.5625	72472.2578125	78849.578125	48693.27734375	52146.8359375	52324.7265625	42472.66796875	56538.6640625	41233.94140625	54476.04296875	63490.75	67550.859375	66511.1484375	64971.26953125	49905.88671875	59701.00390625	65034.12109375	65199.5078125	64586.2265625	57334.13671875
A0A075B6I0	IGLV8-61	Immunoglobulin lambda variable 8-61	A0A075B6I0	LV861_HUMAN	5	5	5	5	5	5	5	5	5	5	5	5	5	5	5	5	5	5	5	5	5	5	5	5	5	5	5	5	5	5	5	67327.8515625	62958.46484375	71119.359375	73893.203125	64745.53125	66904.859375	65042.17578125	203000.46875	198949.171875	190953.46875	175774.375	204472.265625	179305.9375	183897.84375	172618.09375	169666.453125	165630	165946.859375	165951.21875	170947.234375	162512.4375	108457.03125	126983.796875	102973.1796875	102237.25	106508.828125	98973.7890625	110623.125	137550.515625	134543.921875	135644.1875
A0A075B6I1	IGLV4-60	Immunoglobulin lambda variable 4-60	A0A075B6I1	LV460_HUMAN	2	2	2	2	2	2	2	1	2	2	1	0	1	1	2	2	2	2	2	2	2	2	2	2	2	2	2	2	2	2	2	4407.01806640625	6039.34765625	4291.48193359375	1105.2945556640625	5848.060546875	5830.9619140625	6765.02001953125	1136.0302734375	243.78614807128906	250.08892822265625	22.43195915222168	NaN	1267.5179443359375	1379.8460693359375	13590.7041015625	14499.6923828125	10745.8525390625	13997.2783203125	15378.5859375	15171.7958984375	15023.22265625	15669.900390625	11985.3203125	8706.576171875	13444.9716796875	14275.2890625	14573.625	12965.8583984375	8013.85107421875	9979.24609375	7846.125
A0A075B6I4	IGLV10-54	Immunoglobulin lambda variable 10-54	A0A075B6I4	LVX54_HUMAN	4	4	4	4	4	4	4	4	4	4	4	4	3	4	4	4	4	4	4	4	3	4	4	4	3	4	4	4	4	4	4	37051.484375	43876.75390625	45180.9375	40279.90625	45123.65234375	43405.60546875	41014.18359375	24078.310546875	25787.7109375	23215.498046875	25461.23828125	22119.0859375	25285.095703125	25640.349609375	32897.65625	28100.54296875	27340.34765625	32468.59375	28440.244140625	28525.603515625	30143.19921875	26047.779296875	21793.03515625	25134.376953125	17301.611328125	18585.876953125	18088.41015625	16874.087890625	28269.40234375	32350.41015625	36417.28125
A0A075B6I9	IGLV7-46	Immunoglobulin lambda variable 7-46	A0A075B6I9	LV746_HUMAN	1	1	1	1	1	1	1	1	1	1	1	1	1	1	1	1	1	1	1	1	1	1	1	1	1	1	1	1	1	1	1	28999.658203125	28393.41796875	32710.271484375	28115.04296875	26410.869140625	26144.728515625	29504.4453125	50748.50390625	49877.3359375	51384.23046875	52766.53125	50744.3046875	51778.546875	46672.875	63622.2109375	60391.96875	59062.7421875	63967.73046875	61433.0234375	56402.1875	58996.109375	53354.265625	55350.4140625	56344.74609375	53511.07421875	56590.0546875	54039.85546875	53178.34375	52479.6796875	48344.86328125	46949.25
A0A075B6J9	IGLV2-18	Immunoglobulin lambda variable 2-18	A0A075B6J9	LV218_HUMAN	1	1	1	1	1	1	1	1	1	1	1	1	1	1	1	1	1	1	1	1	1	1	1	1	1	1	1	1	1	1	1	55492.12109375	58328.2265625	58044.15234375	54439.00390625	56434.52734375	55996.3984375	53564.66015625	74053.234375	75261.8046875	76285.03125	77503.875	81080.34375	71720.5625	74661.453125	118871.4140625	115539.0078125	115857.3984375	117300.359375	119002.515625	116780.125	119180.6171875	100934.390625	110885.2109375	107296.265625	97582.28125	105167.0703125	100451.890625	105007.28125	93136.640625	87644.1015625	92110.140625
A0A075B6K4	IGLV3-10	Immunoglobulin lambda variable 3-10	A0A075B6K4	LV310_HUMAN	3	2	2	2	2	2	2	3	3	3	2	2	3	2	2	2	2	2	2	2	2	2	3	2	2	2	2	2	3	2	3	27394.017578125	27164.79296875	28650.853515625	31725.697265625	28899.044921875	33475.80859375	28033.369140625	41196.85546875	44444.3125	38331.921875	40344.6640625	42841.53515625	42783.5625	41763.91015625	28855.5703125	24617.423828125	27896.44921875	24282.025390625	22821.0703125	23190.080078125	23696.01171875	60633.3671875	62876.046875	68303.84375	67827.921875	65317.61328125	58596.21484375	62839.7734375	40507.64453125	42354.42578125	37168.1640625
A0A075B6K5	IGLV3-9	Immunoglobulin lambda variable 3-9	A0A075B6K5	LV39_HUMAN	7	7	5	8	9	7	7	11	10	10	11	10	9	11	9	10	9	9	9	10	10	11	10	11	11	11	11	11	11	10	10	119183.4765625	114473.9453125	115369.8984375	110446.6484375	113165.8671875	116356.3203125	106208.7265625	255681.734375	290232.78125	254459.671875	250175.890625	289827.21875	260452.84375	255797.15625	373839.5	361057.75	375605.71875	387308.5	378825.625	359234.0625	363830.46875	280573.0625	272670.59375	311877.875	289923.1875	286408.8125	249144.84375	271851.53125	257676.8125	263396.65625	260151.28125
A0A075B6P5;P01615	IGKV2-28;IGKV2D-28	Immunoglobulin kappa variable 2-28;Immunoglobulin kappa variable 2D-28	A0A075B6P5;P01615	KV228_HUMAN;KVD28_HUMAN	7	8	7	8	7	7	7	9	9	9	9	9	9	9	8	8	8	8	8	7	9	9	9	9	9	9	9	9	9	9	9	109508.671875	108441.6015625	116461.890625	108730.9453125	113557.3515625	108935.3359375	111855.2578125	170429.734375	167506.359375	165543.609375	143637.3125	172312.953125	134493.953125	143286.84375	171734.6875	163734.390625	180943.5625	159427.9375	141199.96875	146549.6875	157615.203125	161675.28125	259786.890625	144534.671875	163499.6875	154880.8125	153916.515625	152578.3125	144686.09375	149974.890625	150523.3125
A0A075B6Q5	IGHV3-64	Immunoglobulin heavy variable 3-64	A0A075B6Q5	HV364_HUMAN	2	3	3	3	3	3	3	3	2	2	3	3	3	3	3	3	3	3	3	3	2	3	2	3	2	3	3	2	3	2	3	21318.71875	16373.162109375	14970.0146484375	14346.6884765625	27576.634765625	12969.0595703125	20875.310546875	22059.669921875	13713.703125	17986.841796875	26432.736328125	25450.087890625	23183.521484375	20078.287109375	24428.958984375	21825.6796875	28036.87890625	26078.3828125	21892.49609375	31750.822265625	22216.7421875	34673.33984375	27994.427734375	24929.66796875	33736.5390625	33577.39453125	21412.650390625	37807.6171875	21948.259765625	22378.12109375	20909.19140625
A0A075B6R2	IGHV4-4	Immunoglobulin heavy variable 4-4	A0A075B6R2	HV404_HUMAN	1	1	1	1	1	1	1	1	1	1	1	1	1	1	1	1	1	1	1	1	1	1	1	1	1	1	1	1	1	1	1	18038.220703125	17267.888671875	14790.6650390625	17974.087890625	14759.978515625	20670.416015625	17296.244140625	21288.189453125	22310.044921875	21708.291015625	21546.037109375	28518.279296875	24185.935546875	32316.00390625	16365.9931640625	18547.9140625	16050.5517578125	18514.52734375	16859.025390625	12080.9677734375	16425.07421875	26099.658203125	16755.103515625	21076.341796875	26068.8046875	23605.28515625	24871.95703125	23762.1171875	19063.546875	17596.958984375	21904.3515625
A0A075B6R9;A0A0C4DH68	IGKV2D-24;IGKV2-24	Probable non-functional immunoglobulin kappa variable 2D-24;Immunoglobulin kappa variable 2-24	A0A075B6R9;A0A0C4DH68	KVD24_HUMAN;KV224_HUMAN	6	6	6	6	6	6	6	9	8	9	9	9	8	8	7	7	8	8	8	8	8	7	7	8	6	7	6	8	7	8	7	27385.0390625	27520.861328125	22420.884765625	23183.021484375	22458.4296875	26960.3828125	21932.640625	83202.6953125	78795.78125	74803.7109375	69512.0078125	79470.734375	73749.2265625	81225.4609375	58477.78125	52048.203125	57392.9921875	61088.83984375	56982.47265625	57987.68359375	55211.15625	41982.01171875	56573.84765625	53735.4609375	52662.69140625	53422.484375	52453.10546875	53605.1640625	52111.91015625	52040.27734375	53874.9921875
A0A075B6S5	IGKV1-27	Immunoglobulin kappa variable 1-27	A0A075B6S5	KV127_HUMAN	16	16	17	17	17	17	15	16	17	16	15	16	14	16	16	16	16	17	16	16	16	16	16	16	16	17	16	16	17	17	17	755731.4375	711968.3125	708097.5625	682346.1875	763215.875	839444.5625	721216.8125	1600714.75	1750976.25	1659686.375	1751647.25	1929072	1675484.875	1858914.5	2020376.125	1989981.375	2003661.875	2048173	1999158.75	2101362.75	2290742	1927265.5	1775709.25	2027216.75	1952139.5	2157623.25	1970336.5	2074996.375	1718711.625	1671084.75	1725654.875
A0A075B6S6;P06310	IGKV2D-30;IGKV2-30	Immunoglobulin kappa variable 2D-30;Immunoglobulin kappa variable 2-30	A0A075B6S6;P06310	KVD30_HUMAN;KV230_HUMAN	6	7	6	6	6	7	7	7	7	7	7	7	7	7	7	7	7	7	7	7	7	7	7	7	7	7	7	7	7	7	7	46785.921875	58710.80078125	61289.265625	57423.109375	59786.6640625	58910.3671875	59633.98046875	102222.09375	112790.2421875	99902.9453125	90699.8203125	104849.3125	91140.1953125	93678.4375	91762.203125	85294.5625	92329.9375	90496.984375	80882.25	83986.21875	94800.234375	68615.5234375	79646.9453125	66529.8671875	71696.2265625	71245.4921875	60950.8984375	69076.28125	78461.9453125	85289.9609375	82488.5859375
A0A075B6S9;P0DSN7	IGKV1-37;IGKV1D-37	Probable non-functional immunoglobulinn kappa variable 1-37;Probable non-functional immunoglobulinn kappa variable 1D-37	A0A075B6S9;P0DSN7	KV137_HUMAN;KVD37_HUMAN	2	3	3	3	3	3	3	3	3	2	2	3	3	3	2	2	3	3	2	3	2	3	3	3	3	2	3	3	3	3	3	70302.8671875	69971.921875	77232.2421875	75534.5546875	73888.828125	67880.78125	75276.2578125	208309.1875	209087.15625	223199.140625	217627.90625	207304.6875	214535.8125	197025.234375	239617.671875	241434.359375	209756.484375	192846.890625	241329.65625	209867.828125	235118.8125	155855.0625	155195.203125	160654.78125	155125.296875	165422.046875	161261.765625	164062.6875	170042.8125	174628.421875	169123.984375
A0A087WSX0	IGLV5-45	Immunoglobulin lambda variable 5-45	A0A087WSX0	LV545_HUMAN	3	3	3	3	2	3	3	3	3	3	3	3	3	3	3	3	3	3	3	3	3	3	3	3	3	3	3	3	3	3	3	8104.70751953125	10053.1298828125	5883.5009765625	5373.21630859375	14603.2763671875	9199.890625	8397.462890625	19735.591796875	19102.10546875	15597.4873046875	14400.6064453125	19716.79296875	18066.353515625	18398.72265625	6392.919921875	9572.890625	6049.6826171875	8487.3603515625	7527.021484375	9748.6279296875	7668.2451171875	15207.798828125	10989.876953125	12887.8251953125	12371.9033203125	13695.1884765625	9703.2861328125	12140.7109375	13676.66796875	13006.208984375	10570.298828125
A0A087WSY6	IGKV3D-15	Immunoglobulin kappa variable 3D-15	A0A087WSY6	KVD15_HUMAN	1	1	1	1	1	1	1	1	1	1	1	1	1	1	1	1	1	1	1	1	1	1	1	1	1	1	1	1	1	1	1	70016.078125	74659.1640625	71293.203125	87145.0078125	95039.9921875	82017.0859375	101278.796875	102533.3125	103586.140625	80742.8984375	71511.25	100111.2890625	87722.9453125	90143.0703125	103822.6484375	95795.4375	70081.8203125	106878.8125	79161.5234375	81962.96875	93272.5625	90195.53125	78537.1875	98159.9296875	119264.84375	94467.53125	112332.1875	105538.2265625	81916.109375	89192.375	91967.3125
A0A087WW87;P01614	IGKV2-40;IGKV2D-40	Immunoglobulin kappa variable 2-40;Immunoglobulin kappa variable 2D-40	A0A087WW87;P01614	KV240_HUMAN;KVD40_HUMAN	1	1	1	1	1	1	1	1	1	1	1	1	1	1	1	1	1	1	1	1	1	1	1	1	1	1	1	1	1	1	1	6974.974609375	10003.29296875	9664.2041015625	7414.466796875	8241.6591796875	12104.51171875	10246.92578125	25368.4921875	23966.931640625	29805.625	24240.125	26277.703125	27544.873046875	29913.69140625	37027.4609375	38776.81640625	36729.9765625	39274.7578125	37070.3046875	34332.94140625	31788.501953125	19123.322265625	16118.8291015625	20237.779296875	17442.083984375	21535.615234375	18618.314453125	17069.373046875	25232.59765625	21359.421875	26540.154296875
A0A0A0MRZ8;P04433	IGKV3D-11;IGKV3-11	Immunoglobulin kappa variable 3D-11;Immunoglobulin kappa variable 3-11	A0A0A0MRZ8;P04433	KVD11_HUMAN;KV311_HUMAN	19	20	18	19	19	17	17	20	20	20	20	20	20	20	20	20	20	20	19	20	20	20	20	20	20	20	20	20	20	20	20	591535.0625	562421.375	602889.125	578266.4375	559065.75	616501.625	615842.375	1075160.625	1145610.375	1049256.5	991558.25	1110622.375	1025493.4375	1072461.25	1558940.875	1505227.75	1570287.25	1512020	1573137.375	1587170.375	1534399.375	1270611.875	1271004.625	1258661.375	1221128.75	1278534.75	1214143.625	1294827.875	1143055.5	1168214.75	1167952.875
A0A0A0MS14	IGHV1-45	Immunoglobulin heavy variable 1-45	A0A0A0MS14	HV145_HUMAN	2	2	2	2	2	2	2	2	2	2	2	2	2	2	2	2	2	2	2	2	2	2	2	2	2	2	2	2	2	2	2	9092.0810546875	10681.02734375	9857.6318359375	9169.5	9796.0673828125	12704.775390625	12882.0146484375	33766.71875	35374.55859375	35265.43359375	36782.9140625	36559.609375	38267.578125	36132.5546875	27940.892578125	33522.98828125	32413.51171875	32331.412109375	34017.52734375	33116.01171875	30776.232421875	15742.927734375	14390.3876953125	12717.7626953125	10516.587890625	17982.482421875	14972.9365234375	13729.380859375	26324.69140625	22669.78125	25395.533203125
A0A0A0MS15	IGHV3-49	Immunoglobulin heavy variable 3-49	A0A0A0MS15	HV349_HUMAN	2	2	3	2	3	3	2	2	2	2	3	3	2	2	3	3	3	3	3	3	2	3	2	3	3	3	3	2	3	2	2	48262.23828125	49176.36328125	51364.17578125	54793.14453125	51094.4296875	53076.375	52486.1796875	107934.6015625	100809.5859375	101288.9453125	96519.6875	104825.4453125	105749.6484375	110608.2578125	93738.734375	94181.9609375	88217.390625	96643.5703125	93689.453125	94055.140625	86899.8671875	110151.78125	91821.421875	116758.6171875	110880.84375	117645.8359375	115247.3203125	121590.1328125	93334.25	89770.15625	91830.9375
A0A0A0MT36	IGKV6D-21	Immunoglobulin kappa variable 6D-21	A0A0A0MT36	KVD21_HUMAN	3	3	3	4	4	3	4	4	4	4	4	4	4	4	4	4	4	4	4	4	4	4	4	4	4	4	4	4	4	4	4	9874.228515625	11062.123046875	16234.7041015625	13798.9423828125	9464.3056640625	15403.8896484375	11482.4072265625	34372.515625	28787.38671875	28373.42578125	33200.171875	37592.37109375	33339.22265625	38069.953125	36352.2890625	29590.2734375	28358.75390625	27077.810546875	25288.255859375	28815.998046875	36760.6171875	35673.64453125	56065.7421875	58413.14453125	51188.7109375	46238.671875	54008.67578125	55879.8828125	32853.78125	36919.75	21990.150390625
A0A0A0MT89	IGKJ1	Immunoglobulin kappa joining 1	A0A0A0MT89	KJ01_HUMAN	4	3	3	3	3	3	4	4	4	4	4	4	3	4	4	4	4	3	4	3	3	4	4	4	3	3	4	4	4	4	4	38975.14453125	37366.64453125	35857.30078125	40882.47265625	44079.0078125	37021.01171875	45828.9453125	67940.3984375	72777.796875	62744.6015625	60569.828125	72091.8828125	63449.4609375	70862.125	57361.75390625	55321.29296875	65966.75	66322.6484375	62936.87890625	62472.40234375	59670.37890625	77244.1171875	76812.90625	74785.3515625	74818.984375	76808.1796875	76320.3359375	77046.8046875	63199.6171875	66375.2421875	58991.421875
A0A0B4J1U3	IGLV1-36	Immunoglobulin lambda variable 1-36	A0A0B4J1U3	LV136_HUMAN	1	1	1	1	1	1	1	1	1	1	1	1	1	1	1	1	1	1	1	1	1	1	1	1	1	1	1	1	1	1	1	17038.634765625	15369.98828125	14986.1962890625	15885.2978515625	15169.037109375	14983.197265625	18422.7890625	32466.279296875	34824.1328125	35838.55859375	33156.97265625	33276.13671875	30636.46484375	34286.94140625	54202.25	57509.3046875	53771.4609375	53528.07421875	53165.09765625	51507.28515625	56920.015625	29788.986328125	25481.08203125	29712.7109375	25213.6015625	27922.119140625	28985.2265625	27879.1875	37442.01953125	35785.0390625	34454.36328125
A0A0B4J1U7	IGHV6-1	Immunoglobulin heavy variable 6-1	A0A0B4J1U7	HV601_HUMAN	5	5	5	5	5	5	5	5	5	5	5	5	5	5	5	5	5	5	5	5	5	5	5	5	5	5	5	5	5	5	5	60326.2890625	60143.0625	66388.4296875	60490.71484375	61107.09375	58672.98046875	62646.734375	93757.765625	90156.1171875	103005.8125	100564.5	109277.15625	94425.171875	92428.8671875	91114.109375	86776.9609375	87219.125	90441	88204.3359375	92902.359375	89309.828125	100510.9296875	90593.1953125	102738.8984375	97196.921875	105726.8515625	101184.3359375	105977.4765625	86428.671875	83681.6875	98249.5078125
A0A0B4J1V0	IGHV3-15	Immunoglobulin heavy variable 3-15	A0A0B4J1V0	HV315_HUMAN	7	6	7	6	7	5	7	6	6	7	7	7	7	7	7	7	7	7	7	7	7	7	7	7	7	7	7	7	7	7	7	48644.1953125	49526.0546875	47975.09765625	42527.69921875	51609.5859375	47685.46875	46014.7890625	80061.953125	81371.7265625	83067.8671875	74811.2109375	81626.25	78933.3203125	81577.09375	116854.375	117272.1953125	110604.4453125	109111.890625	112296.5390625	108350.484375	114427.5703125	93692.0703125	92613.7578125	95386.21875	98829.828125	98717.3671875	96663.2890625	98585.2890625	86538.78125	83260.3515625	86515.40625
A0A0B4J1V1	IGHV3-21	Immunoglobulin heavy variable 3-21	A0A0B4J1V1	HV321_HUMAN	10	13	11	12	13	12	11	14	14	13	14	14	13	13	15	15	15	15	15	14	15	14	14	14	15	15	15	15	14	15	15	402864.21875	391637.28125	365494.53125	411482.15625	410101.5	444509.875	402808.1875	733813.75	762630.25	806635.5	732448.9375	789913.25	758971.375	745910	780379.375	804241.625	748312.5625	822266.1875	838396.9375	827297.625	793568.4375	784242.625	739410.25	811307.9375	747870.4375	843609.375	777399.5	791477.625	728123.125	697024	679877.3125
A0A0B4J1V2	IGHV2-26	Immunoglobulin heavy variable 2-26	A0A0B4J1V2	HV226_HUMAN	1	3	1	1	1	2	1	1	2	2	1	2	1	3	1	1	2	1	1	1	1	2	1	1	2	2	1	1	2	2	3	45205.703125	64356.84765625	42140.56640625	42914.53515625	40011.9921875	44717.015625	42514.04296875	62069.58984375	66503.484375	73101.9453125	53238.6171875	63830.14453125	58200.140625	59972.58203125	55884.14453125	63402.38671875	54222.73828125	63169.39453125	64222.98046875	64276.84375	63452.02734375	43161.7421875	52639.8515625	62099.2578125	45274.34375	91686.7578125	58906.44140625	60937.49609375	44022.93359375	42160.83203125	64331.2734375
A0A0B4J1V6	IGHV3-73	Immunoglobulin heavy variable 3-73	A0A0B4J1V6	HV373_HUMAN	3	3	3	3	3	3	3	5	5	5	4	5	5	5	4	4	4	5	5	4	5	5	5	5	5	5	5	5	5	5	4	72193.6171875	75192.9765625	74609.5	76284.421875	72524.3828125	76818.1328125	73827.84375	213436.59375	209789.765625	224937.890625	217015.203125	227989.6875	210631.40625	213160.015625	173504.171875	176444.03125	170389.296875	175415.859375	170397.46875	174077.71875	171591.75	152757.578125	143233.875	148932.28125	150904.515625	164377.546875	152181.203125	153488.28125	156125.546875	151143.28125	153852.328125
A0A0B4J1X5	IGHV3-74	Immunoglobulin heavy variable 3-74	A0A0B4J1X5	HV374_HUMAN	5	4	5	3	4	5	3	6	6	5	6	6	5	6	6	6	6	6	6	6	6	6	6	6	6	6	6	6	6	6	6	22403.6328125	25835.396484375	24818.802734375	26054.689453125	23630.1796875	24207.208984375	23948.572265625	42944.59375	42749.99609375	43369.01953125	40088.69921875	52008.45703125	40845.56640625	43102.26171875	71548.9140625	67407.6484375	64985.20703125	68321.0078125	64196.7109375	71409.1328125	71069.0625	56737.7890625	52668.1171875	56891.84375	56720.98828125	59669.3515625	53470.1484375	60974.10546875	50121.62109375	52510.56640625	52863.1796875
A0A0B4J1X8	IGHV3-43	Immunoglobulin heavy variable 3-43	A0A0B4J1X8	HV343_HUMAN	2	3	3	1	3	2	3	3	3	3	2	3	3	3	3	3	3	3	3	3	3	2	2	2	3	3	2	3	3	3	3	11885.9296875	8961.044921875	12724.828125	9607.2529296875	11532.7421875	12401.103515625	10786.6982421875	18736.568359375	20438.67578125	22715.771484375	31056.556640625	19996.123046875	23392.482421875	20366.59765625	31343.576171875	28675.74609375	26336.162109375	26622.150390625	25558.939453125	25822.2265625	24281.5625	17476.826171875	16089.3798828125	13450.3603515625	18855.41796875	23574.4453125	15694.361328125	17594.078125	19680.310546875	17455.857421875	20596.751953125
A0A0B4J1Y8	IGLV9-49	Immunoglobulin lambda variable 9-49	A0A0B4J1Y8	LV949_HUMAN	4	4	3	3	3	3	4	2	2	0	2	1	2	2	4	4	4	4	4	4	4	4	3	4	3	4	4	4	4	4	3	16748.361328125	16600.2421875	17588.462890625	16317.2939453125	18426.724609375	19875.369140625	16511.66796875	8839.6171875	5392.91064453125	NaN	4063.427978515625	3249.75	3740.59375	6911.1455078125	54854.8359375	52391.44921875	52320.91015625	48105.734375	58182.484375	56286.4453125	55183.5625	31330.091796875	26892.212890625	36996.3671875	33083.36328125	32655.43359375	32965.9609375	33746.828125	31234.578125	27131.43359375	28349.587890625
A0A0B4J1Y9	IGHV3-72	Immunoglobulin heavy variable 3-72	A0A0B4J1Y9	HV372_HUMAN	3	5	4	3	4	4	3	6	6	7	7	6	7	7	7	7	6	7	7	7	7	5	5	6	7	4	4	4	6	7	7	23578.490234375	26822.548828125	26556.548828125	27060.36328125	29724.857421875	26098.931640625	26012.087890625	53777.14453125	53812.48828125	63799.6796875	55953.46484375	49874.57421875	57851.24609375	51386.12890625	52906.359375	58802.20703125	57646.2265625	54083.0078125	58935.96484375	48246.83984375	57336.5703125	35002.09765625	26401.140625	32892.1484375	35902.34375	37538.9296875	29650.255859375	26504.931640625	34521.4609375	35816.6484375	36210.66015625
A0A0B4J279	TRAV21	T cell receptor alpha variable 21	A0A0B4J279	TVA21_HUMAN	0	0	0	0	0	0	0	0	0	0	0	0	0	0	0	0	0	0	0	0	0	1	1	1	1	1	1	1	1	1	1	NaN	NaN	NaN	NaN	NaN	NaN	NaN	NaN	NaN	NaN	NaN	NaN	NaN	NaN	NaN	NaN	NaN	NaN	NaN	NaN	NaN	96976.8671875	125454.375	90613.2890625	84644.953125	103782.2578125	111462.046875	96898.21875	39015.6640625	43219.8828125	39206.125
A0A0B4J2D9;P0DP09	IGKV1D-13;IGKV1-13	Immunoglobulin kappa variable 1D-13;Immunoglobulin kappa variable 1-13	A0A0B4J2D9;P0DP09	KVD13_HUMAN;KV113_HUMAN	4	6	4	5	6	4	5	4	6	4	5	6	4	4	4	4	6	4	5	6	6	6	6	6	6	6	6	6	5	6	6	505804.5625	264448.96875	456050.25	299104	314191.84375	500856.75	284882.40625	337243.6875	276217.46875	311128.0625	272672.5	352002.875	316408.03125	311962.375	303972.875	319996.9375	333322.3125	312191.78125	349176.4375	307823.71875	282889.71875	283798.625	246193.96875	299680.09375	307291.34375	313225.5625	289338.6875	303908.6875	520493.03125	495674.78125	480699.34375
A0A0B4J2H0;P01742	IGHV1-69D;IGHV1-69	Immunoglobulin heavy variable 1-69D;Immunoglobulin heavy variable 1-69	A0A0B4J2H0;P01742	HV69D_HUMAN;HV169_HUMAN	2	2	2	2	2	2	2	2	2	2	2	2	2	2	2	2	2	2	2	2	2	2	2	2	2	2	2	2	2	2	2	34223.3984375	27967.13671875	30497.234375	39971.4296875	26798.951171875	29931.22265625	31597.791015625	46814.3203125	47468.31640625	39374.62109375	41501.28515625	32173.0703125	38258.8125	48778.5390625	50192.10546875	45998.4375	47717.1796875	47970.20703125	42610.625	51192.25390625	51369.85546875	45251.7890625	41969.96875	53973.4140625	50460.0078125	54314.69921875	50022.4296875	53388.18359375	43605.1640625	46614.47265625	34882.13671875
A0A0C4DH24	IGKV6-21	Immunoglobulin kappa variable 6-21	A0A0C4DH24	KV621_HUMAN	1	1	1	1	1	1	1	1	1	1	1	1	1	1	1	1	1	1	1	1	1	1	1	1	1	1	1	1	1	1	1	16632.673828125	14442.42578125	12587.7470703125	14795.0888671875	14820.234375	13736.357421875	12265.0830078125	54315.796875	50115.50390625	55060.71484375	51999.51953125	56520.05859375	50183.22265625	51919.6640625	39286.43359375	38200.85546875	38392.09765625	37311.5078125	40514.6875	41054.66796875	35293.48828125	49715.921875	50666.41796875	51472.68359375	54079.40234375	46301.390625	53144.7109375	52630.875	40470.75	40410.84375	40833.55078125
A0A0C4DH25	IGKV3D-20	Immunoglobulin kappa variable 3D-20	A0A0C4DH25	KVD20_HUMAN	1	1	1	1	1	1	1	1	1	1	1	2	1	1	2	2	2	2	2	2	2	2	1	1	1	1	1	1	2	2	2	97839.9765625	66663.09375	86600.0234375	78675.9296875	52889.21875	70877.1171875	78240.6015625	206565.5625	164685.59375	215106.484375	184347.265625	188239.765625	186612.3125	226010.359375	476340.5	448047.375	448203.8125	461912.21875	462321.71875	456419.28125	471266.625	152006.890625	231783.71875	219504.375	185887.53125	221572.390625	202395.5	237124.890625	246109.0625	205660.609375	230250.546875
A0A0C4DH29	IGHV1-3	Immunoglobulin heavy variable 1-3	A0A0C4DH29	HV103_HUMAN	9	9	7	8	9	8	8	9	10	10	10	9	10	9	10	9	9	9	9	9	9	9	9	9	10	10	10	10	9	9	9	26368.1640625	23334.306640625	21348.798828125	26512.48828125	20809.427734375	22870.359375	22530.021484375	45629.78125	47837.3125	48399.08984375	50449.13671875	44872.5	45417.72265625	50228.875	48183.43359375	53479.78515625	50037.4921875	49607.74609375	52277.64453125	56755.93359375	49852.125	41705.96484375	33698.296875	45117.3671875	38856.56640625	42837.27734375	43806.2890625	39545.31640625	42568.51953125	41965.69140625	38433.20703125
A0A0C4DH31	IGHV1-18	Immunoglobulin heavy variable 1-18	A0A0C4DH31	HV118_HUMAN	5	5	5	6	5	5	5	5	5	4	5	5	5	5	6	6	6	6	6	6	6	6	5	6	6	6	6	6	6	6	6	30999.9609375	40246.6171875	45886.234375	47267.11328125	50016.3828125	41769.125	38768.0078125	57628.8046875	44728.56640625	58828.78125	42273.67578125	61072.84375	50992.890625	50461.6171875	106078.3203125	96515.28125	97073.8359375	111581.71875	100712.546875	93550.6796875	108982.2890625	100569.5234375	80877.7578125	85926.53125	78059.40625	86060.3515625	84316.4140625	100964.9921875	67935.609375	82044.8203125	73524.1171875
A0A0C4DH32	IGHV3-20	Immunoglobulin heavy variable 3-20	A0A0C4DH32	HV320_HUMAN	3	3	2	3	3	2	2	3	4	2	2	3	3	3	4	4	4	4	4	4	4	2	2	3	2	2	2	2	4	4	4	9672.9443359375	12433.9228515625	13417.962890625	12655.013671875	10272.3955078125	10174.708984375	12749.0634765625	24233.013671875	21906.87109375	21521.34765625	25258.626953125	24697.103515625	23308.41796875	20876.587890625	64764.0078125	58071.26171875	64530.91796875	63445.40234375	57188.49609375	61082.0859375	67828.953125	8385.4736328125	22350.259765625	9295.9443359375	7745.359375	22926.775390625	13065.3662109375	8019.857421875	28566.46875	27244.599609375	29966.140625
A0A0C4DH34	IGHV4-28	Immunoglobulin heavy variable 4-28	A0A0C4DH34	HV428_HUMAN	5	5	5	5	6	5	5	5	6	6	5	5	6	5	6	6	6	6	6	5	5	5	6	5	6	5	6	5	6	6	6	22180.4296875	25279.865234375	22871.529296875	21106.689453125	18020.609375	23507.9453125	19216.787109375	41283.16015625	41188.2109375	46601.21484375	46937.66796875	46720.640625	44323.84375	45040.14453125	47193.32421875	49910.5546875	45648.6484375	51082.0859375	50415.03515625	51387.515625	48738.00390625	70993.9140625	58394.34765625	70529.609375	69298.9921875	73131.2578125	69510.078125	70051.203125	47938.0703125	48506.71875	46965.49609375
A0A0C4DH35	IGHV3-35	Probable non-functional immunoglobulin heavy variable 3-35	A0A0C4DH35	HV335_HUMAN	3	2	3	3	3	3	2	3	3	3	3	3	3	3	3	3	3	2	3	3	2	3	3	3	3	3	3	3	3	3	3	9248.82421875	8288.5478515625	9329.171875	10439.7666015625	10677.3623046875	10793.822265625	10223.3095703125	23857.6875	24415.26953125	27036.125	29143.322265625	26532.419921875	26356.521484375	23450.1171875	25736.240234375	20791.162109375	26815.5078125	24322.423828125	26842.962890625	27614.21875	25048.8984375	28779.52734375	21947.037109375	29803.8359375	25236.134765625	30120.8046875	27548.51171875	28865.8828125	23895.513671875	22223.162109375	22628.77734375
A0A0C4DH36	IGHV3-38	Probable non-functional immunoglobulin heavy variable 3-38	A0A0C4DH36	HV338_HUMAN	1	1	2	2	1	2	2	2	2	2	2	2	2	2	2	2	2	2	2	2	2	2	1	2	2	2	2	2	2	2	2	31090.015625	30138.1953125	17008.625	18337.798828125	30936.197265625	18574.091796875	31654.07421875	51862.5078125	59249.8984375	58392.92578125	55019.0703125	60735.21484375	57075.8359375	49571.92578125	58097.5859375	54120.31640625	53677.90625	48380.84765625	54457.06640625	53165.3046875	57813.46875	37407.07421875	44173.10546875	48889.07421875	49651.6484375	43323.94140625	48902.38671875	42995.92578125	45550.484375	38935.84375	47775.07421875
A0A0C4DH38	IGHV5-51	Immunoglobulin heavy variable 5-51	A0A0C4DH38	HV551_HUMAN	9	8	9	9	9	8	9	9	9	10	9	9	9	10	10	9	9	9	9	9	9	10	10	10	10	10	10	10	10	10	10	356724.03125	362726.34375	355694.96875	367584.46875	429851.125	367862.09375	367973.5	647149.125	635331.75	689665.6875	644033.75	662950.875	623653.75	582204.1875	1039946.8125	1038876.9375	935768	1072389.375	986931.375	1005369	1024041.9375	987618.6875	891644.3125	903206.5625	933914.3125	979601.1875	952138.125	1028504.9375	757285.125	780472	834568.75
A0A0C4DH42	IGHV3-66	Immunoglobulin heavy variable 3-66	A0A0C4DH42	HV366_HUMAN	1	1	1	1	1	1	1	2	2	2	2	2	2	2	2	2	2	2	2	2	2	2	2	2	2	2	2	2	2	1	2	14060.4501953125	12543.3330078125	12157.1962890625	8385.4912109375	13070.8779296875	13961.359375	9524.0009765625	59146.484375	47670.703125	71699.6328125	67913.3671875	65876.609375	62075.48828125	46882.4140625	121131.234375	107942.5703125	103622.5703125	130337.53125	115847.21875	137865.5625	130758.84375	149014.765625	125016.8828125	141815.40625	164611.296875	172954.4375	154408.09375	172026.140625	82930.203125	95712.6640625	78254.234375
A0A0C4DH43	IGHV2-70D	Immunoglobulin heavy variable 2-70D	A0A0C4DH43	HV70D_HUMAN	4	4	5	5	4	5	4	6	6	6	6	6	6	6	6	6	6	6	6	6	6	5	5	5	5	5	5	6	6	6	6	14972.916015625	16780.1015625	14466.4306640625	11737.861328125	18741.8125	18475.5625	16544.79296875	40831.6328125	35580.29296875	45898.71484375	38196.93359375	38101.109375	34140.83984375	43882.0625	72066.0390625	71957.421875	68532.6484375	71979.765625	69644.15625	71918.8828125	64714.359375	25112.88671875	17613.861328125	20173.0234375	27259.134765625	27744.138671875	26345.794921875	29148.005859375	36396.11328125	39741.9453125	34915.26953125
A0A0C4DH55	IGKV3D-7	Immunoglobulin kappa variable 3D-7	A0A0C4DH55	KVD07_HUMAN	0	1	0	1	0	1	0	1	1	0	1	1	0	1	0	1	1	0	0	0	0	1	1	1	0	1	1	1	1	1	0	NaN	11956.5859375	NaN	7726.263671875	NaN	11478.0478515625	NaN	31579.28515625	25217.603515625	NaN	17636.453125	30049.591796875	NaN	26269.60546875	NaN	15154.501953125	15942.7509765625	NaN	NaN	NaN	NaN	18304.875	20537.76171875	13971.9990234375	NaN	12450.640625	13850.62890625	20849.177734375	19774.904296875	14283.3076171875	NaN
A0A0C4DH67	IGKV1-8	Immunoglobulin kappa variable 1-8	A0A0C4DH67	KV108_HUMAN	2	4	3	4	3	4	4	5	5	5	5	5	5	5	5	5	5	5	5	5	5	5	5	5	5	5	5	5	5	5	5	13625.3330078125	8056.177734375	9631.533203125	10769.93359375	22247.796875	15300.4365234375	12223.552734375	42022.9296875	38939.8828125	32560.263671875	31664.833984375	45729.1796875	37158.4453125	38400.8984375	34923.53125	33572.75	34300.84765625	38473.03515625	38965.51171875	37163.65625	35933.32421875	47684.00390625	34658.3046875	41708.109375	42471.30859375	44661.5625	44681.0703125	44932.1484375	31485.77734375	34275.546875	27838.736328125
A0A0C4DH69	IGKV1-9	Immunoglobulin kappa variable 1-9	A0A0C4DH69	KV109_HUMAN	0	1	0	1	0	1	1	1	1	1	1	1	1	1	1	1	1	1	1	1	1	1	1	1	1	1	1	1	1	1	1	NaN	29368.91796875	NaN	38125.0859375	NaN	31037.369140625	28698.0078125	313763.875	295184.28125	334243.0625	320397.28125	348124.625	369273.4375	263526.0625	279469.5625	239687.6875	237728.421875	254186.515625	252422.203125	270232.34375	228914.765625	309904.0625	236933.90625	308308.8125	284784.28125	303911.84375	270874.28125	268998.65625	208653.75	211719.5625	224903.859375
A0A0C4DH72	IGKV1-6	Immunoglobulin kappa variable 1-6	A0A0C4DH72	KV106_HUMAN	5	4	4	5	3	3	5	6	6	6	6	6	6	6	6	6	6	6	6	6	6	6	6	5	6	5	6	6	6	6	6	89691.9921875	82020.265625	79850.4375	83996.21875	83816.8515625	90871.6875	79341.859375	288785.09375	323267.75	286922.875	290698.34375	311622.4375	279480.53125	283414	270049.15625	273773.21875	282644.875	283485.34375	259094.8125	244212.3125	252081.265625	225859.90625	225516.390625	241084.109375	208342.96875	248624.109375	225051.78125	222811.046875	226889.78125	211202.40625	223215.640625
A0A0C4DH73;P01611	IGKV1-12;IGKV1D-12	Immunoglobulin kappa variable 1-12;Immunoglobulin kappa variable 1D-12	A0A0C4DH73;P01611	KV112_HUMAN;KVD12_HUMAN	18	19	18	16	18	19	18	20	20	17	18	19	18	18	20	20	20	20	20	20	20	18	19	18	18	17	17	17	18	20	18	163699.515625	181223.28125	169024.78125	182699.71875	181794.515625	173806.21875	171576.46875	375943.03125	393431.96875	359326.5	336891.71875	396851.8125	376521.90625	408989.15625	491333.84375	472891.59375	491441.9375	484539.34375	504901.15625	501065.9375	504990.75	411023.875	337546.25	453028.46875	425755.3125	420017.78125	408637.25	437532.125	369739.71875	363850.8125	376866.53125
A0A0J9YX35	IGHV3-64D	Immunoglobulin heavy variable 3-64D	A0A0J9YX35	HV64D_HUMAN	2	2	2	1	1	2	1	2	2	2	2	2	2	2	2	2	2	2	2	2	2	2	2	2	2	2	2	2	2	2	2	18923.728515625	23273.81640625	16604.470703125	19521.857421875	14104.23828125	15756.9072265625	25867.9765625	43632.63671875	49067.5546875	44613.9609375	37875.6015625	46205.5234375	52122.953125	45883.875	49906.42578125	54006.71484375	49713.3125	49913.546875	56004.515625	59446.8671875	49516.73828125	44012.4765625	35637.671875	43324.95703125	39880.90625	28537.25390625	38681.875	32935.3828125	45822.15234375	38556.71875	41986.60546875
A0A0J9YXX1	IGHV5-10-1	Immunoglobulin heavy variable 5-10-1	A0A0J9YXX1	HV5X1_HUMAN	3	4	3	4	3	2	3	5	5	5	5	5	4	5	5	5	5	5	5	5	5	5	5	5	5	5	5	5	5	5	5	15083.533203125	11294.67578125	10330.5732421875	9948.962890625	16353.849609375	10114.4892578125	15603.9716796875	29023.271484375	29060.94921875	27977.60546875	31616.41796875	33979.265625	31091.779296875	32338.84375	62921.47265625	60492.73828125	60178.26171875	65479.98046875	67144.4609375	70125.2109375	61521.26953125	69200.5625	50820.99609375	72644.171875	69239.96875	66625.046875	65717	69962.609375	45993.9375	41066.78125	44389.7421875
A0A0U1RR11;A0A0U1RRI6;P0DPI3	CENPVL1;CENPVL3;CENPVL2	Centromere protein V-like protein 1;Centromere protein V-like protein 3;Centromere protein V-like protein 2	A0A0U1RR11;A0A0U1RRI6;P0DPI3	CENL1_HUMAN;CENL3_HUMAN;CENL2_HUMAN	1	0	1	1	1	1	1	1	0	0	0	0	1	0	1	1	1	1	1	1	1	1	0	1	0	1	1	0	1	1	1	1119.7125244140625	NaN	1174.3798828125	702.867919921875	3807.482177734375	3933.48486328125	6310.6103515625	1057.6474609375	NaN	NaN	NaN	NaN	2034.3209228515625	NaN	2871.0517578125	1625.5078125	3747.161865234375	1215.4146728515625	828.0604248046875	1544.7022705078125	5310.21044921875	4026.861328125	NaN	2936.567626953125	NaN	2539.311279296875	2241.56494140625	NaN	2130.021728515625	3163.347412109375	4943.392578125
A0M8Q6	IGLC7	Immunoglobulin lambda constant 7	A0M8Q6	IGLC7_HUMAN	3	3	3	3	3	3	3	3	3	3	3	3	3	3	3	3	3	3	3	3	3	3	3	3	3	3	3	3	3	3	3	877091.3125	593518.4375	810517.875	925698.25	691175.625	617952.75	622804.5625	1399857.875	1357482.75	1322570.125	1386779.875	1475399.25	1443342	1330091.375	1576404.375	1782994.875	1720173.875	1422904.625	1806154.375	1614031	1458069	1265662.125	901486.8125	1318603.5	1133624	1054485.75	1184447.875	1178832.25	1265165.875	1253094.875	1443780.625
A2NJV5	IGKV2-29	Immunoglobulin kappa variable 2-29	A2NJV5	KV229_HUMAN	7	7	6	7	7	6	6	7	7	7	7	7	7	7	7	7	7	7	7	7	7	7	7	7	7	7	7	7	7	7	7	179973.75	178116.421875	179778.4375	178714.453125	167356.6875	191872.75	180207.234375	418192.5	441818.03125	423251.3125	361180.125	427321.875	396870.4375	407771	489297.3125	473032.15625	522490.59375	481258.5	427287.625	415429.375	434725.8125	405796.125	430253	400267.25	409992.0625	402571.46875	397507.03125	412749.5	406003.375	394412.71875	425328.1875
A4D1P6	WDR91	WD repeat-containing protein 91	A4D1P6	WDR91_HUMAN	4	4	4	4	4	4	4	4	4	4	4	4	4	4	4	4	4	4	4	4	4	4	4	4	4	4	4	4	4	4	4	14253.2294921875	15337.92578125	15641.962890625	13461.3017578125	15095.05859375	11857.9296875	12952.1181640625	13442.158203125	15401.599609375	11813.9921875	12401.9423828125	14114.046875	14090.4052734375	16401.96875	14782.384765625	13713.2255859375	13607.5634765625	14880.9892578125	17243.232421875	14527.2763671875	13445.6181640625	13326.0517578125	11306.556640625	9139.4853515625	11495.228515625	10142.76953125	11716.6962890625	10555.85546875	15145.8056640625	12076.6376953125	13967.7216796875
A5D8V6	VPS37C	Vacuolar protein sorting-associated protein 37C	A5D8V6	VP37C_HUMAN	1	1	1	1	1	1	1	1	1	0	1	1	1	1	1	1	1	1	1	1	1	1	1	1	1	1	1	1	1	1	1	7654.08935546875	7129.9013671875	5364.2734375	5944.24853515625	5229.03662109375	8117.0341796875	6912.59912109375	8993.66015625	5733.60693359375	NaN	6680.69287109375	4402.0107421875	3736.083251953125	7056.39306640625	7400.9931640625	5623.67822265625	8004.76953125	5876.66162109375	7762.4697265625	8158.375	9050.3037109375	5026.1533203125	5311.4130859375	7431.419921875	7941.19384765625	8237.48046875	4444.78515625	6194.24755859375	2421.28662109375	6190.01904296875	5108.36279296875
A6NDG6	PGP	Glycerol-3-phosphate phosphatase	A6NDG6	PGP_HUMAN	6	6	6	6	6	6	6	5	5	5	6	6	6	6	6	6	6	6	6	6	6	6	6	6	6	6	6	4	6	6	6	41618.58203125	38063.0703125	40418.49609375	44980.38671875	42732.91015625	43878.58203125	42631.90234375	33237.015625	35627.91796875	33005.89453125	34570.47265625	31645.767578125	36912.484375	35887.1953125	43845.13671875	41870.0625	42497.62109375	41440.6328125	44597.30859375	42488.32421875	44010.80859375	45167.8828125	40353.21484375	41528.0390625	41486.375	41527.203125	43130.41796875	40918.08203125	40934.25390625	37438.91796875	40461.859375
A6NGG8	PCARE	Photoreceptor cilium actin regulator	A6NGG8	PCARE_HUMAN	2	2	2	2	2	2	2	2	2	2	2	2	2	2	2	2	2	2	2	2	2	2	2	2	2	2	2	2	2	2	2	1130210.375	1201994.375	1146930.875	1133969.875	1089176.25	1182811.875	1231584.875	991779.25	865904.3125	927424.9375	829224.8125	835580.625	846913.375	898682.5	993114.8125	994062	1006711.125	991691.8125	955834.9375	1028477.5	983527.375	858150.8125	1373148.125	740037.0625	875423.625	750356.0625	856857.125	841110.8125	930619.6875	1007680.25	981342.1875
A8K2U0	A2ML1	Alpha-2-macroglobulin-like protein 1	A8K2U0	A2ML1_HUMAN	1	1	1	1	1	1	1	1	1	1	1	1	1	1	0	1	1	1	1	1	1	1	0	0	0	0	0	1	1	1	1	28305.853515625	65512.4921875	52596.96484375	39963.90625	79705.2265625	43934.45703125	33463.578125	144233.921875	102814.6796875	98378.8359375	88473.4609375	110555.109375	117656.9453125	162135.015625	NaN	142693.046875	141095.109375	133392.5625	152542.640625	105459.265625	150736.203125	73685.296875	NaN	NaN	NaN	NaN	NaN	60405.6484375	115643.3828125	92471.15625	115932.78125
B2RUZ4	SMIM1	Small integral membrane protein 1	B2RUZ4	SMIM1_HUMAN	1	1	1	1	1	1	1	1	1	1	1	1	1	1	1	1	1	1	1	1	1	1	1	1	1	1	1	1	1	1	1	17696.0859375	24618.38671875	24287.919921875	23939.021484375	24217.056640625	22813.982421875	24088.076171875	21327	20477.591796875	18402.380859375	21878.326171875	21862.75390625	22307.80859375	26229.4921875	25336.701171875	24996.26171875	25596.52734375	24928.73828125	24597.630859375	23736.62890625	22480.587890625	23432.431640625	26936.927734375	17054.330078125	19647.00390625	23590.931640625	19347.0546875	25386.51171875	25877.724609375	21036.044921875	24234.00390625
B9A064	IGLL5	Immunoglobulin lambda-like polypeptide 5	B9A064	IGLL5_HUMAN	29	31	31	32	31	31	31	31	32	32	32	32	32	31	32	32	32	32	32	32	32	32	31	31	31	31	32	31	32	32	32	3239977.75	3094914.75	3123223	3063867.75	2881191.75	3227495.5	3173478.75	6681272.5	6898925.5	7161136	7068365	7416204	6700529.5	7066245.5	7423812	7204484.5	7487945	7311562.5	7417931.5	7584911.5	7490532.5	6199361.5	6393925.5	6700567.5	6363673.5	6476055	6232862.5	6677444	6056335	5935308.5	6021509.5
E9PAV3;Q13765	NACA	Nascent polypeptide-associated complex subunit alpha, muscle-specific form;Nascent polypeptide-associated complex subunit alpha	E9PAV3;Q13765	NACAM_HUMAN;NACA_HUMAN	4	4	4	4	4	4	4	3	4	3	4	4	4	4	4	4	4	4	4	4	4	4	3	3	3	4	3	3	4	4	4	15496.90234375	17183.810546875	16478.55859375	14717.3232421875	15305.0537109375	15530.5322265625	15738.671875	14574.0986328125	12765.0419921875	12728.302734375	14059.458984375	12734.5146484375	14631.06640625	14189.5595703125	18456.580078125	18895.212890625	17089.693359375	16844.759765625	18437.0390625	19245.123046875	19176.814453125	8333.4501953125	10468.556640625	10423.6787109375	9766.583984375	9839.775390625	9061.017578125	9978.3349609375	14082.4296875	14335.904296875	13544.3603515625
O00148;Q13838	DDX39A;DDX39B	ATP-dependent RNA helicase DDX39A;Spliceosome RNA helicase DDX39B	O00148;Q13838	DX39A_HUMAN;DX39B_HUMAN	0	0	0	0	0	0	0	0	1	1	1	0	1	1	1	1	1	1	1	1	1	1	1	0	0	1	1	1	1	1	1	NaN	NaN	NaN	NaN	NaN	NaN	NaN	NaN	4069.01318359375	3049.19970703125	2757.95068359375	NaN	2626.859130859375	4257.59912109375	4801.66064453125	3701.538818359375	3831.959716796875	3837.256103515625	4719.06640625	4675.14306640625	2430.8037109375	2119.044677734375	963.2617797851562	NaN	NaN	2224.230712890625	1940.6109619140625	3226.97607421875	3123.404052734375	2188.20849609375	2478.19921875
O00151	PDLIM1	PDZ and LIM domain protein 1	O00151	PDLI1_HUMAN	10	9	10	10	10	10	10	11	11	11	10	11	11	10	10	10	11	11	11	10	11	11	11	11	11	10	11	11	11	10	11	14819.3564453125	13996.52734375	14427.4921875	12768.0263671875	12252.962890625	13111.7470703125	13210.3955078125	18346.134765625	18452.84765625	21753.55859375	19373.02734375	18469.33984375	19279.62890625	20736.6796875	21644.13671875	22226.72265625	20937.6328125	21528.322265625	22225.064453125	20362.076171875	21225.408203125	18919.009765625	17076.076171875	21295.107421875	20487.134765625	20165.484375	18088.189453125	20323.99609375	18521.275390625	19480.32421875	18392.302734375
O00154	ACOT7	Cytosolic acyl coenzyme A thioester hydrolase	O00154	BACH_HUMAN	2	2	2	2	2	2	2	2	2	2	2	2	2	2	1	2	2	2	1	2	1	2	2	2	2	2	2	2	2	1	2	13463.3623046875	11508.5048828125	14173.9501953125	9973.93359375	10636.8427734375	8852.0576171875	11798.13671875	5372.44140625	8078.96630859375	8561.107421875	7072.65966796875	5481.30419921875	4505.3994140625	4538.7705078125	6031.55322265625	7448.93896484375	6162.9287109375	8788.076171875	9349.908203125	7608.615234375	11565.287109375	6609.7177734375	10168.923828125	8409.3056640625	7801.71826171875	10123.8203125	7430.3828125	9201.9619140625	6065.36376953125	7528.3017578125	8746.5654296875
O00161	SNAP23	Synaptosomal-associated protein 23	O00161	SNP23_HUMAN	2	2	2	2	2	2	2	2	2	2	2	1	2	1	1	2	1	2	2	1	2	2	2	2	2	2	2	2	2	2	2	6843.994140625	9031.2578125	9580.9306640625	8510.4990234375	9286.7548828125	10305.916015625	7327.08984375	7535.5419921875	7629.4541015625	8504.6015625	9303.2431640625	6984.87939453125	8319.626953125	8102.78955078125	9911.3203125	9093.3369140625	8744.5107421875	6090.71435546875	7227.52197265625	7320.591796875	6912.82080078125	10875.1865234375	10375.4677734375	10224.77734375	9079.7265625	9846.3525390625	10632.228515625	9514.21484375	7725.41162109375	8928.7119140625	8627.0419921875
O00178	GTPBP1	GTP-binding protein 1	O00178	GTPB1_HUMAN	1	1	1	1	1	1	1	1	2	1	1	1	1	1	2	2	2	2	2	2	2	1	1	1	1	1	1	1	2	2	2	17247.767578125	17773.96484375	13609.03515625	15225.3720703125	19476.267578125	16565.5	13763.0966796875	10348.4482421875	7217.82177734375	12040.7216796875	11326.810546875	16344.046875	12225.84375	13240.984375	16530.01953125	14733.6484375	12615.0751953125	12912.13671875	16292.1875	14232.826171875	13714.232421875	6857.83935546875	10698.0888671875	11761.912109375	10070.70703125	14103.748046875	9776.3193359375	9876.3671875	11098.0029296875	10464.1591796875	11854.845703125
O00182	LGALS9	Galectin-9	O00182	LEG9_HUMAN	0	1	1	1	1	1	0	1	1	1	1	1	1	1	0	0	0	0	1	1	1	1	1	1	1	1	1	1	1	1	1	NaN	3385.963623046875	6818.71923828125	4154.2568359375	7769.41455078125	2133.532958984375	NaN	8358.2294921875	12403.984375	15217.8671875	14097.490234375	8762.36328125	10505.2900390625	11000.0673828125	NaN	NaN	NaN	NaN	5941.29931640625	8055.24951171875	5118.5068359375	8700.546875	4022.77587890625	8859.3193359375	9942.6015625	9941.6171875	13270.90625	10002.556640625	7392.5732421875	6749.4912109375	8576.9013671875
O00187	MASP2	Mannan-binding lectin serine protease 2	O00187	MASP2_HUMAN	2	3	4	4	3	3	4	4	4	4	4	4	4	4	4	4	3	3	4	4	3	3	4	3	4	3	3	4	4	4	4	21171.759765625	19946.279296875	20360.42578125	22596.236328125	20593.583984375	20750.646484375	22443	37200.2890625	37732.83984375	41469.91015625	35610.80078125	37912.765625	37214.57421875	38733.03515625	26573.810546875	25702.875	24269.767578125	28226.66796875	27059.791015625	25914.775390625	24628.453125	30468.564453125	29397.109375	30449.23828125	29717.033203125	32250.28515625	28797.3515625	29144.322265625	26235.240234375	28143.525390625	28717.00390625
O00194	RAB27B	Ras-related protein Rab-27B	O00194	RB27B_HUMAN	2	2	2	1	2	1	2	2	2	2	2	2	2	2	2	2	2	2	2	2	2	2	1	2	2	2	2	2	2	2	2	7938.4541015625	9861.111328125	8978.484375	8937.693359375	8345.935546875	8861.8876953125	9716.64453125	12443.5390625	15358.212890625	16239.9580078125	17293.890625	17264.736328125	17747.56640625	15804.8740234375	14141.626953125	15953.2255859375	13719.4072265625	10379.4296875	12421.6787109375	15063.4970703125	15078.283203125	11541.7490234375	10532.6455078125	13372.732421875	11025.32421875	17344.47265625	11616.1865234375	14253.1220703125	12420.048828125	13137.4365234375	12963.025390625
O00214	LGALS8	Galectin-8	O00214	LEG8_HUMAN	1	1	1	1	1	1	1	1	1	1	1	1	1	1	1	1	1	1	1	1	1	1	1	1	1	1	1	1	1	1	1	13064.0546875	20091.2734375	16813.96875	22039.75	21619.744140625	24601.4140625	26594.0234375	32617.12109375	31791.455078125	30384.974609375	32753.244140625	36491.74609375	28406.7265625	34218.66015625	39013.9453125	31918.82421875	24387.3203125	33168.4453125	41372.55859375	37546.046875	37409.87890625	37694.9609375	17343.591796875	35951.78125	32292.951171875	37053.39453125	35568.5546875	34983.44140625	24435.62890625	25276.04296875	34212.94140625
O00231	PSMD11	26S proteasome non-ATPase regulatory subunit 11	O00231	PSD11_HUMAN	24	24	24	24	24	24	23	24	24	24	23	23	22	23	24	24	24	24	24	24	24	24	24	23	23	24	24	24	23	24	24	80099.203125	78384.0390625	82929.859375	77571.34375	77615.6015625	78360.59375	80048.234375	65476.71484375	67790.609375	66239.0390625	67401.46875	61855.21875	65344.6953125	62936.58984375	71991.640625	68261.234375	70250.6640625	69860.6796875	69930.953125	70701.4453125	69082.84375	62961.39453125	64098.96875	62726.625	64185.41796875	59829.26953125	64591.39453125	62620.02734375	66333.8984375	68461.25	68603.34375
O00232	PSMD12	26S proteasome non-ATPase regulatory subunit 12	O00232	PSD12_HUMAN	9	10	10	10	10	10	10	10	10	10	10	10	10	10	10	10	10	10	10	10	10	10	10	10	10	10	10	10	10	10	10	38317.39453125	41718.0390625	38363.6875	37099.73828125	38222.734375	35682.52734375	37113.57421875	31254.720703125	33724.76171875	32227.28125	36627.77734375	33335.40234375	37992.7265625	33247.16015625	33960.59765625	32773.7734375	33451.6171875	35588.5859375	33919.10546875	33709.4296875	34957.32421875	31874.859375	25068.7890625	33158.4453125	31013.466796875	31958.552734375	31222.4921875	32934.5	32973.734375	34359.546875	34441.359375
O00233	PSMD9	26S proteasome non-ATPase regulatory subunit 9	O00233	PSMD9_HUMAN	13	13	13	13	13	13	13	13	13	13	13	13	13	13	13	13	13	13	13	13	13	13	13	13	13	13	13	13	13	13	13	124801.578125	122415.375	127412.1875	122611.171875	119846.546875	121392.140625	124826.6171875	123345.4609375	117915.8671875	112601.1171875	114608.578125	114646.3046875	113217.8671875	116258.6171875	117148.046875	118759.765625	119579.3515625	118010.1640625	116859.9765625	115922.375	115553.125	115944.8828125	129980.15625	112680.7734375	115718.8671875	111732.8671875	114202.4140625	108604.9375	112020.8984375	113746.703125	115404.734375
O00244	ATOX1	Copper transport protein ATOX1	O00244	ATOX1_HUMAN	0	0	1	0	0	0	0	1	1	0	0	0	1	1	0	0	1	0	1	0	1	1	0	1	1	1	1	1	1	1	0	NaN	NaN	14.671392440795898	NaN	NaN	NaN	NaN	2774.2138671875	1893.4366455078125	NaN	NaN	NaN	4271.35888671875	7947.12158203125	NaN	NaN	1861.52685546875	NaN	730.1498413085938	NaN	543.9505004882812	15.378961563110352	NaN	1593.973876953125	16.559898376464844	1791.14892578125	3968.677001953125	2258.947998046875	2289.411376953125	14.637182235717773	NaN
O00299	CLIC1	Chloride intracellular channel protein 1	O00299	CLIC1_HUMAN	6	6	6	6	6	6	6	6	6	6	6	6	6	6	6	6	6	6	6	6	6	6	6	6	6	6	6	6	6	6	6	153567.265625	160860.609375	159590.65625	160067.1875	158501.59375	147354.4375	151975.6875	144158.90625	146842.265625	146052.359375	142134.859375	136469.296875	144987.578125	150738.53125	153469.640625	149119.390625	145557.9375	150529.15625	151240.34375	147928.84375	151207.09375	137491.078125	161396.328125	144095.78125	136118.609375	134513.515625	142174.03125	143242.984375	149903.921875	147444.59375	147045.640625
O00391	QSOX1	Sulfhydryl oxidase 1	O00391	QSOX1_HUMAN	6	7	7	7	6	7	7	7	7	7	7	7	7	7	6	7	7	7	7	6	7	6	6	7	7	7	7	7	7	7	7	51953.265625	48853.11328125	46268.96875	47505.19921875	51030.5390625	44723.79296875	49697.32421875	62781.5078125	65750.4375	69352.8125	68594.4453125	68772.2265625	63229.0703125	66429.3515625	43174.16796875	45756.84765625	39073.8515625	39437.62890625	45193.60546875	35980.65234375	51138.5234375	75166.6171875	48992.75390625	74936.2890625	71950.7109375	66511.296875	71658.265625	67803.0390625	56939.28125	51726.41796875	63953.0703125
O00410	IPO5	Importin-5	O00410	IPO5_HUMAN	18	19	19	19	20	20	20	19	19	20	19	20	20	19	20	20	20	20	20	20	20	20	18	18	20	19	19	19	20	20	20	28777.435546875	30031.646484375	29364.41796875	28502.62890625	28134.158203125	32094.7890625	29756.515625	30606.68359375	30761.77734375	28159.38671875	29405.0703125	28044.05859375	28811.220703125	30403.822265625	41846.79296875	42192.8671875	41994.41796875	41855.64453125	41071.109375	40943.74609375	42149.37109375	30740.345703125	28585.857421875	31047.466796875	30814.17578125	27445.333984375	29600.73046875	28974.6171875	33237.19140625	32939.1875	32921.5078125
O00442	RTCA	RNA 3'-terminal phosphate cyclase	O00442	RTCA_HUMAN	6	6	6	6	6	6	6	6	6	6	6	6	6	6	6	6	6	6	6	6	6	6	5	6	6	6	6	6	6	6	6	25973.03125	28787.658203125	28758.548828125	27032.671875	29130.78515625	27314.923828125	25453.048828125	26490.9453125	26103.15625	28312.607421875	27294.462890625	23936.65625	26316.333984375	25193.373046875	22454.22265625	24925.86328125	22828.779296875	25312.060546875	26018.552734375	24437.2109375	21843.412109375	28658.55859375	28865.078125	25993.318359375	26069.669921875	26938.095703125	27971.2890625	29595.0390625	26600.900390625	26447.998046875	22625.806640625
O00487	PSMD14	26S proteasome non-ATPase regulatory subunit 14	O00487	PSDE_HUMAN	11	11	11	11	10	11	11	10	10	10	10	11	10	10	10	10	11	11	11	11	11	10	11	10	10	10	10	11	10	10	10	57657.43359375	57004.48046875	53551.10546875	58538.83984375	59032.2734375	54145.04296875	57000.5859375	47777.91015625	47932.3828125	42228.25390625	43767.94921875	44235.828125	47550.1484375	45818.546875	52064.0078125	49584.27734375	51263.3828125	49027.33984375	50116.3125	51409.08984375	51350.92578125	42549.375	37512.45703125	45566.8203125	43081.34375	44171.4765625	39935.5625	41581.6484375	49383.83984375	48173.12890625	47645.9453125
O00505	KPNA3	Importin subunit alpha-4	O00505	IMA4_HUMAN	3	3	3	3	3	3	3	3	3	3	3	3	3	3	3	3	3	3	3	3	3	3	3	3	3	3	3	2	3	3	3	15550.8642578125	15047.6337890625	14486.806640625	13906.60546875	13129.390625	14913.3505859375	12355.560546875	22019.091796875	18336.13671875	17524.822265625	18002.0390625	20265.921875	20128.091796875	20967.53515625	22390.986328125	19097.8203125	22408.091796875	20671.78125	24788.873046875	24840.228515625	21983.2109375	11442.3876953125	11791.32421875	12901.7734375	13121.587890625	12289.0625	12845.2958984375	13266.2197265625	17403.845703125	14439.044921875	14290.779296875
O00522	KRIT1	Krev interaction trapped protein 1	O00522	KRIT1_HUMAN	1	1	1	1	1	1	1	1	1	1	1	1	1	1	1	1	1	1	1	1	1	1	1	1	1	1	1	1	1	1	1	14191.8310546875	17001	13858.48046875	15965.861328125	14474.8447265625	19742.47265625	18798.27734375	14931.41796875	14742.0712890625	22654.384765625	15870.0146484375	11762.875	12189.279296875	14363.513671875	16149.6376953125	13166.013671875	15390.044921875	17007.900390625	13056.0439453125	14467.736328125	16763.134765625	15940.5908203125	10031.564453125	14666.572265625	14157.9052734375	13432.9130859375	13592.1201171875	16648.931640625	13156.7607421875	14433.1455078125	12701.447265625
O00629	KPNA4	Importin subunit alpha-3	O00629	IMA3_HUMAN	1	1	1	1	1	1	1	1	1	1	1	1	1	1	1	1	1	1	1	1	1	1	1	1	1	1	1	1	1	1	1	7775.66650390625	7648.0302734375	7119.10205078125	8119.9287109375	7863.63037109375	7337.79833984375	6670.97900390625	8491.2763671875	7976.8642578125	7289.60205078125	7485.40673828125	7202.24658203125	7392.8544921875	7345.32763671875	7479.6416015625	6008.11572265625	6164.869140625	8378.1845703125	8691.146484375	7289.8759765625	6365.05908203125	6243.28076171875	5523.07421875	5875.87646484375	6247.849609375	5734.69384765625	6488.1396484375	6319.37744140625	6883.84716796875	7992.21337890625	7453.119140625
O00743	PPP6C	Serine/threonine-protein phosphatase 6 catalytic subunit	O00743	PPP6_HUMAN	3	3	2	3	3	3	2	3	3	2	3	3	3	2	3	3	2	2	2	2	2	3	3	3	3	3	3	3	3	3	2	10550.8134765625	11225.365234375	11244.0927734375	13617.4765625	11477.1064453125	11507.197265625	12671.71484375	11821.4931640625	10383.4970703125	12533.521484375	11108.54296875	12362.08203125	8943.2373046875	12566.5791015625	11898.84765625	12723.0576171875	11927.6474609375	12863.6982421875	11632.2744140625	11632.837890625	13776.2314453125	11393.7314453125	11636.15625	10160.23046875	10037.7197265625	11246.4765625	9934.0849609375	10859.3232421875	10662.28125	10247.1513671875	11934.400390625
O14562	UBFD1	Ubiquitin domain-containing protein UBFD1	O14562	UBFD1_HUMAN	1	1	1	1	1	1	1	1	1	1	1	0	1	1	1	1	1	1	1	1	1	1	1	1	1	1	1	1	1	1	1	12599.03515625	9905.94140625	6793.60791015625	8712.6484375	9463.111328125	9109.4736328125	11437.966796875	15634.4326171875	10593.3095703125	9165.2197265625	8664.2197265625	NaN	7101.3310546875	11902.2998046875	11397.568359375	7417.14013671875	10070.8388671875	6410.3359375	8744.35546875	11069.1474609375	7367.361328125	8707.2822265625	4682.40087890625	8244.96875	6664.6171875	5974.46923828125	6701.19189453125	6192.51416015625	9583.4599609375	6882.033203125	8165.14794921875
O14602;P47813	EIF1AY;EIF1AX	Eukaryotic translation initiation factor 1A, Y-chromosomal;Eukaryotic translation initiation factor 1A, X-chromosomal	O14602;P47813	IF1AY_HUMAN;IF1AX_HUMAN	5	5	5	5	5	5	5	5	4	5	4	5	4	4	4	5	4	4	4	4	4	4	5	4	5	5	5	4	4	4	5	35921.15625	34152.62890625	36243.37109375	30797.22265625	35597.578125	36042.46875	37007.40625	16100.0029296875	20317.0234375	20877.841796875	21318.40234375	18292.171875	20323.51953125	20588.537109375	21446.255859375	20303.697265625	18677.4453125	15487.48828125	20220.97265625	18602.724609375	20698.45703125	24236.0625	24145.173828125	26624.95703125	26547.556640625	24783.810546875	22671.775390625	24169.556640625	23050.3671875	22072.203125	23583.3203125
O14618	CCS	Copper chaperone for superoxide dismutase	O14618	CCS_HUMAN	12	12	12	12	12	12	12	12	12	12	12	12	12	12	12	12	12	12	12	12	12	12	12	12	12	12	12	12	12	12	12	206915.578125	204884.25	204720.265625	199173.671875	201251.75	203037.0625	204397.015625	146440.96875	151435.59375	149282.765625	150448.328125	150374.890625	157170.203125	151598.125	162682.90625	163651.71875	165015.296875	161416.84375	160610	167993.78125	167839.859375	170218.890625	170929.65625	171388.734375	173508.28125	167296.953125	169459.375	166364.078125	163207.296875	164672.96875	170970.953125
O14737	PDCD5	Programmed cell death protein 5	O14737	PDCD5_HUMAN	5	5	5	5	5	5	5	5	5	5	5	5	5	5	5	5	5	5	5	5	5	5	5	5	5	5	5	5	5	5	5	10851.287109375	10695.021484375	10950.693359375	10859.1435546875	10518.9736328125	10559.4501953125	11456.9912109375	12078.634765625	12236.8251953125	13135.6513671875	12644.0634765625	13267.8447265625	13302.4833984375	13161.55078125	14751.7578125	14272.2080078125	13821.5888671875	11909.904296875	13775.0009765625	12151.97265625	14174.376953125	9430.724609375	10940.892578125	9164.6787109375	10429.6826171875	8844.5888671875	9893.712890625	9931.189453125	11076.1396484375	10413.3369140625	12068.9443359375
O14744	PRMT5	Protein arginine N-methyltransferase 5	O14744	ANM5_HUMAN	17	17	17	17	17	17	17	17	17	17	17	16	17	17	17	17	16	17	17	16	17	17	17	17	17	17	16	17	16	17	17	40120.7578125	44344.7890625	41063.5703125	41727.20703125	40086.484375	43029.1171875	40322.578125	35463.9921875	36899.46875	38770.66796875	36608.07421875	36969.6015625	37443.82421875	37311.3046875	38342.546875	40090.6171875	39570.13671875	37744.0390625	41283.9609375	40229.25	40103.9609375	40217.8828125	37418.90234375	36166.21484375	36384.28515625	37572.828125	37955.6953125	35017.515625	35324.2578125	36665.21875	39636.43359375
O14745	NHERF1	Na(+)/H(+) exchange regulatory cofactor NHE-RF1	O14745	NHRF1_HUMAN	2	2	2	2	2	2	2	2	2	2	2	2	2	2	2	2	2	2	2	2	2	2	2	2	2	2	2	2	2	2	2	9393.55859375	9006.5673828125	9191.814453125	9188.3037109375	8285.865234375	8223.337890625	7435.33203125	11152.5595703125	9851.94140625	11193.10546875	10977.8046875	12542.6572265625	9927.177734375	10437.34765625	10930.5400390625	10767.869140625	11318.71484375	9597.994140625	9802.935546875	9934.701171875	10016.1748046875	9697.60546875	9934.572265625	10417.416015625	8621.8720703125	9357.578125	9646.7978515625	7632.01904296875	8600.17578125	8554.1005859375	9682.3701171875
O14791	APOL1	Apolipoprotein L1	O14791	APOL1_HUMAN	22	23	22	23	22	22	24	23	23	23	22	23	23	22	25	26	26	26	25	26	26	25	26	25	26	26	25	26	26	25	26	190634.953125	197887.28125	205774.265625	197773.03125	203152.0625	200515.765625	208484.671875	381970.875	379474.6875	389456.625	376153.28125	407941.34375	366499.6875	372142.8125	305822.8125	297027.84375	301271.46875	305028.375	303964.1875	302730.21875	306391.15625	295238.3125	310249.1875	297883.6875	284210.96875	305014.84375	289733.9375	301202.5	288139.53125	285528.4375	296685.28125
O14791_3			O14791_3	APOL1_HUMAN_3	0	0	0	0	0	0	0	0	1	1	1	1	1	1	1	1	1	1	1	1	1	0	1	0	1	0	0	1	0	1	1	NaN	NaN	NaN	NaN	NaN	NaN	NaN	NaN	4148.111328125	3124.10400390625	4226.98046875	4006.817138671875	4276.47705078125	3565.550048828125	5977.421875	7767.318359375	7321.1025390625	6952.5009765625	7369.48876953125	7346.107421875	6648.91357421875	NaN	2005.6468505859375	NaN	1703.820556640625	NaN	NaN	2119.658203125	NaN	3690.07177734375	3568.72802734375
O14818	PSMA7	Proteasome subunit alpha type-7	O14818	PSA7_HUMAN	19	19	19	19	19	19	19	19	18	18	19	19	19	19	19	19	19	19	19	19	19	19	19	19	19	19	19	19	19	19	19	165883.421875	163364.78125	161707.390625	157712.25	157774.359375	161244.71875	163156.0625	144202.484375	146503.828125	147609.921875	150793.84375	138396.828125	148200.078125	145765.421875	146791.484375	144590.359375	150284.71875	140884.90625	144200.859375	145892.046875	147797.046875	140975.171875	135604.6875	140939.765625	146226.53125	134549.15625	138907.578125	139362.640625	146486.125	145460.9375	145754.515625
O14950;P19105	MYL12B;MYL12A	Myosin regulatory light chain 12B;Myosin regulatory light chain 12A	O14950;P19105	ML12B_HUMAN;ML12A_HUMAN	6	6	6	6	6	6	6	6	6	6	6	6	6	6	6	6	6	6	6	6	6	6	6	6	6	6	5	6	6	6	6	114354.84375	110395.7421875	108631.9921875	106806.9296875	106416.8125	113212.828125	110422.8984375	111333.4296875	117361.625	128559.09375	118562.3984375	114196.0078125	123211.03125	118653.21875	131823.765625	138424.265625	135529.921875	139329.640625	140673.546875	145490.375	137012.515625	111299.4453125	104366.953125	126625.78125	118863.9296875	121072.234375	117583.046875	122748.8515625	115906.2265625	126442.6953125	115310.796875
O14964	HGS	Hepatocyte growth factor-regulated tyrosine kinase substrate	O14964	HGS_HUMAN	4	4	4	4	3	4	4	4	4	4	4	4	4	4	4	4	4	4	4	4	4	4	3	4	4	4	3	3	4	4	4	21963.873046875	20538.486328125	22507.22265625	21850.921875	23317.9765625	20488.763671875	20930.42578125	22865.6953125	20398.353515625	21206.087890625	22642.3203125	21038.36328125	21027.55078125	21771.431640625	21640.29296875	19633.224609375	20531.87109375	21260.064453125	21279.84765625	23039.970703125	19977.814453125	21626.13671875	23646.220703125	21537.353515625	21605.9140625	21472.65625	20842.171875	22499.638671875	21516.337890625	19788.958984375	19852.365234375
O14980	XPO1	Exportin-1	O14980	XPO1_HUMAN	14	14	14	14	14	14	13	13	14	14	12	14	14	14	14	14	14	14	14	14	14	14	14	14	14	14	14	13	14	14	14	30843.8203125	32619.767578125	31121.158203125	32323.0703125	32271.666015625	32417.068359375	32595.08984375	27724.056640625	27504.96875	28861.716796875	30039.0859375	28196.998046875	30957.36328125	30146.666015625	29497.177734375	31360.263671875	29216.51171875	31060.34375	31416.017578125	34236.64453125	29787.298828125	29503.912109375	22131.021484375	30022.314453125	28312.169921875	29570.8203125	29078.56640625	28413.962890625	29025.181640625	30237.8125	29027.787109375
O15067	PFAS	Phosphoribosylformylglycinamidine synthase	O15067	PUR4_HUMAN	28	29	29	29	28	28	29	29	28	28	28	28	28	28	28	27	29	29	28	29	28	29	29	29	28	28	28	29	29	29	28	80767.484375	79670.328125	78753.40625	75324.2109375	79199.6953125	80729.953125	79894.2734375	63995.4453125	64970.34765625	60652.8828125	62782.33203125	62408.62890625	61573.12890625	65383.51953125	74795.0546875	72119.171875	73762.171875	72845.1875	74180.8671875	73586.515625	75423.015625	70241.6015625	73218.84375	69393.546875	67468.5078125	66710.21875	67900.109375	69095.7421875	66462.953125	71707.7578125	67938.40625
O15143	ARPC1B	Actin-related protein 2/3 complex subunit 1B	O15143	ARC1B_HUMAN	3	3	3	3	3	3	3	3	3	3	3	2	3	3	3	3	3	3	3	3	3	3	3	3	3	3	3	3	3	3	3	7110.244140625	6857.29736328125	7385.41943359375	6542.94482421875	6660.017578125	8083.49951171875	8906.2490234375	8682.17578125	6045.69384765625	9112.224609375	3153.948974609375	9533.5498046875	7661.48486328125	9955.6494140625	9094.359375	9138.224609375	8209.22265625	9574.603515625	9895.0087890625	9586.3681640625	7758.755859375	9438.8935546875	8302.333984375	7040.66357421875	8079.77001953125	8286.0478515625	7941.4541015625	8334.609375	7961.349609375	7857.97705078125	8380.8955078125
O15144	ARPC2	Actin-related protein 2/3 complex subunit 2	O15144	ARPC2_HUMAN	1	1	1	1	1	1	1	1	1	1	1	1	1	1	1	1	1	1	1	1	1	1	1	1	1	1	1	1	1	1	1	8964.494140625	8703.91796875	7622.546875	9025.7333984375	7362.0830078125	7478.72607421875	9026.6025390625	10389.169921875	9220.935546875	8470.9775390625	9771.0439453125	12490.6083984375	7844.67431640625	10900.91015625	9757.5751953125	9801.65234375	9499.224609375	10936.9892578125	10173.7880859375	9884.8330078125	12050.927734375	11028.408203125	2960.350341796875	10827.4833984375	10233.8466796875	9060.5146484375	11548.3466796875	8727.974609375	7970.17724609375	9362.400390625	10780.9228515625
O15145	ARPC3	Actin-related protein 2/3 complex subunit 3	O15145	ARPC3_HUMAN	2	2	2	2	2	2	2	2	2	2	2	2	2	2	2	2	2	2	1	2	2	2	2	2	2	2	2	2	2	2	2	6947.96923828125	15478.2216796875	19680.017578125	17013.73828125	17330.666015625	19404.232421875	16593.880859375	18097.58984375	25094.09375	23166.318359375	20000.16796875	27108.615234375	23347.056640625	25343.826171875	19046.39453125	20687.69140625	25106.626953125	21800.322265625	21383.115234375	20453.107421875	16418.275390625	19288.142578125	18309.7421875	19094.220703125	20013.38671875	19232.697265625	20257.08984375	20434.8046875	24227.58984375	20264.9296875	26178.65234375
O15247	CLIC2	Chloride intracellular channel protein 2	O15247	CLIC2_HUMAN	1	1	1	1	1	1	1	1	1	1	1	1	1	1	1	1	1	1	1	1	1	1	1	1	1	1	1	1	1	1	1	8485.8515625	16382.794921875	12815.7578125	13583.2939453125	13809.0966796875	13890.984375	13277.55859375	10946.0302734375	13172.81640625	11525.97265625	9372.953125	6946.92529296875	4529.12646484375	13203.267578125	7373.1689453125	12717.6337890625	12065.6923828125	8719.7841796875	26952.53125	10863.794921875	9642.955078125	9542.4775390625	12811.015625	12892.55859375	12804.9677734375	13145.7548828125	13507.5791015625	12930.4345703125	12966.869140625	9830.775390625	15401.5380859375
O15400	STX7	Syntaxin-7	O15400	STX7_HUMAN	6	6	6	6	6	5	5	5	6	5	6	6	6	6	6	6	6	6	6	6	6	5	6	6	6	6	6	6	6	6	6	49871.72265625	47279.4609375	49370.50390625	50062.56640625	47529.75390625	46677.01171875	45717.90234375	32307.869140625	37772.6640625	34777.0859375	37268.125	34269.8671875	35227.265625	37140.65234375	46903.6328125	52983.80859375	49191.96484375	48462.890625	52152.20703125	47018.359375	50280.5859375	26888.228515625	32020.162109375	26323.541015625	28384.234375	28411.802734375	27174.66796875	29505.552734375	37908.3359375	39618.50390625	38918.0234375
O15498	YKT6	Synaptobrevin homolog YKT6	O15498	YKT6_HUMAN	2	2	2	2	2	2	2	2	2	2	2	2	2	2	2	2	2	2	2	2	2	2	2	2	2	2	2	2	2	2	2	12028.0166015625	12059.6689453125	10784.6318359375	12050.16015625	12363.833984375	10658.7978515625	11190.708984375	10897.052734375	10093.5146484375	10093.2998046875	8543.6220703125	11641.427734375	8942.078125	10939.15234375	11179.4853515625	8840.1650390625	10004.0126953125	9917.68359375	10661.416015625	12867.6435546875	12233.8173828125	11751.5576171875	6031.810546875	12447.466796875	8066.40087890625	10413.4267578125	11739.013671875	11552.0986328125	9209.0673828125	12902.45703125	11929.70703125
O15511	ARPC5	Actin-related protein 2/3 complex subunit 5	O15511	ARPC5_HUMAN	3	3	3	3	3	3	3	3	3	3	3	3	3	3	3	3	3	3	3	3	3	3	3	3	3	3	3	3	3	3	3	19376.58984375	20749.189453125	22188.25	18489.25	19722.6171875	19150.35546875	18262.44921875	25028.59765625	26345.626953125	27423.419921875	27535.951171875	24516.52734375	27549.365234375	25565.353515625	22629.037109375	24646.521484375	22669.673828125	25325.40625	23242.99609375	22826.029296875	24265.681640625	21973.822265625	23474.533203125	22201.001953125	22860.529296875	24815.369140625	21653.7578125	22024.685546875	21376.92578125	22148.416015625	23582.5390625
O43242	PSMD3	26S proteasome non-ATPase regulatory subunit 3	O43242	PSMD3_HUMAN	16	16	16	16	16	16	16	16	15	16	16	16	16	16	17	16	16	17	16	16	16	16	15	15	15	16	15	16	16	15	16	33942.10546875	33884.9921875	35090.76171875	37680.1875	34336.65234375	35643.80078125	35311.55078125	32189.5	30624.822265625	31632.26953125	29906.3203125	27970.802734375	31001.96484375	31113.615234375	29327.140625	33125.53125	30118.41796875	33247.96875	34809.12890625	33388.37109375	32596.10546875	31143.474609375	28308.119140625	30717.359375	29655.7109375	29032.083984375	32670.427734375	31421.21484375	28734.322265625	31193.630859375	30940.892578125
O43390;O60506	HNRNPR;SYNCRIP	Heterogeneous nuclear ribonucleoprotein R;Heterogeneous nuclear ribonucleoprotein Q	O43390;O60506	HNRPR_HUMAN;HNRPQ_HUMAN	1	1	1	1	1	1	1	1	1	1	1	1	1	1	1	1	1	1	1	1	1	1	1	1	1	1	1	1	1	1	1	24441.2578125	26452.62890625	27405.251953125	27048.89453125	25221.71875	26401.728515625	25523.9921875	22176.46484375	23629.71875	25667.787109375	27406.369140625	23733.3984375	25255.611328125	24584.818359375	26348.6484375	24460.791015625	25657.53125	24001.916015625	24939.47265625	21143.146484375	22681.228515625	23245.767578125	26749.46875	21094.732421875	20188.849609375	22108.904296875	20846.775390625	19688.92578125	25834.353515625	23527.296875	23945.1796875
O43396	TXNL1	Thioredoxin-like protein 1	O43396	TXNL1_HUMAN	13	13	13	13	13	13	13	13	13	13	13	13	13	13	12	13	13	13	13	13	12	13	13	13	13	13	13	13	13	13	13	108657.15625	108290.9140625	109110	106923.8515625	106893.328125	102160.453125	101494.7734375	104623.953125	108304.9140625	111552.8671875	119261.90625	111407.1640625	112561.3828125	108684.3203125	97863.9765625	100793.3515625	98592.3984375	96735.1015625	98554.984375	99927.75	103187.578125	110835.90625	107133.625	115906.7734375	111819.1328125	117141.7109375	118892.1953125	119875.5	106318.921875	105554.15625	101291.6328125
O43488	AKR7A2	Aflatoxin B1 aldehyde reductase member 2	O43488	ARK72_HUMAN	13	13	13	13	13	13	13	13	13	12	13	13	12	13	13	13	13	13	12	13	13	13	13	12	13	11	12	13	13	13	13	144665.40625	141215.453125	138727.09375	139669.15625	141892.796875	139978.265625	150191.21875	131387.375	123870.875	129451.4453125	129883.953125	124683.5234375	130807.34375	130940.4296875	107724.3359375	108084.125	107493.21875	109251.1171875	106899.390625	115131.734375	106540.75	116646.1953125	119813.4375	118312.7890625	117428.765625	115611.2578125	117739.9609375	119265.6640625	121959.765625	120716.8984375	118462.5703125
O43583	DENR	Density-regulated protein	O43583	DENR_HUMAN	6	6	6	6	6	6	6	6	6	6	6	6	6	6	6	6	6	6	6	6	6	6	6	6	6	6	6	6	6	6	6	21991.36328125	23328.291015625	21805.15625	18450.3046875	22311.443359375	19974.984375	19101.478515625	18059.46484375	18283.482421875	18756.541015625	22207.501953125	17155.095703125	21277.755859375	21175.7265625	18737.22265625	17163.8515625	19503.578125	18371.521484375	19574.673828125	19902.6484375	20062.783203125	14369.80859375	15765.2578125	17207.66796875	15868.3369140625	15797.341796875	16582.796875	16106.572265625	19086.013671875	17736.451171875	19052.755859375
O43598	DNPH1	5-hydroxymethyl-dUMP N-hydrolase	O43598	DNPH1_HUMAN	6	6	6	6	5	6	6	6	6	6	6	6	6	6	6	6	6	6	6	6	6	6	6	6	6	6	6	6	6	6	6	28735.109375	28949.55859375	28411.9296875	27900.501953125	29200.1171875	29864.7265625	29728.2265625	31281.2890625	29203.306640625	28356.3515625	26591.046875	29106.98828125	27473.396484375	29043.6875	28942.10546875	30952.736328125	31897.140625	31258.99609375	30408.8046875	26824.859375	25734.150390625	31642.181640625	37698.984375	29778.099609375	30101.591796875	28510.8515625	29318.4375	27682.744140625	27324.837890625	29002.728515625	26210.236328125
O43633	CHMP2A	Charged multivesicular body protein 2a	O43633	CHM2A_HUMAN	8	8	8	8	8	8	8	8	8	8	8	8	8	8	8	8	8	8	8	8	8	8	8	8	8	8	8	8	8	8	8	49964.3515625	47748.5859375	50082.3046875	47200.5390625	48426.71875	45220.97265625	47459.6953125	44853.0234375	45109.42578125	45992.1171875	46716.2578125	43659.03515625	48238.46875	44165.77734375	41198.015625	39677.7109375	39702.453125	39658.97265625	38956.515625	40955.6640625	40371.375	39722.95703125	40517.125	44596.203125	42701.703125	39631.38671875	40556.74609375	43129.15625	40737.765625	42912.828125	43550.89453125
O43665	RGS10	Regulator of G-protein signaling 10	O43665	RGS10_HUMAN	4	4	4	4	4	4	4	4	4	4	4	4	4	4	4	4	4	4	4	4	4	4	4	4	4	4	4	4	4	4	4	37950.3828125	36952.7265625	41785.390625	39185.05859375	38774.40625	38961.8984375	41342.58203125	33474.4453125	34920.8359375	36749.1015625	34902.984375	35039.56640625	32282.36328125	36728.65234375	39287.0625	34249.6484375	38263.61328125	35127.140625	31126.578125	33271.91015625	36592.4140625	31622.607421875	38539.1796875	32249.443359375	36351.59375	33226.79296875	36630.53515625	33989.23046875	36146.39453125	37249.64453125	36323.71484375
O43681	GET3	ATPase GET3	O43681	GET3_HUMAN	9	9	9	9	8	9	9	8	8	8	8	9	8	9	9	9	9	9	9	9	9	9	8	9	9	9	9	9	9	9	9	86949.203125	89827.6171875	93148.0390625	84589.5078125	99405.3515625	84787.4296875	98422.5234375	75030.75	77090.84375	75203.7421875	74085.7578125	74509.3515625	78189.015625	75599.0625	82575.0234375	78718.984375	81547.296875	73154.6015625	86105.4453125	78307.6953125	84513.671875	83714.5078125	72049.578125	75779.2265625	75576.296875	87043.8359375	83533.1953125	81737.671875	74074.5390625	79914.15625	83490.1171875
O43707	ACTN4	Alpha-actinin-4	O43707	ACTN4_HUMAN	5	5	5	4	5	3	4	5	5	5	5	5	5	5	4	5	5	4	4	4	4	4	4	4	5	5	4	5	4	4	4	13355.6669921875	12530.314453125	11477.0751953125	13842.2431640625	12713.9287109375	14620.958984375	13051.07421875	17558.556640625	17624.447265625	13378.1396484375	14786.853515625	15937.3388671875	14565.306640625	16923.19921875	15043.03125	16005.5078125	15590.5849609375	16910.359375	13910.6904296875	15509.3603515625	14345.296875	14345.5029296875	12372.8720703125	16012.1455078125	14640.115234375	14552.42578125	13512.328125	17634.6796875	11901.0263671875	13865.8447265625	11190.7783203125
O43765	SGTA	Small glutamine-rich tetratricopeptide repeat-containing protein alpha	O43765	SGTA_HUMAN	7	7	7	7	7	7	7	7	7	7	7	7	7	7	7	7	7	7	7	7	7	6	7	5	7	7	7	6	7	7	6	38633.73046875	43847.171875	42010.62109375	39548.12890625	36344.7734375	39988.69921875	42352.92578125	34386.2734375	31446.162109375	34004.25	32846.55078125	32678.42578125	34874.3203125	33130.0859375	33630.65234375	32107.568359375	35124.47265625	32473.69921875	31698.185546875	35159.69921875	32848.24609375	29033.5078125	34263.9140625	27483.10546875	24301.9609375	29265.412109375	31789.12109375	29689.62890625	33561.14453125	32986.13671875	32116.974609375
O43813	LANCL1	Glutathione S-transferase LANCL1	O43813	LANC1_HUMAN	7	7	7	7	7	7	7	6	7	7	7	7	7	7	7	7	6	7	6	7	7	7	7	7	7	7	7	7	7	7	7	72527.0078125	76922.2421875	80019.0078125	79946.0703125	75974.578125	79309.8984375	72507.28125	58193.3203125	64762.45703125	58665.078125	58080.90625	57948.04296875	59540.796875	62948.37890625	63473.94921875	67521.40625	63510.41015625	65070.74609375	67383.15625	65955.7421875	67210.4296875	72988.171875	74443.0625	68740.2890625	67956.3671875	65083.1640625	71863.1796875	67919.3046875	65217.17578125	63973.453125	65114.14453125
O43866	CD5L	CD5 antigen-like	O43866	CD5L_HUMAN	15	15	14	15	14	14	14	14	14	15	15	15	14	15	15	15	15	14	15	15	14	15	15	15	15	15	15	15	15	15	15	152031.796875	162774.71875	163650.546875	153021.765625	128569.609375	146054.265625	148164.765625	177441.953125	167876.203125	186793.703125	186972.65625	182860.65625	171767.796875	184849.453125	221670.328125	200927.671875	217741.546875	202825.90625	206467.8125	218655.640625	223450.453125	251509.953125	283644.90625	282236.0625	258079.328125	281862.34375	264238.3125	269854.46875	207607.125	195635.8125	200722.75
O60234	GMFG	Glia maturation factor gamma	O60234	GMFG_HUMAN	4	4	4	4	4	4	4	4	4	4	4	4	4	4	4	4	4	4	3	4	4	4	4	4	4	4	4	4	4	4	4	13889.8876953125	16599.921875	15572.6962890625	16258.7666015625	15117.3505859375	15390.5341796875	12305.7421875	19460.984375	18549.10546875	23258.310546875	21937.15234375	18773.544921875	20884.564453125	18117.712890625	14872.9951171875	18482.919921875	17323.103515625	16486.16796875	17244.0859375	16392.2265625	16829.29296875	13989.412109375	14566.1005859375	12885.3779296875	16004.45703125	12472.375	15149.310546875	13459.2509765625	16469.9453125	16704.564453125	14559.8994140625
O60256	PRPSAP2	Phosphoribosyl pyrophosphate synthase-associated protein 2	O60256	KPRB_HUMAN	14	15	15	15	15	15	14	15	15	15	15	15	14	15	15	15	14	15	15	15	15	15	14	14	15	14	15	15	15	15	14	80829.5859375	78901.0625	81764.1796875	81172.9453125	74422.3828125	81650.390625	77691.328125	69002.2265625	69388.703125	69681.515625	65822.703125	69697.90625	71691.328125	69801.78125	72803.25	69523.2890625	73737.3046875	76324.4453125	68072.671875	75855.515625	71467.3203125	65769.4375	72134.3046875	73771.90625	67569.28125	68129.59375	72490.2109375	66363.1484375	73989.484375	70067.7890625	70653.9609375
O60488	ACSL4	Long-chain-fatty-acid--CoA ligase 4	O60488	ACSL4_HUMAN	2	2	2	2	2	2	2	2	2	2	2	2	2	2	2	2	2	2	2	2	2	2	2	2	1	2	2	2	2	2	2	5924.9716796875	6730.3505859375	4989.27001953125	4921.44580078125	5210.60888671875	5918.25927734375	5178.76611328125	3855.30224609375	3622.9462890625	4655.30615234375	3980.62744140625	3964.269775390625	4200.2666015625	4597.91064453125	4796.64697265625	4075.6806640625	4105.14013671875	5893.87353515625	6560.47412109375	5936.1875	4992.81103515625	5873.90185546875	5843.41162109375	5392.7978515625	5146.99462890625	5649.58984375	4339.0302734375	4511.1982421875	5105.96142578125	5149.58349609375	5840.22314453125
O60610	DIAPH1	Protein diaphanous homolog 1	O60610	DIAP1_HUMAN	21	20	21	21	21	20	21	21	21	21	21	20	21	21	21	21	21	21	21	21	21	21	21	20	21	19	21	21	21	21	20	24149.529296875	27146.763671875	25707.77734375	24433.2890625	27385.779296875	26561.564453125	26235.3203125	27106.263671875	27349.54296875	28225.263671875	28491.787109375	28521.39453125	27930.693359375	26559.646484375	30604.201171875	30094.408203125	30946.4296875	30869.4296875	31485.10546875	30607.80859375	31541.99609375	25255.939453125	26422.919921875	27973.5625	25504.4140625	26198.630859375	25840.7109375	25313.630859375	28239.470703125	29222.400390625	28266.896484375
O60664	PLIN3	Perilipin-3	O60664	PLIN3_HUMAN	10	10	10	10	10	10	10	10	10	10	10	10	10	10	10	10	10	10	10	9	10	10	10	10	10	10	10	10	10	10	10	39234.4765625	39350.84375	40526.9296875	38355.16796875	40161.8515625	38328.4765625	38546.1015625	32228.232421875	32391.220703125	29200.318359375	33400.46875	29269.1640625	33881.109375	31797.2109375	28324.552734375	30156.796875	29770.908203125	30751.71875	30337.056640625	27964.3671875	29381.26953125	31044.7265625	33608.48046875	30462.240234375	27944.8671875	28685.09765625	30270.5546875	30648.349609375	32751.96875	32154.888671875	28602.826171875
O60684	KPNA6	Importin subunit alpha-7	O60684	IMA7_HUMAN	3	3	3	3	3	3	3	3	3	3	3	3	3	3	3	3	3	3	3	3	3	3	3	3	3	3	3	3	3	3	3	5500.5986328125	9983.6728515625	8560.0556640625	10288.703125	8026.341796875	8319.4130859375	8820.17578125	10839.4755859375	10046.982421875	9095.865234375	11761.775390625	8127.603515625	9922.880859375	11348.4111328125	8342.64453125	11668.3408203125	10326.3798828125	11727.1552734375	9927.0126953125	10588.9677734375	9725.9755859375	8476.89453125	10554.7099609375	8491.7958984375	8033.76318359375	7948.64501953125	8240.8291015625	7397.32958984375	8998.4189453125	7803.55859375	10213.1201171875
O60749	SNX2	Sorting nexin-2	O60749	SNX2_HUMAN	4	4	5	5	5	3	5	5	5	4	5	5	5	4	5	5	5	5	5	5	5	5	4	3	3	5	4	3	4	5	5	10551.66015625	11807.4169921875	10319.6787109375	10499.189453125	11144.5703125	9508.796875	9239.822265625	11198.921875	9750.9921875	11525.1015625	11664.685546875	8492.4599609375	10738.39453125	9672.5986328125	9175.224609375	8111.6748046875	9494.080078125	8704.4033203125	9227.5205078125	8777.0859375	7704.30517578125	8055.63720703125	8299.9921875	7453.404296875	11876.705078125	6052.3203125	7168.66259765625	7449.4765625	9283.5205078125	7666.513671875	8606.1650390625
O60763	USO1	General vesicular transport factor p115	O60763	USO1_HUMAN	2	2	2	2	2	2	2	2	2	2	2	2	2	2	2	2	2	2	2	2	2	2	2	2	2	2	2	2	2	2	2	5333.23046875	6131.25146484375	6207.8623046875	7523.4423828125	6813.13818359375	3941.01025390625	4648.919921875	4462.7431640625	6274.37255859375	6098.314453125	6762.17822265625	5908.29833984375	7723.69775390625	6115.6767578125	7040.3583984375	7137.38671875	7392.63623046875	6810.67138671875	5694.5087890625	6383.72216796875	5606.19921875	5126.97216796875	4395.9833984375	6690.8251953125	4822.74609375	5430.62060546875	5436.89208984375	6943.7333984375	6288.0380859375	4958.39697265625	6414.5517578125
O60814;P58876;P62807;Q5QNW6;Q93079;Q99877;Q99879	H2BC12;H2BC5;H2BC4;H2BC18;H2BC9;H2BC15;H2BC14	Histone H2B type 1-K;Histone H2B type 1-D;Histone H2B type 1-C/E/F/G/I;Histone H2B type 2-F;Histone H2B type 1-H;Histone H2B type 1-N;Histone H2B type 1-M	O60814;P58876;P62807;Q5QNW6;Q93079;Q99877;Q99879	H2B1K_HUMAN;H2B1D_HUMAN;H2B1C_HUMAN;H2B2F_HUMAN;H2B1H_HUMAN;H2B1N_HUMAN;H2B1M_HUMAN	9	9	11	11	10	10	10	9	10	11	10	11	9	10	9	10	11	10	9	9	9	10	9	9	10	9	9	11	10	10	11	197746.890625	191790.953125	193752.984375	197552.71875	192828.078125	187696.390625	193223.359375	267818.40625	276571.65625	274748.0625	277770.6875	268452.0625	277688.15625	267568.375	242750.625	233259.921875	252512.265625	244754.578125	237924.171875	235956.953125	246540.859375	198790.25	203643.5	196553.875	197718.609375	209742.578125	202530.90625	201543.546875	224019.703125	225512.34375	221685.4375
O60888	CUTA	Protein CutA	O60888	CUTA_HUMAN	2	2	2	2	2	2	2	2	2	2	2	2	2	2	2	2	2	2	2	2	2	2	2	2	2	2	2	2	2	2	2	31144.291015625	23904.93359375	24652.267578125	23021.373046875	24006.71875	26548.025390625	23716.40234375	23104.09375	17412.541015625	28963.802734375	26672.44140625	24551.650390625	21114.126953125	17419.58984375	24281.5703125	17284.541015625	21245.205078125	18787.38671875	21921.279296875	18601.50390625	23128.029296875	24354.74609375	23096.353515625	21314.900390625	29488.201171875	24088.970703125	19595.916015625	27165.24609375	19561.076171875	21882.70703125	25280.88671875
O75015;P08637	FCGR3B;FCGR3A	Low affinity immunoglobulin gamma Fc region receptor III-B;Low affinity immunoglobulin gamma Fc region receptor III-A	O75015;P08637	FCG3B_HUMAN;FCG3A_HUMAN	1	1	1	1	1	1	1	1	1	1	1	1	1	1	1	1	1	1	1	1	1	1	1	1	1	1	1	1	1	1	1	10407.0498046875	8067.5849609375	8509.40625	7499.841796875	5428.6171875	8491.44140625	7248.8076171875	8242.8095703125	5929.8466796875	3970.766845703125	7510.265625	6448.8486328125	7040.00927734375	8274.6796875	6873.970703125	3429.678955078125	5111.5166015625	1580.9822998046875	4367.38037109375	4062.174560546875	4524.89794921875	3685.418212890625	10373.314453125	4694.95556640625	5094.82275390625	5084.962890625	4526.9873046875	5470.04638671875	6206.5751953125	5323.7509765625	6605.0673828125
O75083	WDR1	WD repeat-containing protein 1	O75083	WDR1_HUMAN	21	22	20	21	22	22	21	23	22	23	23	22	23	23	22	23	23	23	22	23	21	22	22	22	22	21	21	20	23	22	23	167245.296875	175123.1875	173811.09375	182154.375	184007.15625	189664.421875	178648.296875	152725.25	151249.28125	151077.421875	157102.65625	150875.984375	155581.375	152957.296875	177118.890625	186560.375	167671.8125	183837.375	177367.84375	181898.375	184529.28125	154976.375	147827.46875	139499.0625	152603.296875	155778.46875	162932.171875	147357.859375	157497.328125	157539.953125	161319.9375
O75116	ROCK2	Rho-associated protein kinase 2	O75116	ROCK2_HUMAN	2	2	2	2	2	2	2	2	2	2	2	2	2	2	2	2	2	2	2	2	2	2	0	2	2	1	2	2	2	2	2	6082.53564453125	7653.30712890625	5789.5654296875	5722.18212890625	4375.50732421875	4788.31005859375	6882.08447265625	7238.3046875	8371.80859375	12879.400390625	11173.4423828125	8974.138671875	9695.3251953125	11598.1123046875	5151.1533203125	10231.6591796875	8421.1083984375	8801.2939453125	8762.6806640625	8836.7880859375	8364.552734375	7632.1708984375	NaN	9196.205078125	6814.44677734375	10088.9765625	6996.7568359375	7424.3193359375	8605.2890625	9670.509765625	7313.64501953125
O75131	CPNE3	Copine-3	O75131	CPNE3_HUMAN	7	7	7	7	7	7	7	6	6	6	7	6	6	6	6	6	7	6	7	7	7	6	6	6	6	6	6	6	7	6	6	27206.83984375	24785.283203125	23936.328125	25872.009765625	24177.33984375	24280.4609375	24709.6015625	18087.37109375	16809.658203125	17328.69921875	16207.916015625	18710.80078125	16881.380859375	17287.232421875	22117.302734375	22912.923828125	20958.642578125	22519.34765625	23868.61328125	22081.80078125	22118.330078125	15754.9443359375	20323.263671875	16321.3544921875	13962.7138671875	17227.408203125	13747.0693359375	16141.30859375	18042.392578125	18745.0625	22308.34375
O75223	GGCT	Gamma-glutamylcyclotransferase	O75223	GGCT_HUMAN	6	6	6	6	6	6	6	6	6	6	6	6	6	6	6	6	6	6	6	6	6	6	6	6	6	6	6	6	6	6	6	87576.515625	86334.453125	79893.140625	82114.1015625	85954.515625	87461.34375	84470.921875	67946.203125	70487.375	65103.640625	68077.375	69707.3984375	69796.296875	71868.453125	76133.5078125	80887.8515625	75054.078125	78830.25	81049.3828125	80929.4609375	80781.296875	70858.234375	61126.84375	69733.3671875	73179.953125	71597.7265625	74401.5546875	76017.2890625	74940.7578125	75914.265625	77134.140625
O75340	PDCD6	Programmed cell death protein 6	O75340	PDCD6_HUMAN	8	8	8	8	8	8	8	8	8	8	8	8	7	8	8	8	8	8	8	8	8	8	8	8	8	8	8	8	8	8	8	29176.732421875	27962.90625	30063.6796875	32406.67578125	31784.4140625	32719.552734375	31352.283203125	27840.65234375	27992.833984375	28288.017578125	28679.326171875	27169.248046875	28053.564453125	28274.380859375	30791.14453125	28449.138671875	30570.515625	30575.84375	30527.314453125	29065.23828125	30550.330078125	26265.099609375	26691.25	26366.755859375	28019.255859375	25720.91015625	26820.9609375	26127.373046875	29339.775390625	30571.5625	28141.09375
O75347	TBCA	Tubulin-specific chaperone A	O75347	TBCA_HUMAN	14	14	14	14	14	14	14	14	14	14	14	14	14	14	14	14	14	14	14	14	14	14	13	13	14	14	14	13	14	14	14	89637.4921875	95882.59375	100051.859375	96382.265625	93142.1875	92919.109375	93829.4296875	75560.3125	74726.609375	74057.0625	72243.4453125	73592.8203125	76618.8125	71866.7890625	77900.734375	82478.3203125	83180.375	81852.1953125	83457.5078125	79369.21875	80505.7265625	72702.4765625	85674.3984375	74118.515625	76496.2265625	77843.3203125	77642.5	75220.515625	79259.7734375	85104.09375	85070.546875
O75348	ATP6V1G1	V-type proton ATPase subunit G 1	O75348	VATG1_HUMAN	3	3	3	3	3	3	3	3	3	3	3	3	3	3	3	3	3	3	3	3	3	3	3	3	3	3	3	3	3	3	3	16900	21197.60546875	22014.8359375	20245.083984375	20454.439453125	22701.8203125	21044.65625	19939.2734375	18791.56640625	16816.478515625	13114.771484375	18645.056640625	15780.1416015625	18576.689453125	19893.232421875	20689.1640625	19540.896484375	20745.9375	19409.056640625	18481.568359375	21631.75	14648.919921875	21405.587890625	19162.9296875	18270.478515625	16657.33984375	19324.458984375	15067.6376953125	18543.435546875	21884.642578125	20062.322265625
O75368	SH3BGRL	Adapter SH3BGRL	O75368	SH3L1_HUMAN	9	9	9	9	9	9	9	9	9	9	9	9	9	9	9	9	9	9	9	9	9	9	9	9	9	9	9	9	9	9	9	246446.34375	236610.859375	247897.4375	251985.640625	240880.9375	237411.625	236594.0625	202595.96875	194444.046875	199695.78125	197163.6875	196611.453125	198077.3125	196731.15625	198067.65625	202371.859375	200291.21875	187689.5	191783.53125	192228.515625	198945.453125	211063.734375	237826.59375	208704	221051.21875	217156.390625	221012.265625	210431.453125	212283.046875	208325.75	213829.375
O75396	SEC22B	Vesicle-trafficking protein SEC22b	O75396	SC22B_HUMAN	4	4	4	4	4	3	4	4	4	4	4	4	4	4	4	4	4	4	4	4	4	4	4	4	3	4	4	4	4	4	4	13350.216796875	14646.9384765625	15033.9091796875	14702.6279296875	14342.5166015625	14577.302734375	11982.3388671875	15220.232421875	17485.505859375	17518.58203125	16237.4169921875	13957.544921875	16845.1640625	16500.107421875	10652.2529296875	11492.7216796875	12559.6865234375	11246.28515625	12706.8896484375	11773.2119140625	12479.7744140625	14166.064453125	16336.21875	13828.45703125	13821.83203125	14684.20703125	12838.205078125	13285.62109375	13248.986328125	14177.2685546875	11966.0908203125
O75531	BANF1	Barrier-to-autointegration factor	O75531	BAF_HUMAN	1	1	1	1	1	1	1	1	1	1	1	1	1	1	1	1	1	1	1	1	1	1	1	1	1	1	1	1	1	1	1	12012.2587890625	17197.11328125	15419.8798828125	16473.25	19713.06640625	15862.4189453125	11895.5498046875	12468.0185546875	11798.216796875	17158.0078125	12255.693359375	12959.7421875	16964.263671875	6283.56103515625	21298.140625	12767.2919921875	16683.8671875	9323.0673828125	15454.76953125	16238.9345703125	19940.080078125	13375.6435546875	14303.8095703125	13189.41796875	11151.072265625	12774.5625	15199.607421875	16418.677734375	13839.8916015625	13153.990234375	12667.1552734375
O75558	STX11	Syntaxin-11	O75558	STX11_HUMAN	2	2	2	2	2	2	2	2	2	2	2	2	2	2	2	2	2	2	2	2	2	2	2	2	2	2	2	2	2	2	2	3589.71923828125	4885.6357421875	4782.86572265625	3589.631591796875	3270.194091796875	3324.1533203125	4475.126953125	7249.49853515625	6811.783203125	7560.18505859375	7140.8193359375	6528.533203125	6901.716796875	6754.9052734375	8022.82470703125	8010.98974609375	6516.21826171875	7534.625	7046.935546875	6062.0849609375	6970.42919921875	6286.4482421875	6352.57666015625	6816.86572265625	7083.98046875	6503.2685546875	7339.8583984375	7722.49072265625	7636.28759765625	7380.8994140625	5941.2880859375
O75636	FCN3	Ficolin-3	O75636	FCN3_HUMAN	9	9	9	8	8	9	8	10	10	10	10	10	9	10	9	10	9	10	9	10	10	10	8	10	10	9	9	9	10	10	10	51417.3125	55172.7890625	53979.25390625	54265.640625	53849.54296875	57436.4140625	52929.1796875	60387.94921875	54630.81640625	63412.390625	61631.96875	67084.078125	64325.45703125	59713.58203125	65900.3046875	67460.1328125	66076.609375	68171.4375	73180.75	73665.0859375	73787.3125	66294.859375	55350.06640625	61847.09765625	67567.734375	63773.12109375	63912.34375	66864.8671875	58843.9453125	58839.26953125	58728.89453125
O75663	TIPRL	TIP41-like protein	O75663	TIPRL_HUMAN	2	2	2	2	2	2	2	2	2	2	2	2	2	2	2	2	2	2	2	2	2	2	2	2	2	2	2	2	2	2	2	16694.83203125	14025.1728515625	13691.837890625	14645.388671875	13739.994140625	12966.111328125	15525.048828125	8148.5517578125	11285.203125	11802.8486328125	11050.1611328125	9520.0830078125	11656.998046875	10887.19140625	6450.15234375	7728.73095703125	7668.26953125	8074.1953125	8457.486328125	7717.5654296875	8306.1435546875	10611.078125	10015.5947265625	10865.2578125	10108.1640625	10129.501953125	10373.9970703125	12241.7890625	10983.64453125	11802.1748046875	10912.47265625
O75688	PPM1B	Protein phosphatase 1B	O75688	PPM1B_HUMAN	3	3	3	3	3	3	3	3	3	3	3	3	3	3	3	3	3	3	3	3	3	3	3	3	3	2	3	2	3	3	3	5724.3779296875	5735.89501953125	4036.31201171875	5370.0849609375	5235.828125	5738.11328125	6045.552734375	4026.454833984375	2778.30029296875	4338.0771484375	5027.73779296875	4501.82958984375	5547.20849609375	6674.953125	6138.7958984375	6039.41943359375	5208.92626953125	5779.10107421875	7009.4599609375	6461.568359375	5976.45654296875	5286.1533203125	4745.1376953125	6291.142578125	5435.25390625	5400.85498046875	5964.24169921875	4262.6181640625	5902.61767578125	4974.25634765625	4692.37255859375
O75695	RP2	Protein XRP2	O75695	XRP2_HUMAN	2	2	2	2	2	2	2	2	2	2	2	2	2	2	2	2	2	2	2	2	2	2	2	2	2	2	2	2	2	2	2	10815.9482421875	7577.1826171875	7105.64111328125	504.57952880859375	10028.41015625	9766.6484375	6262.24560546875	5669.82421875	5492.205078125	8612.4052734375	7835.36474609375	8211.1435546875	6649.5107421875	6677.49658203125	6015.92138671875	6018.107421875	5861.24560546875	7072.4111328125	7924.150390625	9270.6513671875	7923.75537109375	9469.5224609375	8978.484375	630.9710693359375	9611.8779296875	8288.21875	8097.36572265625	5897.7724609375	9232.509765625	5816.88232421875	5755.802734375
O75822	EIF3J	Eukaryotic translation initiation factor 3 subunit J	O75822	EIF3J_HUMAN	3	3	3	3	3	3	3	3	3	3	3	3	3	3	3	3	3	3	3	3	3	3	3	3	3	3	3	3	3	3	3	29324.28515625	28472.791015625	29281.71484375	27964.607421875	27980.443359375	29486.525390625	27406.853515625	29417.32421875	28171.75	26180.65625	30932.392578125	28512.234375	29700.216796875	29481.3984375	30598.787109375	27328.265625	30828.193359375	29525.873046875	26739.587890625	30526.361328125	28478.056640625	25722.169921875	22625.271484375	24836.609375	25285.0859375	25472.369140625	25181.6015625	24632.4921875	26234.65625	26329.177734375	27373.58984375
O75832	PSMD10	26S proteasome non-ATPase regulatory subunit 10	O75832	PSD10_HUMAN	15	15	15	15	15	15	15	15	15	15	15	15	15	15	15	15	15	15	15	15	15	15	15	15	15	15	15	15	15	15	15	47604.609375	53735.65625	50204.78515625	51020.97265625	49138.7265625	48315.38671875	49463.4609375	37737.1328125	39988.34765625	38720.23046875	40331.66015625	37777.4453125	36864.88671875	38647.75390625	44605.87109375	44495.29296875	45389.3359375	43843.14453125	40012.484375	43242.5078125	45486.625	38662.87890625	41531.94921875	36462.09765625	40973.2890625	37375.84765625	39743.1953125	39232.484375	40398.3203125	41291.25390625	42614.34375
O75874	IDH1	Isocitrate dehydrogenase [NADP] cytoplasmic	O75874	IDHC_HUMAN	9	9	9	9	9	10	10	9	10	10	9	8	10	10	9	9	10	10	10	10	8	9	10	9	8	9	9	9	9	9	9	56368.32421875	60513.953125	55617.75390625	57009.53515625	50157.046875	58236.54296875	61185.37109375	44316.52734375	47918.23046875	41369.6796875	45510.5	49300.15234375	44439.1640625	48238.4296875	45013.78515625	44878.13671875	36258.98828125	41750.20703125	42818.90234375	42244.92578125	40792.27734375	48088.86328125	42535.76171875	46278.61328125	45680.5859375	40258.703125	40043.3828125	45169.7890625	44441.78125	45688.6640625	45190.578125
O75882	ATRN	Attractin	O75882	ATRN_HUMAN	17	16	17	17	15	17	17	16	17	17	17	17	17	16	16	17	15	16	17	17	16	16	16	16	17	16	16	17	16	17	17	48337.68359375	48027.98828125	50637.5625	48008.09375	47894.9765625	47071.859375	49087.6328125	67659.8125	63552.5	67885.6484375	65379.3046875	72430.5234375	67225.1953125	70029.8125	51671.8828125	51429.953125	51823.625	51147.3125	57482.85546875	56432.62890625	54681.36328125	58999.984375	55333.53125	63434.21875	59471.98828125	68083.71875	62463.39453125	63434.71875	56689.97265625	56376.6328125	56206.265625
O75915	ARL6IP5	PRA1 family protein 3	O75915	PRAF3_HUMAN	3	3	3	2	3	3	3	3	3	3	3	3	3	3	3	3	3	3	3	3	3	3	3	3	3	3	3	3	3	3	3	24482.400390625	23509.216796875	23032.802734375	22145.462890625	24717.7265625	25076.177734375	26365.45703125	26459.24609375	29622.220703125	31620.755859375	28474.455078125	27428.57421875	29369.603515625	26695.697265625	28387.8359375	26028.529296875	27139.533203125	25471.974609375	23683.771484375	24376.068359375	27644.03125	27914.828125	29829.751953125	25578.29296875	26658.66796875	26098.693359375	24917.8359375	30647.181640625	17775.037109375	24645.978515625	26478.1015625
O75955	FLOT1	Flotillin-1	O75955	FLOT1_HUMAN	25	25	25	25	25	25	25	25	25	25	25	25	25	25	25	25	25	25	25	25	25	25	25	25	25	25	25	25	25	25	25	146070.3125	148197.53125	148638.109375	144564.734375	152431.015625	151345.109375	151327.171875	149049.40625	148377.015625	150966.71875	149090.890625	141074.5625	151321.09375	147912.359375	141830.984375	143878.90625	137001.421875	147260.84375	142444.421875	144505.9375	143714.796875	139790.625	123367.7265625	125367.7109375	132014.375	131222.015625	135350.0625	123851.90625	137512.265625	137554.1875	140482.5625
O76003	GLRX3	Glutaredoxin-3	O76003	GLRX3_HUMAN	11	11	11	11	11	11	10	11	10	11	11	11	11	11	11	11	10	11	11	11	11	10	11	11	11	11	10	11	11	11	11	72941.265625	73557.9296875	71893.71875	73877.2578125	73265.2265625	71374.890625	73879.203125	63864.2109375	64993.78515625	66820.5859375	66902.6484375	60618.8515625	64735.7578125	65005.34375	71747.2421875	64489.6875	67994.1953125	66822.2734375	70435.609375	68223.2109375	73717.7890625	62487.16796875	59190.51953125	60507.5078125	64779.2890625	61652.18359375	61680.23828125	60678.34375	62575.125	61778.6328125	65100.37890625
O76021	RSL1D1	Ribosomal L1 domain-containing protein 1	O76021	RL1D1_HUMAN	1	1	1	1	1	1	1	1	1	1	1	1	1	1	1	1	1	1	1	1	1	1	1	1	1	1	1	1	1	1	1	69373.5234375	84652.4609375	53804.14453125	48907.14453125	70446	89014.53125	79534.734375	64600.015625	62635.69921875	78436.7421875	70212.2890625	55602.703125	54809.1796875	80403.7265625	60000.328125	52614.21484375	41257.0859375	51821.6875	59806.01953125	57917.765625	51348.08984375	90364.1015625	63004.484375	60545.83984375	61931.875	103723.953125	75942.9453125	97173.3515625	56538.859375	72088.9296875	60141.41015625
O76054	SEC14L2	SEC14-like protein 2	O76054	S14L2_HUMAN	4	4	4	4	4	4	4	4	4	4	4	4	4	4	4	4	4	4	4	4	4	4	4	4	4	4	4	4	4	4	4	23645.658203125	22613.55078125	23241.224609375	22479.548828125	20436.619140625	21081.28515625	23661.740234375	16667.75	18309.939453125	18889.919921875	17325.455078125	19939.78125	19552.994140625	20632.54296875	25217.83984375	25721.73046875	21714.693359375	22643.541015625	23156.78125	26835.36328125	22465.458984375	21234.11328125	25692.515625	25588.306640625	21166.380859375	27004.724609375	29947.01171875	28239.24609375	22025.75	21330.431640625	19993.205078125
O76075	DFFB	DNA fragmentation factor subunit beta	O76075	DFFB_HUMAN	2	2	2	2	2	2	2	2	2	2	2	2	2	2	2	2	2	2	2	2	2	2	2	2	2	2	2	2	2	2	2	35040.34375	49946.81640625	37880.14453125	33113.92578125	35077.7265625	38734.21484375	33873.38671875	52652.828125	57941.22265625	80075.7109375	45525.0546875	66279.4609375	60004.66796875	62853.8828125	45361.6953125	33251.0390625	40303.765625	44057.33203125	51262.22265625	34328.9140625	35778.5234375	44632.7890625	52838.26953125	64750.32421875	44998.31640625	48396.30078125	44960.2734375	54448.53515625	78016.8828125	41867.35546875	64404.28515625
O94903	PLPBP	Pyridoxal phosphate homeostasis protein	O94903	PLPHP_HUMAN	3	3	3	3	3	3	3	3	3	3	3	3	3	3	3	3	3	3	3	3	3	3	3	3	3	3	3	3	3	3	3	19932.603515625	19183.341796875	22978.287109375	19026.7734375	22137.990234375	19746.771484375	20907.361328125	17592.994140625	16345.0849609375	14593.6708984375	17342.32421875	18170.134765625	17428.41796875	17572.025390625	18945.0703125	20131.59765625	18254.94140625	18077.47265625	20176.455078125	18453.349609375	19183.59375	18879.65625	18562.533203125	16764.701171875	19943.4609375	17280.26953125	16709.294921875	21956.626953125	19038.791015625	17200.037109375	19798.41796875
O94919	ENDOD1	Endonuclease domain-containing 1 protein	O94919	ENDD1_HUMAN	6	6	5	6	6	6	5	6	6	6	6	6	6	6	6	6	6	6	6	6	6	6	6	6	6	6	6	6	6	6	6	26209.474609375	27078.41015625	28392.65625	28510.205078125	27172.201171875	28536.296875	27704.70703125	29202.27734375	32528.544921875	29164.279296875	32488.548828125	32266.345703125	30294.693359375	33539.5234375	27358.365234375	25648.595703125	26780.197265625	25252.59765625	26211.1953125	28471.9609375	26913.748046875	32567.12109375	31587.15234375	31294.302734375	31191.3828125	29630.60546875	32051.3671875	28683.791015625	29154.845703125	29609.08984375	28291.50390625
O95197	RTN3	Reticulon-3	O95197	RTN3_HUMAN	2	2	2	2	2	2	2	2	2	1	1	2	2	2	2	2	2	2	2	2	2	2	2	2	2	2	2	2	2	2	2	9922.6982421875	10942.41015625	11483.6904296875	11839.8916015625	11854.0419921875	10239.1728515625	12171.9951171875	12554.47265625	11985.716796875	9174.1904296875	11871.9228515625	7570.642578125	10932.1123046875	12902.86328125	9905.275390625	11480.833984375	7277.923828125	10715.154296875	10568.19140625	12049.3291015625	12006.662109375	11166.2158203125	9339.5302734375	13005.3837890625	13301.783203125	13088.1142578125	11215.5078125	7483.6025390625	8243.1005859375	12442.615234375	10189.1669921875
O95336	PGLS	6-phosphogluconolactonase	O95336	6PGL_HUMAN	12	12	12	12	12	12	12	12	12	12	12	12	12	12	12	12	12	12	12	12	12	12	12	12	12	12	12	12	12	12	12	123661.03125	128078.75	135790.984375	130444.96875	131471.578125	127883.078125	122809.0234375	109830.4296875	111269.0546875	112133.53125	107213.4140625	108084.3359375	108269.8125	112599.984375	121865.1484375	117014.78125	119412.265625	118614.9921875	121006.125	118054.5234375	121574.21875	122643.75	151706.125	124290.265625	123590.046875	125918.953125	127780.8125	120916.09375	120965.484375	119017.9921875	117484.828125
O95352	ATG7	Ubiquitin-like modifier-activating enzyme ATG7	O95352	ATG7_HUMAN	2	2	2	2	2	2	2	2	2	2	2	2	2	2	2	2	2	2	2	2	2	2	2	2	2	2	2	2	2	2	2	11406.4912109375	9918.849609375	12519.4150390625	9606.16796875	10346.26953125	8618.228515625	11280.4833984375	11844.1103515625	9398.234375	11957.7109375	10191.46875	8394.2373046875	11514.69921875	10931.482421875	9900.2607421875	8677.7890625	11026.7421875	10892.5849609375	8549.6005859375	8861.3603515625	11103.013671875	11206.6953125	10963.1640625	10971.6884765625	11746.2470703125	7485.19970703125	11578.6728515625	10243.7158203125	9623.6943359375	11056.5087890625	12311.513671875
O95373	IPO7	Importin-7	O95373	IPO7_HUMAN	12	12	12	12	12	12	12	12	12	12	12	12	12	12	11	12	12	12	12	12	12	12	12	12	12	12	12	12	12	12	12	39995.578125	40713.7421875	37561.15234375	39979.171875	40438.97265625	38675.6171875	39723.12109375	36294.6640625	34983.8125	32918.6484375	34260.796875	32587.658203125	35046.46875	35180.52734375	36073.40625	34693.515625	34867.16015625	35491.91796875	36336.9296875	35598.40234375	34955.20703125	37721.44140625	34477.625	41287.35546875	36630.03125	37776.1953125	38614.375	35058.15234375	37361.01953125	34874.09375	35379.07421875
O95376	ARIH2	E3 ubiquitin-protein ligase ARIH2	O95376	ARI2_HUMAN	5	5	5	5	5	5	5	4	5	5	4	4	4	5	4	4	5	4	5	5	4	5	5	5	5	3	5	4	5	5	4	8984.4228515625	8493.236328125	8597.2255859375	8996.2705078125	9054.66796875	8140.0859375	8979.2421875	5356.5263671875	6291.46337890625	6254.9609375	7502.568359375	7581.5673828125	6548.96484375	7174.09033203125	7507.69384765625	8127.4462890625	8038.7705078125	8272.4453125	8072.568359375	8637.705078125	9055.0927734375	6827.54736328125	8349.58984375	7305.84814453125	7407.90673828125	7380.88037109375	7806.72119140625	7086.26318359375	7692.33544921875	6649.0908203125	7367.4794921875
O95433	AHSA1	Activator of 90 kDa heat shock protein ATPase homolog 1	O95433	AHSA1_HUMAN	4	4	4	4	4	4	4	4	4	4	4	4	4	4	4	4	4	4	4	4	4	4	4	4	4	4	4	4	4	4	4	15190.3671875	15583.8984375	13059.1982421875	14752.7109375	16402.96484375	14737.8798828125	12742.25	14545.779296875	12008.6552734375	13573.796875	13425.3681640625	16083.9130859375	16519.302734375	14650.556640625	17337.294921875	19037.4765625	17491.240234375	20013.916015625	20498.109375	16834.8046875	17666.416015625	14982.3203125	15046.5361328125	14695.6044921875	12876.8857421875	13486.5830078125	14415.95703125	13760.501953125	15760.2529296875	12852.8125	17643.173828125
O95445	APOM	Apolipoprotein M	O95445	APOM_HUMAN	12	12	12	12	12	12	12	12	12	12	12	12	12	12	12	12	12	12	12	12	12	12	12	12	12	12	12	12	12	12	12	86339.3046875	95063.390625	92171.0390625	87509.15625	89430.578125	90123.03125	95654.703125	144655.359375	141164.421875	144226.5625	131622	143684.984375	134808.265625	135319.359375	108313.828125	107106.015625	107286.03125	108220.5	108990.7890625	104844.2734375	108002.5859375	141086.734375	156709.1875	141487.671875	148406.40625	145520.53125	140444.046875	142535.375	117063.25	123746.7578125	125555.28125
O95456	PSMG1	Proteasome assembly chaperone 1	O95456	PSMG1_HUMAN	2	1	2	2	2	2	2	2	2	2	1	2	2	2	2	2	2	2	2	2	2	1	2	2	2	2	2	2	2	2	2	6302.3212890625	4352.48828125	553.906982421875	3918.13916015625	5707.12744140625	6290.64453125	4998.78955078125	5181.89404296875	2486.7353515625	5470.7607421875	3831.801025390625	3602.93896484375	4139.2392578125	4779.20556640625	4962.08544921875	5620.29736328125	5614.01806640625	5285.79541015625	2887.638916015625	3159.93408203125	4174.42626953125	1829.3460693359375	4472.82275390625	1690.5445556640625	3383.216552734375	5142.33740234375	3118.14208984375	5133.0283203125	4357.72607421875	4265.2138671875	5414.93896484375
O95477	ABCA1	Phospholipid-transporting ATPase ABCA1	O95477	ABCA1_HUMAN	1	2	1	2	1	1	1	2	2	2	2	2	2	2	2	2	2	2	2	2	2	2	2	2	2	2	2	2	2	2	2	14491.20703125	15933.4794921875	11806.9912109375	14845.39453125	12235.6328125	15440.0888671875	13992.138671875	24188.626953125	26916.7890625	24405.171875	24032.337890625	23256.2578125	26417.4140625	26113.875	102120.828125	99871.0625	100664.15625	101663.1171875	99811.40625	105982.484375	100144.1875	23667.103515625	17814.21875	23164.84765625	24242.025390625	23229.31640625	22610.736328125	21951.794921875	46852.50390625	45450.95703125	44005.06640625
O95478	NSA2	Ribosome biogenesis protein NSA2 homolog	O95478	NSA2_HUMAN	1	1	1	1	1	1	1	1	1	1	1	1	1	1	1	1	1	1	1	1	1	1	1	1	1	1	1	1	1	1	1	7671.85693359375	6448.9501953125	7169.42431640625	6979.89892578125	7122.82861328125	6873.3876953125	6576.10498046875	8167.15869140625	7957.40478515625	8562.17578125	7524.20751953125	7235.43505859375	7287.99609375	6444.376953125	6800.5595703125	6349.6953125	7796.0546875	5923.6015625	6820.5029296875	6248.263671875	7397.56884765625	7410.607421875	7944.4873046875	6406.55859375	7422.14501953125	7486.34326171875	7395.69482421875	7710.18359375	5756.5078125	7253.79345703125	6963.54833984375
O95497	VNN1	Pantetheinase	O95497	VNN1_HUMAN	2	2	2	1	2	2	2	2	2	2	2	2	2	2	2	2	2	2	2	2	2	2	2	2	2	2	2	2	2	2	2	3117.275390625	3008.050048828125	1869.767578125	3147.9716796875	3649.054443359375	2670.427490234375	3202.183837890625	3209.991455078125	3616.1533203125	2210.286376953125	3803.2744140625	3513.38818359375	3090.523193359375	3987.33056640625	3719.18896484375	3869.105712890625	5338.63818359375	6024.5517578125	5660.43701171875	5730.6865234375	6422.765625	6483.30810546875	4757.22509765625	6334.34619140625	8138.498046875	7382.41943359375	6255.11474609375	7963.07763671875	4975.654296875	3863.443115234375	4230.2373046875
O95630	STAMBP	STAM-binding protein	O95630	STABP_HUMAN	2	2	2	2	2	2	2	2	2	2	2	2	2	2	2	2	2	2	2	2	2	2	2	2	1	2	2	2	2	2	2	6664.2880859375	4787.61474609375	6615.81494140625	6054.6552734375	6952.23291015625	5221.939453125	5830.90380859375	5860.92822265625	5065.73046875	5224.07275390625	4443.07080078125	4091.1435546875	5063.7041015625	4578.96142578125	5368.8173828125	4511.74853515625	4487.29248046875	4702.5791015625	3056.0322265625	4619.10107421875	5311.73974609375	4764.1748046875	5572.291015625	3724.47119140625	6584.51806640625	1373.289794921875	5816.21435546875	4305.052734375	4317.3212890625	5068.947265625	4987.455078125
O95747	OXSR1	Serine/threonine-protein kinase OSR1	O95747	OXSR1_HUMAN	8	8	8	8	8	8	7	8	8	8	8	8	8	8	8	8	8	7	7	8	8	8	8	7	7	8	8	7	8	8	8	101855	99542.7265625	97551.921875	100623.3203125	107616.5390625	101764.2265625	100410.484375	80991.1171875	79631.6640625	81816.859375	89115.59375	83428.2734375	87634.78125	86406.6328125	84663.1015625	85125.34375	82459.5703125	86437.453125	92640.140625	89481.875	93065.2890625	88953.5078125	75315.6953125	94899.3203125	90962.8984375	88004.4765625	88065.4765625	91598.0625	88327.75	90568.640625	88571.3359375
O95782	AP2A1	AP-2 complex subunit alpha-1	O95782	AP2A1_HUMAN	14	14	14	14	14	14	14	14	14	14	14	14	14	13	14	14	14	14	14	14	14	14	14	14	14	14	14	14	14	14	14	46074.83203125	47519.83203125	47125.84765625	47492.90234375	46245.125	49714.109375	46665.8828125	36896.94921875	35132.13671875	34695.3984375	36057.38671875	34250.44921875	35253.83984375	38198.64453125	29837.40234375	31636.814453125	25687.361328125	30439.173828125	31493.822265625	27981.294921875	27637.3828125	42001.20703125	36702.40625	38946.25	39139.23046875	37182.16015625	42174.625	38289.921875	37302	35243.6015625	38785.296875
O95810	CAVIN2	Caveolae-associated protein 2	O95810	CAVN2_HUMAN	14	13	14	14	13	14	14	14	14	14	14	14	14	14	14	14	14	14	14	14	14	14	14	14	14	14	14	14	14	14	14	53745.4140625	47775.6875	51823.46484375	54854.9453125	49055.6875	53889.6875	51524.1015625	64905.16015625	61849.72265625	67348	67851.15625	54915.8515625	55162.0390625	56620.52734375	70208.484375	65592.515625	67499.140625	70350.46875	66620.578125	67394.421875	64042.4296875	62775.28515625	57184.1328125	62454.3359375	59563.28515625	58355.3828125	53394.0703125	58635.140625	59542.73828125	58921.48046875	59975.671875
O95866	MPIG6B	Megakaryocyte and platelet inhibitory receptor G6b	O95866	G6B_HUMAN	1	1	1	1	1	1	1	1	1	1	1	1	1	1	1	1	1	1	1	1	1	1	1	1	1	1	1	1	1	1	1	3912.358154296875	4201.02685546875	5257.36279296875	3568.7216796875	5126.9013671875	4985.86865234375	3317.940673828125	6318.4775390625	4695.28076171875	4275.1318359375	7402.48828125	5575.9892578125	4809.50048828125	5451.5068359375	6425.93212890625	9360.208984375	6074.8212890625	7097.09521484375	5369.14990234375	9518.9951171875	21910.591796875	8745.41015625	9272.5908203125	7583.60107421875	10767.5078125	5433.8828125	6175.45703125	6923.5966796875	7771.369140625	5744.45849609375	7965.43505859375
O96007	MOCS2	Molybdopterin synthase catalytic subunit	O96007	MOC2B_HUMAN	1	0	1	0	1	0	1	1	1	1	1	1	1	1	1	1	0	1	0	1	1	1	0	1	1	1	0	1	0	1	0	5958.86669921875	NaN	5659.30224609375	NaN	7588.79833984375	NaN	6047.94140625	13290.9150390625	14815.29296875	13492.65625	19838.203125	16134.296875	14335.1669921875	14989.146484375	8730.947265625	8870.4755859375	NaN	11801.783203125	NaN	10384.1259765625	9455.56640625	12238.3955078125	NaN	20231.896484375	12909.8232421875	15701.5517578125	NaN	16452.94921875	NaN	12956.5126953125	NaN
P00001		concatemer	P00001	variant	68	73	73	71	72	70	72	81	84	80	81	82	80	82	74	76	83	79	74	82	77	71	70	72	72	70	71	73	96	98	95	898905.3125	842344.375	850521.75	890386.75	908534.8125	894483.125	856934.375	1583522.25	1648827.625	1740186.25	1697030.75	1769215.75	1641866	1639918.625	1280462.625	1276690.625	1248439.875	1257436	1299943.625	1268923.875	1296899.5	1530036.125	1277992.875	1560515.875	1486590.25	1574915.75	1506078	1532635.625	1253454.5	1225638.25	1261533.25
P00167	CYB5A	Cytochrome b5	P00167	CYB5_HUMAN	5	5	5	5	5	5	5	5	5	5	5	5	5	5	5	5	5	5	5	5	5	5	5	5	5	5	5	5	5	5	5	51771.64453125	50331.06640625	51166.6640625	50051.6015625	52392.34375	49631.125	50950.8203125	48127.3359375	44310.66015625	45432.28515625	43849.94140625	44882.26171875	45287	45352.3203125	59193.33203125	55286.76953125	57546.23828125	54981.67578125	56048.09375	59595.56640625	58705.7890625	52719.52734375	52899.2890625	48069.625	51205.26953125	51134.140625	49278.75390625	49303.98828125	48645.1640625	49570.83203125	51027.08984375
P00338	LDHA	L-lactate dehydrogenase A chain	P00338	LDHA_HUMAN	24	24	24	24	24	24	24	24	24	24	24	24	24	24	24	24	24	24	24	24	24	23	24	24	24	24	24	24	24	24	23	160698.28125	168640.78125	163180.390625	164417.1875	163775.046875	165665.03125	161365.03125	139073.859375	144043.234375	135631.90625	140802.078125	134759.25	137270.296875	146736.828125	133432.1875	137641.9375	137564.3125	142599.59375	142088.671875	141354.5	136708.84375	158599.328125	137929	152349.9375	150558.515625	149785.59375	159182.15625	154813.203125	147839.328125	144127.203125	141713.640625
P00352	ALDH1A1	Aldehyde dehydrogenase 1A1	P00352	AL1A1_HUMAN	43	44	44	44	44	42	44	44	44	43	44	43	44	42	44	44	44	44	44	44	44	42	44	40	44	43	44	43	44	44	44	394688.8125	410399.375	399096.875	406346.90625	388347.53125	401685.21875	393453.5625	367633.96875	373911.96875	371540.15625	385107.75	350990.0625	366807.21875	372726.875	367415.5625	377171.4375	365078.28125	373701.84375	362584.9375	368740.78125	370022.8125	320938.6875	313098.21875	321526.5625	322170.09375	305449.71875	320754.9375	309592.40625	355490.6875	354682.40625	363297.15625
P00387	CYB5R3	NADH-cytochrome b5 reductase 3	P00387	NB5R3_HUMAN	9	9	9	9	10	10	9	10	10	10	10	10	10	10	10	10	10	10	10	9	9	10	10	10	10	10	10	10	10	9	10	28170.1953125	30029.767578125	30743.921875	30377.1171875	31806.025390625	31398.15234375	30432.109375	46316.13671875	46844.41796875	48887.78125	48320.38671875	46641.8125	47934.73046875	46178.68359375	39339.36328125	39788.359375	39689.26171875	41153.234375	38157.203125	42172.76953125	36854.4609375	34294.328125	28817.966796875	34728.078125	33975.84375	37732.0234375	33669.265625	34880.84375	37025.90234375	38255.65625	38030.08203125
P00390	GSR	Glutathione reductase, mitochondrial	P00390	GSHR_HUMAN	18	19	20	20	18	18	17	19	19	20	20	20	19	20	19	18	20	19	18	19	19	18	18	18	18	19	19	20	18	20	20	70597.4453125	61721.2109375	59399.2734375	59609.1875	63364.234375	69021.6796875	61454.62890625	65527.84375	66341.578125	66186.578125	73599.0546875	68161.7734375	66569.1796875	67337.8203125	78966.4140625	68075.21875	74074.4765625	69657.8125	75121.1015625	70602.234375	76720.8203125	56138.86328125	46591.015625	55633.29296875	60733.171875	53982.0859375	54459.34765625	62456.8359375	63692.625	60922.828125	61940.3515625
P00403	MT-CO2	Cytochrome c oxidase subunit 2	P00403	COX2_HUMAN	1	1	0	1	1	0	1	1	1	1	1	1	1	1	1	0	1	1	0	1	1	1	1	1	1	1	1	1	1	1	1	8745.5966796875	11948.5888671875	NaN	7651.9404296875	11054.5419921875	NaN	8212.880859375	11098.15234375	9127.765625	9825.5419921875	12422.923828125	12970.775390625	9307.31640625	11707.62109375	14111.0498046875	NaN	17752.451171875	11685.78125	NaN	13754.4267578125	12201.99609375	13057.5166015625	10172.326171875	10508.5556640625	11496.1318359375	12923.7490234375	8939.091796875	9717.8125	11665.3681640625	12205.60546875	9021.8173828125
P00441	SOD1	Superoxide dismutase [Cu-Zn]	P00441	SODC_HUMAN	16	16	17	16	17	17	16	16	16	16	17	17	16	16	16	16	17	16	16	16	16	16	17	15	16	16	16	17	16	16	17	311609.5	246008.921875	236524.5	226602.375	257673.984375	282511.59375	261573.28125	234351.296875	219044.609375	197864.4375	224789.578125	280090.9375	228899.140625	233178.59375	321789.96875	244756.953125	291115.59375	241020.734375	278604.53125	258279.09375	298176.9375	288530.5	254093.234375	264764.09375	292751.03125	241382.96875	247094.890625	292014.5	263045.84375	262998.78125	263880.1875
P00450	CP	Ceruloplasmin	P00450	CERU_HUMAN	87	89	92	89	91	87	92	94	96	96	95	95	95	94	91	90	91	94	90	90	87	92	92	92	91	91	90	92	95	95	95	829774.8125	852411.75	867017.4375	863294.0625	822885.3125	842411.875	825930.875	2328617.75	2385335.75	2497026.75	2306902.25	2439388.5	2330105.5	2339490.5	1042375.875	1090817.625	1063309.75	1111010.25	1006783.5625	1044872.4375	1042846.625	1427012	1397775.375	1431788.625	1388908.625	1471786	1411141	1434088.625	1429968	1429716.875	1450202.375
P00488	F13A1	Coagulation factor XIII A chain	P00488	F13A_HUMAN	27	27	26	27	26	26	26	27	28	28	28	28	28	28	27	28	27	28	27	28	28	28	28	28	27	28	28	28	28	27	28	35883.390625	38929.84375	39269.84765625	38713.19140625	38668.640625	40465.29296875	35890.140625	51865.1328125	51644.03125	56898.953125	53158.09765625	54133.12890625	51666.76953125	54299.73828125	53129.859375	56858.4765625	53285.2734375	58985.37890625	57692.984375	58059.5	54895.9609375	51838.94921875	45859.7578125	53473.71484375	51005.5390625	59370.859375	51785.8125	55803.953125	48210.359375	50568.79296875	48467.20703125
P00491	PNP	Purine nucleoside phosphorylase	P00491	PNPH_HUMAN	30	30	30	29	30	29	29	30	30	30	30	29	30	30	29	29	30	30	30	29	30	30	29	30	29	30	30	30	29	30	29	479482.5625	504880.90625	497349.375	500849	488393.46875	509569.9375	491227.59375	428581.40625	436221.75	432042.8125	437578.65625	410328.09375	426953.65625	444458.25	429274.15625	459418.15625	425792.65625	462985.21875	454274.34375	443383.46875	441538.78125	431213.0625	396428.03125	404097.125	416094.875	416827.09375	437785.0625	405754.15625	436034.9375	432214	428913.90625
P00492	HPRT1	Hypoxanthine-guanine phosphoribosyltransferase	P00492	HPRT_HUMAN	15	15	15	15	15	15	15	15	15	15	14	15	14	15	15	14	15	15	15	15	14	15	15	14	15	14	15	14	15	15	15	102118.8125	104542.9765625	101207.9140625	102277.6640625	104056.8828125	103618.5	98356.6328125	92442.90625	91546.3125	86742.359375	89964.0546875	85059.8828125	92218.9375	93362.5546875	100421.8125	105782.8671875	103177.109375	99251.1796875	103686.40625	103377.265625	103376.03125	92912.6484375	96099.984375	98013.6640625	95637.203125	94881.84375	96059.40625	95002.4296875	94954.953125	94042.359375	96921.53125
P00558	PGK1	Phosphoglycerate kinase 1	P00558	PGK1_HUMAN	38	40	39	40	40	40	40	39	39	39	38	40	38	39	39	40	39	40	40	40	38	40	40	39	39	39	39	39	40	39	40	350492.71875	362178.25	364853.25	351075.4375	355749.6875	344005.09375	352527.46875	286293.0625	289745.34375	285232.96875	290445.625	275639.3125	295247.34375	283623.46875	313684.09375	306655.09375	319995.78125	311161.96875	313914.53125	303630.875	313777.40625	293692.375	303576.53125	300609.25	301610.125	288237.21875	293309.6875	296313.75	312838.125	303567.1875	301440.8125
P00568	AK1	Adenylate kinase isoenzyme 1	P00568	KAD1_HUMAN	24	24	24	24	24	24	24	24	24	24	23	23	24	23	24	24	24	24	22	24	23	23	24	23	24	23	23	23	24	24	23	469227.09375	476865.21875	482419.8125	481295.375	465676.5	486802.4375	481450.84375	496219.1875	491793.5	488815.8125	465882.875	476556.71875	473278.375	496618.28125	459772.03125	482434.40625	475091.28125	482363.3125	462076.3125	463755.46875	460883.21875	413062.28125	460520.875	394501.5625	424530.375	397751.875	408381.59375	388754.09375	448124.15625	457656.71875	465698.59375
P00734	F2	Prothrombin	P00734	THRB_HUMAN	52	50	50	49	50	48	51	52	52	52	52	52	52	52	52	52	52	51	52	51	52	52	52	50	51	52	52	52	52	52	52	1006614.0625	1069392.875	1060447.5	999027.5625	962575.8125	991024.625	1000504.0625	1442616.875	1459573.25	1557878.125	1525775.25	1576847.25	1464247.125	1534034.125	1296553.25	1303341.5	1346158.625	1287709.625	1327121.375	1326894.25	1339759.375	1255085.75	1352175.375	1363251.25	1265265	1364038	1299456.25	1332402.625	1283538.5	1281090.375	1310403.625
P00736	C1R	Complement C1r subcomponent	P00736	C1R_HUMAN	36	36	38	38	36	36	35	37	39	39	39	38	39	39	35	37	38	38	35	36	37	39	37	39	39	38	39	38	39	39	38	76255.9453125	81385.15625	78178.296875	76748.140625	75611.28125	78786.9453125	81663.3515625	105310.0703125	105078.2109375	110319.1953125	109523.71875	113823.78125	110178.2734375	113586.296875	75214.0703125	75268.40625	75971.796875	76211.7578125	80486.3203125	77338.875	73881.484375	99808	105204.0234375	102956.078125	100764.6328125	109369.4921875	103537.6875	106209.28125	91079.875	90360.6328125	90040.2265625
P00738	HP	Haptoglobin	P00738	HPT_HUMAN	86	91	83	86	89	89	86	98	98	98	98	98	98	96	96	95	96	97	96	98	98	92	92	90	91	90	90	93	97	99	98	1775454.625	1683765.25	1672604.375	1608505.5	1646862.625	1701921.75	1735900.25	6054039.5	6118076.5	6260876	6460804	6640050	6199201	6417105.5	5057193.5	4671384.5	5045168	4751314	4958766	4918116.5	5078424	5644363	5362744	6375034.5	6049842.5	6079648.5	6058003.5	6384677.5	4875252.5	4797563	4769972
P00739	HPR	Haptoglobin-related protein	P00739	HPTR_HUMAN	8	8	8	8	8	8	8	8	8	8	7	7	8	8	9	8	8	8	9	8	8	8	8	8	9	8	9	8	8	9	9	35948.71484375	37108.15234375	34788.11328125	36705.046875	33219.66015625	31685.740234375	30032.48046875	70005	70748.5625	76661.765625	79450.1875	79099.6953125	72615.5859375	79545.453125	66574.546875	65572.6484375	62521.9453125	63834.2109375	66780.390625	67370.46875	68641.7109375	86953.609375	70979.078125	97629.4765625	85014.234375	104399.9375	99109.953125	97968.375	72286.53125	64776.75390625	63443.93359375
P00740	F9	Coagulation factor IX	P00740	FA9_HUMAN	5	6	6	6	5	5	6	6	6	6	6	6	6	6	6	6	6	6	6	6	6	6	6	6	6	6	6	6	6	6	6	9073.72265625	10570.3017578125	9695.01171875	7959.78271484375	10956.1474609375	11442.5693359375	9708.990234375	19283.689453125	17307.486328125	16158.3134765625	16348.5634765625	18902.837890625	18140.55078125	20569.609375	12816.8916015625	13705.466796875	14843.443359375	13022.7998046875	13203.7294921875	14638.90625	13980.740234375	13859.8984375	12776.5869140625	15819.59375	12743.8154296875	14037.96484375	16283.5771484375	14472.5390625	13365.30859375	12890.6162109375	14138.919921875
P00742	F10	Coagulation factor X	P00742	FA10_HUMAN	10	10	10	10	10	11	10	10	10	11	10	10	10	10	10	10	10	10	10	10	10	10	10	9	10	10	10	10	10	10	10	58045.46875	56554.15625	59221.51171875	51110.44140625	49925.42578125	48039.3203125	53814.1640625	100703.9453125	99323.953125	102216.9921875	105886.453125	97941.1953125	95592.578125	101948.5625	72802.703125	72140.71875	69594.4765625	74910.09375	76003.125	71072.921875	74646.515625	75293.6796875	71941.625	69602.0625	75330.125	76741.1484375	74627.9375	75792.59375	73296.2734375	76428.2109375	76258.1796875
P00746	CFD	Complement factor D	P00746	CFAD_HUMAN	3	4	3	4	3	4	4	3	4	4	4	3	3	4	4	4	3	4	3	4	4	4	4	4	4	4	4	3	3	3	3	15447.98046875	14542.9443359375	17385.072265625	17178.203125	13845.267578125	14209.283203125	16214.4267578125	19118.82421875	22087.45703125	18374.572265625	18994.630859375	19569.373046875	18630.515625	20061.796875	20318.9609375	18839.421875	22392.576171875	18795.55859375	16748.69140625	19462.912109375	19229.447265625	18937.947265625	23202.072265625	19599.3125	20553.5546875	16316.2294921875	17284.244140625	21717.373046875	19557.341796875	21424.423828125	20048.20703125
P00747	PLG	Plasminogen	P00747	PLMN_HUMAN	78	78	77	79	78	77	76	80	80	80	80	80	80	80	79	79	81	80	80	79	80	81	79	81	80	80	80	80	81	81	79	420047.15625	431930.65625	440811.84375	415249.625	382480.0625	391347.21875	414668.375	820862.6875	801268.625	840007.625	863367.625	858460.5	794827.1875	882309.9375	619416.75	628276.1875	637771.125	607110.75	627566.0625	645555.5625	636694.875	609052.875	667207.5	651796.875	641597.125	676858.5625	673098.1875	669381	624272.1875	632199.25	627361.375
P00748	F12	Coagulation factor XII	P00748	FA12_HUMAN	26	25	26	25	24	25	24	26	27	26	27	27	27	27	25	25	25	26	25	24	24	25	25	26	25	24	25	26	27	26	26	111058.15625	118333.6640625	118711.5625	114750.7109375	104551.8203125	109124.46875	116223.921875	243355.375	247498	245117.546875	234403.59375	259083.734375	238785.21875	259203.1875	119315.5234375	118093.515625	129882.296875	114466.828125	123254.71875	124198.34375	120982.0546875	119744.515625	122437.9609375	123636.6953125	117367.5546875	125546.8203125	124342.5625	129173.875	151981.375	149019.578125	153666.046875
P00751	CFB	Complement factor B	P00751	CFAB_HUMAN	61	67	67	64	62	63	61	69	69	69	69	68	69	69	66	68	68	69	67	68	67	67	68	68	67	68	67	66	68	69	68	323554.96875	331169.625	333303.40625	325608.75	315046.28125	317925.84375	324044.96875	605662.5	605081.875	626120.75	615154.5625	631224.875	595473.1875	604095.9375	482403.28125	482053.28125	481367.5625	476968.25	473723.0625	487036.78125	481626.84375	563293.1875	605223.625	577053.5625	567068.8125	600682.8125	578086	591615.1875	498479.125	491057.8125	498225.34375
P00760		Cationic trypsin	P00760	TRY1_BOVIN	141	143	142	143	143	141	143	143	144	143	141	142	140	142	142	145	144	144	142	142	140	144	137	142	139	143	143	143	141	145	143	67932424	80053232	66793124	65367700	77660000	67260872	70476648	69236176	73162200	73743160	58853264	66773912	72302720	71672728	71951560	85612792	79949456	67172904	72325184	58312560	66515372	74159960	45661664	80736136	64899876	82749960	80104496	82478680	70018904	70590432	71495440
P00761		Trypsin	P00761	TRYP_PIG	3	3	3	3	3	3	3	3	3	3	3	3	3	3	3	3	3	3	3	3	3	3	3	3	3	3	3	3	3	3	3	66392.3359375	73206.1171875	65836.4375	67719.4765625	73251.328125	72181.75	73432.0234375	63535.3828125	69895.125	65783.5234375	50499.546875	66932.75	65850.8046875	69366.078125	73071.234375	70352.203125	74174.0546875	71601.6640625	72429.328125	61261.86328125	68967.1484375	73659.765625	48534.35546875	73909.28125	75737.8828125	76336.5859375	79375.75	77597.4140625	69239.1484375	69163.1953125	71151.8046875
P00813	ADA	Adenosine deaminase	P00813	ADA_HUMAN	6	6	6	6	6	6	5	5	4	4	3	4	4	4	6	6	6	6	6	5	6	4	6	5	6	4	4	4	5	6	6	15788.9794921875	18516.1484375	17696.244140625	16772.5390625	20322.97265625	16997.41015625	16423.359375	11147.8583984375	12417.2451171875	12710.248046875	14312.7099609375	13695.962890625	15918.4521484375	15065.416015625	21221.8828125	17800.396484375	18528.33203125	16822.890625	21113.283203125	19306.29296875	17267.533203125	16805.119140625	14232.7470703125	15294.33203125	17553.76171875	16581.7109375	18161.525390625	16781.666015625	15991.150390625	15397.84375	16269.041015625
P00915	CA1	Carbonic anhydrase 1	P00915	CAH1_HUMAN	153	151	153	153	156	153	153	155	152	153	151	154	150	153	153	152	151	153	152	151	153	154	156	152	152	152	152	153	153	153	154	15633535	14919479	15310159	15538506	16373933	16083174	15935004	15159082	14193916	13931815	14204649	14898828	14069931	14631916	15020474	14755513	14783744	14728975	15403693	15035843	15459043	16460644	14936967	15390627	16347767	15395186	15861801	15439301	14797483	14912363	15185612
P00918	CA2	Carbonic anhydrase 2	P00918	CAH2_HUMAN	84	84	85	86	86	85	84	83	84	84	83	86	83	82	82	84	86	85	84	81	81	84	85	82	82	84	85	83	86	87	86	2839619	2809118.75	2817005.5	2827882.75	2799651.5	2826757.75	2861122.5	2436410.25	2442110	2320392.75	2316621.75	2380362	2322763.75	2396886.25	2417059.75	2477743.25	2492723.25	2490337.25	2412153.5	2390982.25	2419933.75	2653693.25	2782544.5	2616161.75	2730334	2545083.25	2704926.75	2620793.75	2550539.25	2509071.5	2507504.5
P01008	SERPINC1	Antithrombin-III	P01008	ANT3_HUMAN	51	50	53	51	53	52	51	52	54	52	52	52	53	51	52	53	53	53	51	51	51	52	54	51	51	51	52	51	54	52	53	580038.3125	596851.625	578450.4375	583072.5	570876.25	578339	584273.6875	620192.9375	626196.0625	638441.6875	618688	655211.25	615687.125	607903.8125	651609.625	642353.375	650500.375	649733.3125	655185.625	644847.8125	657920.25	675821.5	726244.9375	711273	686999.0625	716471.375	686649.3125	710339.1875	641265.1875	644915.75	641671.625
P01009	SERPINA1	Alpha-1-antitrypsin	P01009	A1AT_HUMAN	131	134	136	134	137	134	133	137	138	138	137	137	137	135	135	133	134	132	131	130	134	137	139	134	134	133	134	134	138	139	138	5919724	5905255	5878238	5918089.5	5793081.5	5959451.5	5854092	9366585	9456927	9505745	9225443	10018896	9128088	9275706	5404984.5	5478076	5563395	5498523	5408277.5	5482523.5	5409179.5	7801092	8393339	8136719.5	7940194	8158651.5	7848838	8153665	7345120	7287043	7315045
P01011	SERPINA3	Alpha-1-antichymotrypsin	P01011	AACT_HUMAN	51	52	51	52	52	50	52	52	52	52	52	52	52	51	52	52	52	52	51	50	51	52	51	51	52	51	52	52	52	52	52	720354.9375	701727.8125	707165.625	720541.625	734758.25	726270.5	713365.5625	924388.4375	950313.3125	998636	952852.6875	1002323.9375	943636.5	948132.1875	783951	790752.375	789389.1875	790590.625	767661.8125	768620.4375	789490.75	1049017.5	1011426.375	1076470.25	1059765.375	1138488.5	1071111.125	1099509.375	908459.75	871157.875	871845.5625
P01019	AGT	Angiotensinogen	P01019	ANGT_HUMAN	25	27	27	28	25	26	27	32	32	32	32	32	32	32	26	27	29	26	26	27	25	28	27	27	25	24	25	26	29	29	29	204137.09375	193598.859375	197985.375	206062.359375	192501.15625	198712.234375	189052.21875	906226.8125	910184.875	924018.5	873442.0625	975890.0625	917621.9375	913033.0625	255016.234375	241266	253856.515625	243230.078125	238318.46875	252372.671875	247592.65625	223254.359375	230321.296875	246320.4375	230576.640625	247323.3125	235463.28125	244837.4375	413820	408353.6875	420252.8125
P01023	A2M	Alpha-2-macroglobulin	P01023	A2MG_HUMAN	220	224	224	225	222	224	223	222	223	220	220	223	221	221	220	219	220	222	218	220	219	219	220	220	220	220	219	219	222	223	224	3777636.75	3765444.25	3754654.75	3838024.25	3839031.5	3899883.25	3786043	2977654.5	3007941.5	3028987.5	2920394.75	3226704.75	3001206.75	3042105	2618482	2677509.5	2612078.75	2733014	2711807.5	2722623.25	2660886.25	3332854.25	2970433	3437553	3242737	3514512.5	3320473.5	3360546.75	3202461.5	3203039.5	3170828.25
P01024	C3	Complement C3	P01024	CO3_HUMAN	263	269	271	268	259	259	266	281	282	281	277	283	279	282	272	272	271	279	271	271	266	274	275	268	273	271	278	273	274	276	278	1838753	1836576.75	1858528.75	1856282.5	1835335.625	1872094.25	1861902.75	3482034.25	3493303.75	3618337.75	3343946	3665894.25	3438778.75	3483543.75	2440763	2496388.5	2445909.25	2534060.75	2424848.5	2493657	2447777	2894595.25	2843113.75	2970662.75	2854730.25	3081035.25	2925030.75	2964086.5	2705976.75	2679064.75	2687758.75
P01031	C5	Complement C5	P01031	CO5_HUMAN	75	74	77	76	73	73	69	79	79	80	81	81	80	79	77	79	78	80	77	79	77	80	78	79	80	81	80	80	79	80	79	116008.1953125	115115.484375	117953.2890625	121235.515625	122975.1953125	121883.796875	118260.3046875	209047.0625	202868.25	217520.6875	205560.546875	216400.78125	206781.953125	209931.96875	157141.984375	170333.6875	159284	170537.015625	170370.1875	168530.375	164053.21875	218581.09375	188802.859375	218725.203125	210462.59375	235025.078125	216600.65625	217887.515625	174923.890625	179554.46875	182056.03125
P01034	CST3	Cystatin-C	P01034	CYTC_HUMAN	1	1	1	1	1	1	1	1	1	1	1	1	1	1	1	1	1	1	1	1	1	1	1	1	1	1	1	1	1	1	1	24755.220703125	24188.548828125	25476.978515625	23725.140625	24669.75	23989.197265625	25377.982421875	26318.62890625	26465.830078125	27329.21875	30239.603515625	27829.767578125	27975.173828125	29783.1328125	23007.322265625	22958.1328125	21775.291015625	25953.501953125	24750.19140625	25187.857421875	25186.45703125	28591.849609375	26500.232421875	28447.15234375	26297.353515625	31046.662109375	26296.978515625	28473.162109375	26728.63671875	24907.767578125	25154.400390625
P01042	KNG1	Kininogen-1	P01042	KNG1_HUMAN	52	54	54	54	53	55	54	53	53	54	54	55	53	55	53	53	54	54	52	54	53	55	55	53	55	53	55	53	55	55	55	288695.5	309071	300890.9375	307190.0625	274114.75	285746.46875	296276.96875	529763.125	528581.3125	531936.5625	519537.5	526481.375	503252.1875	551953.875	231875.734375	239201	245223.890625	240134.890625	227128.34375	235744.265625	235668.65625	338647.96875	370472.53125	346187.15625	355524.4375	360493.375	357210.125	370378.625	340218.9375	353488.71875	348517.75
P01111	NRAS	GTPase NRas	P01111	RASN_HUMAN	5	5	5	5	5	5	5	5	5	5	5	5	5	5	5	5	5	5	5	5	5	5	4	5	5	5	5	5	5	5	5	27216.830078125	28025.912109375	26218.68359375	27843.369140625	28243.43359375	28937.849609375	26226.974609375	24990.158203125	23478.734375	22751.5078125	24639.234375	24772.416015625	25614.36328125	23512.8046875	22989.564453125	23884.83984375	25775.46484375	21697.46484375	24008.212890625	25700.1171875	26939.912109375	21158.705078125	20300.2265625	23868.189453125	23492.162109375	20906.603515625	23425.263671875	22227.232421875	22756.58984375	21779.62109375	23209.91796875
P01116	KRAS	GTPase KRas	P01116	RASK_HUMAN	2	2	2	2	2	2	2	2	2	2	2	2	1	2	2	2	2	2	2	2	2	2	2	2	2	1	2	1	2	2	2	7646.8759765625	13396.203125	15461.1787109375	15475.9765625	13606.6318359375	11795.7841796875	12109.1337890625	13365.67578125	5801.72900390625	10303.400390625	9806.072265625	8232.98046875	11188.044921875	10769.7900390625	13853.265625	14663.1923828125	12574.9716796875	14407.1259765625	12981.85546875	12720.390625	11918.7041015625	4657.66796875	10793.6279296875	8571.369140625	8604.79296875	10387.6845703125	7370.537109375	7993.9716796875	8338.17578125	12650.796875	11077.666015625
P01344	IGF2	Insulin-like growth factor II	P01344	IGF2_HUMAN	1	1	1	1	1	1	1	1	1	1	1	1	1	1	1	1	1	1	1	1	1	1	1	1	1	1	1	1	1	1	1	22141.55859375	17874.5078125	15263.1796875	17643.177734375	15321.1943359375	13723.3603515625	18162.1171875	20166.904296875	18048.31640625	20889.033203125	22266.04296875	21725.611328125	20798.0859375	21694.216796875	13475.205078125	18789.345703125	9812.5625	16850.115234375	11479.27734375	17526.115234375	11708.9970703125	14995.689453125	17470.259765625	15825.6474609375	15483.2216796875	18989.90234375	15231.6904296875	18189.27734375	21475.208984375	14875.267578125	13710.7041015625
P01591	JCHAIN	Immunoglobulin J chain	P01591	IGJ_HUMAN	8	9	9	9	8	8	8	9	9	9	9	9	8	9	9	9	9	9	9	9	8	9	9	9	9	9	9	9	9	9	9	267791.84375	260848.15625	264414	244351.46875	234310.453125	251261.625	261590.796875	314611.6875	310680.5625	309149.15625	303201.25	328367.625	305371	318531.5625	358606	335861.46875	340362.59375	343435.40625	343643.3125	343048.875	347948.78125	691214.1875	709054.375	695812.125	684277.1875	706777.5	678647.4375	737702.625	406386.59375	411710.1875	424228.65625
P01593;P01594	IGKV1D-33;IGKV1-33	Immunoglobulin kappa variable 1D-33;Immunoglobulin kappa variable 1-33	P01593;P01594	KVD33_HUMAN;KV133_HUMAN	7	8	8	7	7	8	6	8	8	8	8	8	8	8	8	8	8	8	7	8	7	7	7	8	7	8	8	8	8	8	8	107488.578125	91168.25	94763.5546875	86062.3828125	93338.671875	100028.7421875	98038.3671875	184673.5625	181213.703125	199674.8125	185274.6875	209446.8125	196979.28125	195814.484375	307894.75	292717.28125	304088.625	302260.15625	310311.9375	309835.15625	309038.15625	195991.671875	196319.140625	208925.46875	215801.21875	223045.1875	191500.84375	204858.53125	210601.421875	206825.9375	203096.828125
P01597;P04432	IGKV1-39;IGKV1D-39	Immunoglobulin kappa variable 1-39;Immunoglobulin kappa variable 1D-39	P01597;P04432	KV139_HUMAN;KVD39_HUMAN	7	7	7	7	7	7	7	8	8	8	7	8	8	8	7	7	7	7	7	7	7	7	7	7	7	8	7	7	8	8	8	22612.923828125	21834.564453125	22462.40234375	24177.01171875	21070.275390625	27156.46875	27437.888671875	46227.9140625	45206.66796875	34276.36328125	37636.609375	55012.58203125	41921.5234375	44696.05078125	69044.65625	57974.83984375	67142.6328125	61169.97265625	61387.4296875	66315.9296875	65619.7265625	46643.390625	48490.3203125	49451.1328125	48204.24609375	48037.4375	44940.61328125	49993.85546875	44496.50390625	48004.04296875	46574.71484375
P01601	IGKV1D-16	Immunoglobulin kappa variable 1D-16	P01601	KVD16_HUMAN	1	1	1	1	1	1	1	1	1	1	1	1	1	1	1	1	1	1	1	1	1	1	1	1	1	1	1	1	1	1	1	12483.865234375	16873.16796875	20967.94140625	21054.048828125	18264.94140625	27187.884765625	16037.0087890625	53576.1484375	34388.15625	37408.859375	42606.48046875	51380.4140625	37406.546875	48273.1328125	56424.54296875	56027.60546875	55240.1484375	49992.5	52597.1171875	51315.79296875	56447.80078125	34656.08203125	33146.7421875	26320.205078125	33822.06640625	31738.833984375	42646.64453125	28142.181640625	29495.7265625	41227.0078125	41764.75390625
P01602	IGKV1-5	Immunoglobulin kappa variable 1-5	P01602	KV105_HUMAN	6	6	5	6	5	6	6	5	6	6	5	6	6	6	6	6	6	6	6	6	6	6	6	4	6	5	6	5	6	6	6	530491	544063	494888.8125	486117.4375	497495.78125	506714.46875	510400.90625	582540.125	647656.8125	607874.1875	667713.1875	643767	660520.4375	683480	842166.6875	789649.5625	802871.1875	844255.875	821339.6875	878775.9375	840792.0625	601685	487724.8125	730026.75	609345.0625	699721.5625	648422.3125	733637.25	683285.6875	666444.4375	640929
P01619	IGKV3-20	Immunoglobulin kappa variable 3-20	P01619	KV320_HUMAN	9	10	10	12	10	11	10	16	15	15	15	15	14	14	15	15	15	15	15	15	15	15	15	16	15	15	15	16	16	15	16	1091543	1034761.625	1066369.25	1027979.75	1050548.625	1059884.625	1159012	2145953.5	2221321.25	2310799.5	2320352	2374036	2264785.5	2376665.75	3365648	3250847.25	3352398.5	3506513	3517267.75	3485625	3302844.75	2356743.75	2256192.25	2610748.75	2483737.5	2591049	2463243.75	2490552	2329731.75	2243980.25	2223739
P01624	IGKV3-15	Immunoglobulin kappa variable 3-15	P01624	KV315_HUMAN	13	13	13	13	14	13	13	14	14	14	14	15	15	14	15	15	15	15	15	15	15	15	14	14	14	15	15	15	15	15	15	321277.90625	319944.53125	318611.34375	334715.15625	342084.46875	342967.15625	312859.5625	695852.25	685729.625	686665.5625	630803.6875	746293.375	653096.125	680209.4375	780513.75	734414	758058	751267.25	720593.875	752114.5	770584.75	797685.0625	823904.5	819863.25	812590.625	858939.0625	800117.25	838022.875	652243.625	655845.8125	680553.0625
P01699	IGLV1-44	Immunoglobulin lambda variable 1-44	P01699	LV144_HUMAN	8	8	8	8	8	7	8	8	8	8	8	8	8	8	8	8	8	8	8	8	8	8	8	8	8	8	8	8	8	8	8	30304.453125	30250.775390625	29282.833984375	35457.6875	31977.662109375	30620.8671875	31438.33984375	60210.76953125	56242.65234375	48607.9765625	45874.12109375	60575.52734375	47729.53125	54794.1171875	66049.1484375	64012.828125	64213.1796875	67894.0078125	60077.2265625	65499.44921875	65506.35546875	65710.53125	75455.609375	66576.171875	63617.3671875	63791.6953125	61358.390625	64833.8359375	53868.2265625	58619.68359375	55862.47265625
P01700	IGLV1-47	Immunoglobulin lambda variable 1-47	P01700	LV147_HUMAN	2	2	2	3	2	2	2	3	3	3	3	3	3	3	2	2	3	2	2	2	2	2	2	2	2	2	2	2	3	3	2	148189.328125	164732.90625	148874.296875	150442.09375	142212.0625	158562.859375	150740.453125	250307.296875	280803.96875	276237.9375	244749.234375	293025.5	258831.25	268200.3125	340337.59375	335990.5625	324510.78125	312575.53125	322681.75	339363.28125	300803.75	304253.53125	324542.65625	333459.46875	314326.5625	313274.25	323856.65625	315348.21875	270550.59375	257031.53125	287396.09375
P01701	IGLV1-51	Immunoglobulin lambda variable 1-51	P01701	LV151_HUMAN	8	8	8	9	8	8	8	8	9	9	9	9	9	9	9	8	8	9	8	8	8	9	9	9	9	9	9	9	9	9	9	44638.87890625	43537.76171875	44819.2421875	43318.69140625	39355.109375	45676.9375	46137.3125	62000.91796875	64770.76953125	62494.73046875	62711.87109375	72681.96875	60026.21484375	58901.19921875	82935.203125	85610.1640625	84645.4296875	87167.140625	84816.4453125	83472.2734375	83721.09375	76351.671875	84826.9375	80367.1328125	86510.609375	79630.3046875	80677.6953125	85358.0859375	71927.0625	76862.734375	72373.8828125
P01703	IGLV1-40	Immunoglobulin lambda variable 1-40	P01703	LV140_HUMAN	15	15	17	15	14	15	16	16	17	16	16	16	16	17	18	18	18	18	18	18	18	17	18	18	18	18	18	18	18	18	17	30868.001953125	32682.427734375	32809.65234375	30231.99609375	32129.666015625	34073.80078125	35125.859375	47809.9296875	48064	50738.91796875	46237.51953125	57958.78515625	45464.69921875	49907.40234375	58375.96484375	59619.49609375	60746.49609375	60079.109375	57037.83203125	57482.15234375	64073.7890625	56528.671875	59182.0546875	53734.28515625	55375.87890625	56695.453125	54496.86328125	58036.9453125	50521.53125	48396.3515625	46878.57421875
P01704	IGLV2-14	Immunoglobulin lambda variable 2-14	P01704	LV214_HUMAN	0	0	0	1	0	0	0	2	2	2	2	2	2	2	0	1	1	0	0	1	2	0	1	0	1	1	1	1	2	2	2	NaN	NaN	NaN	2791.08984375	NaN	NaN	NaN	102262.796875	98526.125	91317.7578125	89099.5234375	97450.171875	90402	98933.0859375	NaN	6571.85791015625	9102.720703125	NaN	NaN	8661.796875	7446.31298828125	NaN	4321.53466796875	NaN	4327.5546875	6915.16650390625	3259.60302734375	4499.802734375	38829.22265625	29919.3046875	30787.8046875
P01705	IGLV2-23	Immunoglobulin lambda variable 2-23	P01705	LV223_HUMAN	0	0	0	0	0	0	0	2	2	2	2	2	2	2	2	2	2	2	2	2	2	0	0	0	0	0	0	0	2	2	2	NaN	NaN	NaN	NaN	NaN	NaN	NaN	12793.8662109375	16417.560546875	14128.83984375	13413.94921875	14983.279296875	15689.8271484375	14646.296875	47237.015625	45612.03515625	41206.55859375	49186.140625	50002.453125	49394.01171875	47568.8515625	NaN	NaN	NaN	NaN	NaN	NaN	NaN	21720.083984375	21283.61328125	19524.591796875
P01706	IGLV2-11	Immunoglobulin lambda variable 2-11	P01706	LV211_HUMAN	9	9	8	8	7	8	8	9	9	10	9	9	8	8	10	10	10	10	9	9	9	8	9	8	8	9	9	9	9	9	10	14570.080078125	13724.58984375	12921.1953125	14527.5859375	13466.2490234375	15338.3076171875	14966.70703125	32378.640625	31511.939453125	30575.435546875	27189.900390625	33521.1640625	28328.169921875	30757.498046875	34920.1484375	30503.673828125	33912.99609375	32413.599609375	33352.734375	33206.76171875	34149.83203125	28582.3515625	27629.89453125	30129.259765625	26614.8125	29442.482421875	31818.0625	33151.1484375	28851.068359375	26727.59765625	28160.302734375
P01709	IGLV2-8	Immunoglobulin lambda variable 2-8	P01709	LV208_HUMAN	2	2	2	2	2	2	2	2	2	2	2	2	2	2	2	2	2	2	2	2	2	1	2	2	2	2	2	2	2	2	2	28972.666015625	25190.74609375	26725.765625	26409.0703125	26780.939453125	29473.759765625	27994.974609375	61306.609375	61855.70703125	65824.1484375	59757.18359375	71743.5234375	64457.33984375	60227.61328125	35139.6015625	28038.21875	31993.2265625	30566.162109375	30432.046875	31097.255859375	33316.29296875	50481.796875	54958.66796875	56706.72265625	64079.39453125	62774.5	60919.08203125	58894.6328125	47057.1640625	39641.67578125	49170.4375
P01714	IGLV3-19	Immunoglobulin lambda variable 3-19	P01714	LV319_HUMAN	7	7	7	6	7	7	6	6	6	6	6	6	6	6	8	9	9	9	9	9	9	9	9	10	9	9	10	10	9	9	9	72892.1796875	72085.5	81153.5234375	72971.171875	80766.1796875	77573.9765625	75158.15625	158559.484375	157339.375	170639.828125	135032.71875	191267.984375	176261.03125	180996.359375	167775.203125	165612.828125	160056.734375	160474.0625	177948.234375	170163.359375	165534.5	233593.671875	184036.84375	241872.578125	228161.5	233478.015625	228186.265625	236244.9375	168912.625	157492.8125	179012.515625
P01717	IGLV3-25	Immunoglobulin lambda variable 3-25	P01717	LV325_HUMAN	8	9	8	9	7	8	9	9	10	9	9	10	9	9	9	9	9	9	9	9	10	10	10	10	10	10	10	10	10	10	10	179548.1875	185360.84375	188102.328125	159835.25	175828.109375	177852.453125	179168.796875	210367.40625	229278.5	230414.375	210472.28125	239368.6875	239459.390625	234623.96875	251799.328125	257552.234375	249453.046875	250518.53125	260223.171875	252583.078125	268489.5	301477.65625	283405.5625	311510.90625	308189.4375	313803.59375	302330.46875	324098.75	243223.28125	253295.53125	256041.21875
P01718	IGLV3-27	Immunoglobulin lambda variable 3-27	P01718	LV327_HUMAN	3	3	3	4	3	3	4	3	3	4	4	4	3	3	3	4	4	4	4	4	4	4	4	4	3	3	3	3	3	4	3	42388.03515625	41883.96875	44924.30078125	42380.859375	40420.83203125	43695.1484375	39816.1015625	46976.40234375	36338.328125	44837.25390625	45705.90234375	43730.73046875	46041.33984375	45209.63671875	61322.25390625	60149.421875	62767.390625	62796.05078125	62638.4921875	63740.796875	59390.94140625	67959.9921875	72000.3984375	74984.3671875	62143.9140625	58351.00390625	64142.8671875	64854.49609375	57375.078125	46875.01953125	55009.1171875
P01721	IGLV6-57	Immunoglobulin lambda variable 6-57	P01721	LV657_HUMAN	8	8	9	9	7	7	7	8	8	9	8	8	8	10	10	10	10	10	10	10	10	10	9	10	9	9	10	10	10	10	10	49244.3203125	49820.875	46587.06640625	47383.453125	50315.76171875	46109.3515625	47770.5078125	52377.625	55064.62109375	54620.65625	53713.5	53655.83203125	49959.76953125	48285.77734375	147593.578125	148375.34375	154487.34375	155266.171875	140104.53125	147440.96875	146845.453125	97562.8125	107963.703125	97930.0703125	101175.6875	104880.359375	101740.7421875	109899.3828125	92163.8203125	89874.21875	89922.84375
P01743	IGHV1-46	Immunoglobulin heavy variable 1-46	P01743	HV146_HUMAN	2	2	2	2	2	1	2	2	2	2	2	2	2	2	2	2	2	2	2	2	2	2	2	2	2	2	2	2	2	2	2	23981.966796875	19258.712890625	18961.576171875	16848.6015625	21667.888671875	18067.09765625	18426.642578125	37141.65234375	36869.24609375	42197.84765625	34563.0234375	40536.59375	36839.66796875	34687.1640625	46722.91015625	53302.484375	44744.47265625	47486.91796875	49562.91796875	41866.9375	41550.96484375	30673.724609375	20042.57421875	31511.763671875	31117.75	37246.625	33156.1015625	37114.85546875	34029.2421875	31629.025390625	35772.44140625
P01762	IGHV3-11	Immunoglobulin heavy variable 3-11	P01762	HV311_HUMAN	1	1	1	1	1	1	1	2	2	2	2	2	2	2	2	2	2	2	2	2	2	2	2	2	2	2	2	2	2	2	2	2108.76416015625	2742.375732421875	1260.720947265625	3791.33740234375	3690.284423828125	2368.69775390625	2678.01953125	5734.29052734375	5617.2822265625	10119.4013671875	7998.12548828125	8635.705078125	7929.17578125	7968.07275390625	10157.779296875	10076.5224609375	14451.49609375	14324.6142578125	11780.509765625	14155.4267578125	12272.1591796875	5264.60595703125	3456.601806640625	4970.7333984375	4594.48291015625	4128.0869140625	3157.6728515625	3877.543701171875	5534.48193359375	7886.6884765625	7633.33349609375
P01763	IGHV3-48	Immunoglobulin heavy variable 3-48	P01763	HV348_HUMAN	2	1	2	1	2	2	1	2	2	2	2	2	1	2	2	1	2	1	2	2	2	2	2	2	2	2	2	2	2	2	1	14781.1708984375	15425.5673828125	15087.5107421875	19374.41796875	16281.974609375	15698.4501953125	17073.326171875	19360.4140625	23399.14453125	20561.701171875	16037.6455078125	21351.2109375	21774.65625	20817.361328125	22805.29296875	22964.83984375	22503.990234375	25655.34765625	23102.283203125	26292.259765625	21342.865234375	27227.49609375	21584.1640625	29923.607421875	19848.078125	34450.98046875	30705.51171875	31101.25390625	21075.951171875	21854.18359375	20332.794921875
P01764	IGHV3-23	Immunoglobulin heavy variable 3-23	P01764	HV323_HUMAN	20	20	21	19	19	17	19	19	20	19	19	20	20	20	20	20	20	20	20	20	20	21	21	20	20	20	20	21	21	20	21	974087.3125	1004160.5625	996486.375	996716.8125	1000409.625	996572.3125	1011339.9375	2060126.625	2068892.875	2110745.5	2000570.875	2173569	1963947.875	2088195.25	1994181.375	1984933.5	1952119.75	2089966.75	1967044.375	1956412.875	1971065.375	1812845	1793281.5	1827022.25	1886535.375	2006692.25	1867295.125	1893772.125	1734561.625	1744350.5	1704900.375
P01766	IGHV3-13	Immunoglobulin heavy variable 3-13	P01766	HV313_HUMAN	1	1	2	1	1	2	1	2	2	2	2	1	2	2	2	2	2	2	2	2	2	2	2	2	2	2	2	2	2	2	2	12136.021484375	13371.9462890625	7290.0185546875	11826.0244140625	12457.6328125	12829.806640625	11150.4736328125	10591.5732421875	11404.169921875	12042.2568359375	11964.712890625	12083.9736328125	11310.2412109375	15388.0029296875	26914.669921875	22398.021484375	26793.14453125	28407.369140625	27313.3671875	25024.646484375	23773.83984375	22695.392578125	20187.625	21601.97265625	25524.21484375	25438.23046875	19359.48828125	24933.98828125	18652.193359375	18090.876953125	15763.3525390625
P01767	IGHV3-53	Immunoglobulin heavy variable 3-53	P01767	HV353_HUMAN	2	3	3	2	2	2	2	4	4	3	3	3	3	4	3	3	3	3	3	3	3	2	2	2	2	2	2	3	3	3	3	27699.423828125	23601.08984375	25450.40625	30331.193359375	29214.328125	26468.2265625	27836.724609375	40638.54296875	45561.34375	75831.0625	69172.46875	67114.421875	69275.2890625	47579.81640625	44111.41015625	43524.9609375	52081.48828125	52724.62109375	54560.14453125	54199.28125	55505.0234375	36321.1796875	28036.65234375	39320.5859375	37388.94140625	39070.578125	38305.07421875	23173.8828125	36875.2109375	40390.9296875	34792.69140625
P01768;P0DP03	IGHV3-30;IGHV3-30-5	Immunoglobulin heavy variable 3-30;Immunoglobulin heavy variable 3-30-5	P01768;P0DP03	HV330_HUMAN;HVC05_HUMAN	6	6	6	6	4	5	6	6	6	6	6	6	6	6	6	5	5	6	5	6	5	6	6	6	6	6	6	6	6	6	6	27209.263671875	22085.88671875	28785.08203125	28061.6875	24090.38671875	25015.484375	21613.009765625	71278.1796875	70170.4921875	68836.2265625	64893.38671875	64225.65625	65477.2890625	58682.50390625	53508.92578125	53672.796875	60240.41015625	47315.76171875	44674.3125	49449.046875	39630.609375	53242.4296875	65759.71875	59586.140625	54658.26953125	46164.1328125	46049.96484375	53063.23828125	46672.140625	44882.79296875	50637.375
P01780	IGHV3-7	Immunoglobulin heavy variable 3-7	P01780	HV307_HUMAN	4	5	5	6	5	6	5	6	6	6	6	6	5	5	6	5	6	6	6	5	5	5	6	5	5	5	6	5	5	6	6	78103.671875	69732.8046875	75041.6640625	76991.5703125	80748.7578125	78454.296875	73364.4921875	139756.375	143248.8125	150222.921875	147284.09375	150555.75	151789.71875	148353.09375	127488.8515625	131112.640625	125206.0390625	132599.734375	140164.03125	136081.6875	133281.484375	117790.296875	107841.4453125	126334.6015625	123475.09375	125918.84375	117858.5	127564.4140625	119081.8828125	122951.6328125	120165.8984375
P01782	IGHV3-9	Immunoglobulin heavy variable 3-9	P01782	HV309_HUMAN	9	9	9	9	9	9	9	9	9	9	9	9	9	9	6	8	8	8	8	7	7	9	9	10	10	10	10	10	9	9	9	396401.84375	399326.78125	422004.71875	397264.75	388333.28125	418120.40625	408115.40625	503884.9375	507070.9375	517228.75	507119.125	526050.3125	479350	524290	242913.140625	199292.03125	223408.984375	229906.15625	184352.359375	206281.8125	208947.328125	455290.46875	425819.3125	449231.21875	403734.59375	483180.03125	478227.875	449703.75	396665.4375	423178.6875	422849.53125
P01814	IGHV2-70	Immunoglobulin heavy variable 2-70	P01814	HV270_HUMAN	2	2	2	3	2	2	3	1	2	2	1	2	2	1	2	3	3	3	3	3	3	3	3	3	3	3	3	3	3	3	3	5191.3291015625	9440.958984375	10322.6083984375	2591.206787109375	20331.90625	2218.48095703125	3645.80615234375	8680.5849609375	11044.072265625	1602.1136474609375	10755.0732421875	13861.2197265625	1287.6046142578125	8192.189453125	5092.56201171875	3896.943603515625	3520.42822265625	4015.3408203125	3928.207763671875	7462.77392578125	7449.8564453125	10526.666015625	2541.236083984375	10959.171875	11784.046875	10235.2041015625	10687.7421875	11067.4287109375	8310.208984375	9301.822265625	7739.72412109375
P01833	PIGR	Polymeric immunoglobulin receptor	P01833	PIGR_HUMAN	0	1	1	1	1	1	0	1	1	1	1	1	1	1	1	1	1	1	1	1	1	1	1	1	1	1	1	1	1	1	1	NaN	384.9087829589844	309.65655517578125	1090.909912109375	909.50390625	815.1929321289062	NaN	3629.880126953125	2930.22265625	3239.55615234375	3688.2822265625	3558.222412109375	4200.05712890625	4348.0947265625	2883.554931640625	1167.6129150390625	1613.644775390625	1839.695068359375	1724.74951171875	3089.156494140625	2218.9990234375	3255.304931640625	3419.65869140625	5409.916015625	3428.46826171875	4153.84423828125	4305.77685546875	4534.3046875	2514.16064453125	2666.06787109375	3007.0322265625
P01834	IGKC	Immunoglobulin kappa constant	P01834	IGKC_HUMAN	31	28	30	30	30	31	30	27	28	29	28	29	30	28	32	32	32	32	32	32	32	32	32	31	32	32	32	32	32	32	32	5290395	5098643	5359420.5	5332553.5	5900194.5	5489607	5376086	12636446	12596208	13129171	12248980	13864358	12447771	12247040	14070646	13509263	13617665	13309715	13532241	13476456	14008682	11326693	12064613	12214622	12194237	12347403	11468244	12001636	10749253	11204130	11442155
P01857	IGHG1	Immunoglobulin heavy constant gamma 1	P01857	IGHG1_HUMAN	88	85	88	88	88	92	90	99	99	99	98	99	99	99	99	99	98	99	99	99	99	93	93	92	92	91	93	92	99	99	98	7605546.5	7040517	7251042	6834018	6734812	7584636.5	7016670	13556820	13191303	12472803	12358619	14189893	12328441	13755768	16750066	14979408	16070151	15833876	15919574	16169350	16607081	12945746	13687185	12983348	13175664	12836062	12886552	13839521	12550907	12503554	12636965
P01859	IGHG2	Immunoglobulin heavy constant gamma 2	P01859	IGHG2_HUMAN	35	35	35	37	34	34	34	41	42	42	42	41	39	41	40	41	42	41	41	41	41	38	37	36	36	38	38	39	42	41	41	3360709	3224177.75	3230644	3058657.25	3090701.5	3245663.5	3215505	10253366	10266742	9780001	9371293	10763427	9444543	10714224	11682979	11376213	11512354	11676252	12129214	11687344	11799569	5075981.5	4994127.5	5469582	4893194	5196984.5	5066224.5	5384963.5	7711978	7818267	7599573.5
P01860	IGHG3	Immunoglobulin heavy constant gamma 3	P01860	IGHG3_HUMAN	13	12	12	13	13	13	13	13	13	13	13	13	13	13	12	13	13	13	13	13	13	12	13	13	13	13	13	13	13	13	13	369635.5625	334340.6875	344445.59375	341563.75	308635.125	316368.9375	357469.90625	536635.75	525893.1875	516362.21875	539100.875	568672.875	506369	563222.125	874062.875	824397.1875	828108.625	758839	841465.375	879675.1875	906656.875	1027796.5625	1106101.25	991448.8125	1006237.8125	1078841.5	1044857.5	1031385.875	651712.625	703533.375	682513.375
P01861	IGHG4	Immunoglobulin heavy constant gamma 4	P01861	IGHG4_HUMAN	13	14	13	15	15	14	15	17	17	16	16	17	17	17	17	17	17	17	17	17	17	17	17	17	17	15	17	17	17	17	17	26848.5703125	24883.017578125	22059.857421875	24430.6015625	24824.05078125	29484.259765625	21467.103515625	681125	694581.3125	704934.125	647361.4375	729959.0625	647112.875	720314.9375	642657.375	651050.4375	614428.25	634329.6875	651839.9375	662994.625	620164.625	200924.390625	220028.765625	215970.890625	222014.671875	228848.78125	216168.15625	210747.703125	407826.78125	417741.96875	413554.96875
P01871	IGHM	Immunoglobulin heavy constant mu	P01871	IGHM_HUMAN	51	52	48	51	51	49	48	53	55	53	53	55	52	54	53	55	54	54	55	54	55	56	56	53	55	55	55	55	56	56	55	886693.625	865407.875	883467.1875	857911.625	841439.75	876477.25	871028.9375	1060007.625	1066861	1063249.25	1029208	1134083.625	1041166.6875	1057281.25	1363392.375	1353666.5	1387093.625	1388645.25	1351595.75	1351068.25	1367737.125	1699762.75	1765531.125	1721910.25	1647711.25	1738722.875	1664897.125	1729273.5	1252698.875	1251231.125	1271965.625
P01876	IGHA1	Immunoglobulin heavy constant alpha 1	P01876	IGHA1_HUMAN	16	19	17	17	19	19	21	25	26	26	27	25	26	27	21	20	21	21	23	22	22	28	27	28	28	28	28	28	27	27	26	1610213.875	1636338.875	1598600.625	1489682.25	1550304.125	1495625.625	1467154.75	3899958.75	4056933	4204959.5	4187107.5	4355560	3996786	4204300	2056855.5	2039523.5	2056119	2060362.875	2087400	2119666	2098113	6937977	7215203.5	7525344.5	7015130.5	7386727	7244439.5	7446153.5	3730442.25	3819068	3811104.25
P01877	IGHA2	Immunoglobulin heavy constant alpha 2	P01877	IGHA2_HUMAN	22	23	23	25	26	27	25	28	27	28	27	27	27	28	27	26	29	28	26	27	26	29	30	27	27	28	26	28	30	29	29	1523109.75	1405124.875	1490374.25	1479811	1428873.5	1461174.375	1409053.75	3440587.25	3562531.5	3530360.5	3547726	3828438.5	3538563.75	3570605.5	1876280.75	1790785.75	1823249	1814524.625	1863502.875	1912029.25	1862290.375	5766542	5700598	6109732	5887682	6092281.5	5718627.5	6205007	3350130.75	3272367	3234321.75
P01880	IGHD	Immunoglobulin heavy constant delta	P01880	IGHD_HUMAN	12	11	13	13	13	10	12	15	15	16	15	15	15	15	16	16	16	16	16	16	16	2	1	5	3	6	3	3	16	16	16	56699.83984375	51805.41015625	53893.12109375	44018.80078125	54891.47265625	57377.8125	38727.125	177515.28125	182535.40625	189575.484375	179039.359375	184971.234375	170630.0625	176099.65625	249182.40625	268479.5	259502.96875	262169.53125	244274.4375	254728.796875	247019.46875	13876.994140625	13391.775390625	30536.033203125	4591.0712890625	19361.25390625	13662.97265625	17819.150390625	108665.125	135103.09375	132115.953125
P01889	HLA-B	HLA class I histocompatibility antigen, B alpha chain	P01889	HLAB_HUMAN	1	2	2	2	2	2	2	2	2	2	2	2	2	2	2	2	2	2	2	2	2	2	2	2	2	2	2	2	2	2	2	21589.994140625	14570.150390625	16200.9140625	17092.048828125	16861.37109375	16070.4072265625	14493.703125	11222.0322265625	14532.181640625	13892.84375	13898.958984375	11479.1162109375	13411.6513671875	12849.3388671875	26751.396484375	24342.578125	24821.962890625	25362.84375	26835.306640625	26533.275390625	23112.984375	24071.609375	24094.005859375	23073.505859375	22144.423828125	22097.67578125	22939.109375	23241.73828125	19659.775390625	22216.685546875	20116.67578125
P02008	HBZ	Hemoglobin subunit zeta	P02008	HBAZ_HUMAN	6	7	8	7	6	8	7	14	13	12	14	13	15	14	15	15	15	15	15	14	14	8	7	9	8	5	6	10	14	13	14	7798.26904296875	8858.01953125	8185.27197265625	6388.52587890625	10418.578125	8732.3359375	8456.8564453125	79039.1640625	77491.453125	69950.734375	61957.3203125	74731	72396.8984375	77727.1875	111007.453125	105894.6953125	114006.3046875	103607.703125	110014.1328125	112127.0390625	111736.484375	7279.63720703125	9550.9775390625	7769.0634765625	8674.943359375	6086.830078125	8551.1728515625	7574.63037109375	52208.05078125	53986.921875	54222.56640625
P02042	HBD	Hemoglobin subunit delta	P02042	HBD_HUMAN	183	186	185	184	182	185	184	184	184	183	184	183	183	184	184	184	184	183	185	185	184	185	184	183	184	185	183	185	184	185	185	126883872	127018080	129466760	133708176	131865960	133254768	133844048	110244472	107297048	101166184	97670968	108522864	102658136	105689424	117317880	119974680	118168472	119208232	123117560	121671696	118553672	117872360	129765112	107949880	113196576	113084552	114493432	103955704	112162984	115829264	119077480
P02100	HBE1	Hemoglobin subunit epsilon	P02100	HBE_HUMAN	2	2	2	2	2	2	2	2	2	2	2	2	2	1	2	2	2	2	2	2	2	2	2	1	2	1	2	2	2	2	2	20652.333984375	23816.275390625	24798.9765625	18301.287109375	15487.1611328125	24019.81640625	19700.357421875	19375.84765625	22805.962890625	18412.001953125	11977.2890625	17947.802734375	19589.421875	13272.8701171875	18954.95703125	19188.87890625	21595.4140625	17002.3828125	16624.890625	15110.8623046875	17337.638671875	14880.2763671875	25844.953125	6938.19287109375	12772.7109375	7478.7265625	16304.4560546875	16459.91015625	20101.865234375	21058.6875	13158.705078125
P02549	SPTA1	Spectrin alpha chain, erythrocytic 1	P02549	SPTA1_HUMAN	303	307	309	309	310	309	305	303	311	304	306	312	303	305	303	304	308	308	301	299	304	305	310	301	301	303	303	296	312	313	312	1072148.625	1069124.625	1067439	1057622.875	1047640.125	1063756.25	1064613.375	885263.25	874114.6875	882996.9375	893788.75	860142.875	885491.625	878133.625	922544.9375	919481.625	924245.75	919920.1875	914915.125	911980.5	919045.6875	858177	915684.625	850604.3125	874907.3125	832724.75	865444	854540.125	907889	907191.1875	907491.5625
P02647	APOA1	Apolipoprotein A-I	P02647	APOA1_HUMAN	125	124	125	124	123	124	122	128	128	126	129	128	126	124	125	123	127	123	121	124	123	130	127	123	125	125	123	124	127	127	126	7254656	7545034	7569772.5	7376194	7293916	7466330	7305076.5	11343524	11703041	12422145	11784033	11949352	11554877	11296707	7962478	8169947.5	7990083.5	8153419	7740629	7859325.5	8034233.5	9237377	9985672	9150916	9108034	9321799	8994603	9445816	9204582	9193489	9163093
P02649	APOE	Apolipoprotein E	P02649	APOE_HUMAN	29	30	30	30	31	30	30	31	31	31	30	31	30	31	30	31	31	30	31	30	31	30	31	28	30	30	30	30	31	31	31	275517.40625	290660.5625	280129.46875	275430.3125	266939.28125	278828.875	272756.59375	471897.40625	487718.15625	516993.53125	492293.25	485379.4375	484514.5625	472451.25	488575.40625	500899.8125	490205.78125	507762.34375	477499.875	501015.84375	481942.03125	332229.75	359345.46875	337876.15625	329029.875	337599.75	332402.15625	340131.5625	403556.125	396961.0625	395184.28125
P02652	APOA2	Apolipoprotein A-II	P02652	APOA2_HUMAN	17	18	17	17	17	17	17	18	18	18	18	17	18	18	17	18	18	18	18	18	18	18	17	18	18	18	18	18	18	18	18	1853712.75	2060433.625	1911625.625	1793839.75	1807388.5	1871354.75	1770610.75	2703902.75	2800273.25	2953863.5	2624592.25	2850533.75	2682434.5	2829449.75	2474853.75	2570519	2511001.25	2655425	2492263.75	2454960.5	2303134	2380984.25	2771326.5	2620310.5	2364357.25	2440077.75	2412984	2487434.75	2612228.75	2286361.5	2528096.75
P02654	APOC1	Apolipoprotein C-I	P02654	APOC1_HUMAN	15	15	15	15	15	15	15	15	15	15	15	15	15	15	15	15	15	15	15	15	15	15	14	15	15	15	15	15	15	15	15	618251.875	614540.5	642558.875	625134.3125	556145.25	612278.8125	608648.1875	910614.375	915785.5	953265.625	846093.5625	842187.6875	831139.3125	852475.5625	775894.875	800213.25	801324	794324.0625	647184.375	705546.625	711988.0625	698592.375	904619.5625	606119.625	700424	656116.625	695748	708235.4375	751707.3125	775169.625	765582.625
P02655	APOC2	Apolipoprotein C-II	P02655	APOC2_HUMAN	6	8	6	6	7	7	6	8	8	8	8	8	8	8	7	8	8	8	8	7	7	7	6	8	8	8	8	8	8	8	8	288405.28125	298207.40625	305604.09375	300503.78125	286821.34375	295238.34375	301777.8125	567601	581151.8125	612921.5625	581385.5625	602542	559936	567302.75	593709.75	591190.5	580019.5	591874.75	556416.1875	580489	593179.1875	457759.8125	510982.8125	455657.34375	457068.6875	466755.75	454859.875	480319.34375	475504.5625	493137.25	476027.625
P02656	APOC3	Apolipoprotein C-III	P02656	APOC3_HUMAN	9	10	9	9	10	9	8	10	10	10	9	10	9	9	9	9	9	9	10	10	8	10	9	9	9	10	9	9	9	10	10	860690.0625	904027.0625	906184.25	890294.9375	932639.125	885253.375	873990.4375	2068986.625	2036913	2079997.5	2171678.25	2171922.25	2142467	2188903.75	1032597.875	1065603.75	999303.9375	1030855.6875	1040405.4375	1082618.75	1044974.5625	1047927.5	932966.5625	1135817.5	1052693.5	1070484.125	1001702.5	1103598.75	1309337	1270156.875	1276276.5
P02671	FGA	Fibrinogen alpha chain	P02671	FIBA_HUMAN	125	122	127	126	132	122	120	127	131	129	130	132	128	125	123	125	128	126	122	124	124	133	133	122	127	128	126	129	132	132	132	4023188.75	3881041.25	3933138.75	3901645.5	3887802	3940907.5	3873874.75	5521166.5	5667026	5879039.5	5722464.5	6087872.5	5588674.5	5596986	5246249.5	5211028	5225428.5	5233202.5	5212289.5	5206333.5	5230198.5	5668304.5	5989786	5730276.5	5572647.5	5800261	5504480.5	5898852.5	5197649	5170616.5	5207613.5
P02675	FGB	Fibrinogen beta chain	P02675	FIBB_HUMAN	125	124	126	128	130	128	124	131	131	131	130	131	132	131	131	130	131	131	130	131	131	131	128	127	131	131	130	130	132	132	131	4190184.5	4089717	4135525	4086586.25	4015773	4023414.5	4035212	5920390.5	6190693	6306421	6306181	6595436.5	6123752	6207626	5721827.5	5704894	5704221	5570227.5	5716094.5	5764533.5	5735648.5	6290522.5	6184832	6676647	6308295	6734083	6433194	6736257	5664097.5	5698717.5	5616787
P02679	FGG	Fibrinogen gamma chain	P02679	FIBG_HUMAN	93	91	92	93	91	92	93	96	95	95	95	97	94	97	96	94	96	97	95	95	95	98	94	96	95	96	97	96	97	95	97	2911488.5	2856323.25	2828542	2824474.5	2818400.75	2898971.75	2833692.75	4146778.25	4148641	4283755.5	4098620.25	4420845.5	4003491.75	4207748.5	3917331.5	4053060	3964679.5	4042945.75	4021970.25	3980524.25	3858001.25	4413184	4318969.5	4551369.5	4343836	4689305	4487958.5	4630110.5	3956683.5	3928585.75	3895413
P02724	GYPA	Glycophorin-A	P02724	GLPA_HUMAN	7	7	7	7	7	7	7	7	7	7	7	7	7	7	7	7	7	7	7	7	7	7	7	7	7	7	7	7	7	7	7	68659.3359375	67961.40625	70827.8203125	65087.90625	64857.9296875	70399.4765625	75212.65625	56472.05859375	55985.390625	46820.33984375	32792.09375	45459.54296875	44617.51171875	52446.73046875	67201.2734375	57030.4609375	59029.3203125	59073.703125	56438.19140625	53145.65234375	63111.41796875	44662.20703125	79359.5234375	37399.23046875	43201.90234375	38464.11328125	39696.984375	40871.9921875	51318.140625	61905.59375	61385.34375
P02730	SLC4A1	Band 3 anion transport protein	P02730	B3AT_HUMAN	84	83	83	83	85	85	85	85	85	85	84	84	84	85	84	84	84	84	84	85	84	83	84	82	84	83	84	81	85	86	84	4906563	4962808.5	4970025.5	4933804	4965903.5	4962322.5	4996748.5	4283153	4245319	4125874.75	4164405.25	4227638	4261233.5	4293497.5	4324514.5	4306254	4290605.5	4399962.5	4411598	4387458.5	4348418	4148595	4199822	4229614	4154454.75	4091886.25	4209044.5	4063371.25	4385949	4308887	4255668
P02741	CRP	C-reactive protein	P02741	CRP_HUMAN	0	0	0	0	0	0	0	2	2	2	2	2	2	2	0	0	0	0	0	0	0	2	2	2	2	1	2	2	2	2	2	NaN	NaN	NaN	NaN	NaN	NaN	NaN	10149.771484375	122747.1015625	188006.84375	145186.328125	160198.875	85979.0859375	73269.859375	NaN	NaN	NaN	NaN	NaN	NaN	NaN	5930.47216796875	5826.09521484375	6109.3203125	6226.81591796875	17487.6640625	6908.611328125	6166.578125	6568.7744140625	6878.560546875	6008.23974609375
P02743	APCS	Serum amyloid P-component	P02743	SAMP_HUMAN	5	5	5	5	5	6	5	6	6	6	6	6	6	6	6	5	6	5	5	6	6	6	5	5	6	6	6	6	6	5	6	90120.96875	49338.62109375	50881.3671875	53090.4609375	78763.7109375	87838.6484375	62207.6953125	109752.0625	69665.6015625	82242.1796875	108672.2421875	138110.140625	92901.5625	100613.515625	103006.59375	49402.0234375	79173.5390625	63551.47265625	67673.125	68205.375	88145.5	110418.21875	76514.265625	89510.296875	138183.109375	106436.0859375	108300.8515625	159888.65625	95099.5078125	77344.25	84209.109375
P02745	C1QA	Complement C1q subcomponent subunit A	P02745	C1QA_HUMAN	3	3	4	4	3	3	4	3	4	4	4	3	4	4	3	4	3	3	3	3	4	3	4	4	4	4	4	4	4	4	4	71005.3671875	70221.859375	73928.265625	72339.2421875	68867.953125	73724.7890625	73832.703125	94199.0234375	88292.5390625	95653.1953125	86277.078125	91110.8359375	84729.265625	84767.8203125	70647.296875	70748.2734375	74073.84375	70608.4140625	66114.75	66724.75	73201.296875	84310.0625	96932.4609375	79319.0625	85078.6640625	89111.5390625	85190.1328125	84662.2265625	76268.859375	80670.3828125	84451.921875
P02746	C1QB	Complement C1q subcomponent subunit B	P02746	C1QB_HUMAN	9	10	10	10	10	10	10	10	10	10	10	10	10	10	9	10	10	10	9	9	10	10	10	9	9	9	9	10	10	10	10	77289.953125	74622.78125	75959.7109375	77359.171875	80733.734375	78615.5859375	75970.3671875	99216.6796875	105720.6796875	107277.4609375	95548.9765625	112911.1171875	101095.4765625	101138.2421875	82143.390625	79659.375	77750.671875	82336.2578125	82192.984375	80063.75	76374.9375	110001.7421875	94284.296875	107032.4453125	102232.0625	116160.421875	99874.3125	98987.8046875	90924.0859375	92915.28125	91319.8046875
P02747	C1QC	Complement C1q subcomponent subunit C	P02747	C1QC_HUMAN	7	6	6	7	6	6	7	7	7	7	7	7	7	7	7	7	7	7	7	6	7	7	5	7	7	7	7	7	7	7	7	221282	221735.390625	219198.640625	215230.4375	225347.71875	220681.265625	205237.125	270071.40625	280859.71875	308116.21875	276196.8125	313067.875	286037.78125	301592.4375	212306.15625	226451.921875	219776.125	236027.21875	221550.65625	221472.84375	208556.609375	285159.625	247328.96875	303087.40625	275936.40625	310421.21875	298221.5	296221.28125	258911.03125	249331.546875	247600.34375
P02748	C9	Complement component C9	P02748	CO9_HUMAN	24	24	22	24	25	24	23	24	25	26	26	26	24	26	23	26	25	26	24	26	25	25	25	26	25	25	25	26	26	25	25	104328.8125	100847.078125	105604.671875	103206.3125	97661.4296875	105030.4921875	102503.609375	137331.703125	136405.375	146308.046875	146853.5625	148317.078125	136818.734375	142249.40625	135752.9375	144695.265625	131772.109375	139648.828125	144100.78125	142425.640625	139351.84375	209717.375	189943.34375	208037.359375	203891.171875	221175.65625	208436.734375	210435.140625	148381.625	145600.703125	145650.296875
P02749	APOH	Beta-2-glycoprotein 1	P02749	APOH_HUMAN	36	37	37	37	37	37	36	37	37	37	37	37	37	37	37	36	36	37	36	37	37	37	36	37	37	37	37	37	37	37	37	579620.375	610990.625	610524.25	589018.75	540657.3125	547543.5625	585310.8125	574738.0625	589430.3125	596156.4375	553206.9375	590698.3125	563359.125	602641	558731.875	549814.3125	565467	530520.9375	540104.4375	564209.875	537373.375	564607.5	662735.0625	607561.6875	594451.75	621725.0625	602516.625	592273.125	589528.625	577539.25	581393.25
P02750	LRG1	Leucine-rich alpha-2-glycoprotein	P02750	A2GL_HUMAN	16	16	16	17	17	17	16	16	17	17	17	17	16	17	17	17	17	17	16	16	16	17	16	16	16	17	17	16	17	17	17	180201.328125	187008.515625	184029.578125	181276.234375	183648.984375	180650.828125	187549.21875	319753.71875	325190.5	337943.8125	320516.34375	339824.53125	321989.78125	315047.15625	202647.4375	202808.953125	207807.671875	203312.390625	209781.5625	209750.765625	207328.390625	245647.40625	261238.84375	243078.171875	248177.765625	260251.84375	245360.40625	259063.21875	242512.34375	238180	241549.84375
P02751	FN1	Fibronectin	P02751	FINC_HUMAN	126	129	129	128	129	130	129	129	130	131	132	132	130	128	132	130	134	132	127	131	132	133	128	131	133	130	130	134	133	132	132	588686.4375	568992.75	570350.6875	555512.1875	561519.4375	579983.625	558674.3125	647116.125	643779.5625	677313.375	655794.75	696642.0625	651606.4375	649394.125	730229	715917.625	723521.3125	716474.625	722739.125	732311.25	738286.8125	897797.6875	894400.8125	916650.0625	897718.0625	946601.3125	897023.3125	950797.875	717845.125	717572.1875	719863.625
P02753	RBP4	Retinol-binding protein 4	P02753	RET4_HUMAN	13	13	13	13	13	13	13	13	13	13	13	13	13	13	13	13	13	13	13	13	13	13	13	13	13	13	13	13	13	13	13	280526.96875	273058.59375	268672.40625	273355.65625	241886.203125	266996.4375	271405.5	398481.90625	388829.03125	414258.1875	370999.4375	432395.03125	390265.40625	395477.4375	329659.71875	326391.5	342114.03125	316684.96875	303256.84375	300529.25	320055.9375	307152.40625	342721.09375	300473.75	298022.40625	309410.96875	299121.78125	310045.46875	328833.5625	322770.90625	324875.5
P02760	AMBP	Protein AMBP	P02760	AMBP_HUMAN	19	19	19	20	20	19	20	20	20	20	20	20	20	20	19	19	20	20	19	20	20	20	20	20	20	20	20	20	19	20	20	476904.8125	459292.75	493268.53125	447037.15625	423811.21875	442891.09375	449943.03125	647841.3125	647280.3125	690288.125	706295.3125	738856.625	693977.375	684520.875	528589.6875	485734.96875	523580.78125	486323.4375	513851.75	490278.65625	512873.53125	581122.875	742162.1875	657024	636688.25	650102.3125	669427.4375	681418.125	594798.125	577055	585782.75
P02763	ORM1	Alpha-1-acid glycoprotein 1	P02763	A1AG1_HUMAN	31	33	32	30	31	33	32	32	34	32	32	34	32	33	33	33	33	32	31	32	32	34	33	33	32	33	32	32	31	33	34	887223.3125	866886.5	848966.5	898308.4375	873977.75	872995	893125.125	1227121	1272751.25	1208268.875	1134182.75	1372269.5	1257259.625	1247826.5	1253255.5	1241794.25	1226214.625	1244281.125	1221488.25	1188252.75	1229633	1321474.5	1320395	1384405.25	1350032.125	1427115.25	1371773.75	1419762.875	1223482.375	1203763.625	1184514.5
P02765	AHSG	Alpha-2-HS-glycoprotein	P02765	FETUA_HUMAN	34	35	35	33	35	36	35	36	37	36	37	37	37	36	36	36	35	35	35	36	35	37	34	35	36	36	37	36	36	36	36	1168711.875	1147588	1113900.875	1129378.25	1098645.375	1134356.75	1165535.875	1765640.375	1728656.25	1712149	1663748.5	1871225.75	1703756.375	1801525.25	1152813.875	1150155.75	1174576	1175182.25	1204614.875	1220706.625	1179534.875	1223824	1199770.125	1319598.125	1198318.375	1283068.125	1236495.25	1313410.875	1363428	1335308.625	1320937.375
P02766	TTR	Transthyretin	P02766	TTHY_HUMAN	25	26	24	24	25	24	25	26	26	25	26	26	25	25	25	26	24	25	25	25	25	25	24	25	25	25	25	25	25	25	25	708784.8125	635353.1875	657834.4375	674531.625	592535.875	721703.625	687198.5625	721308.75	756288	698451.1875	730278.0625	768259.1875	714798.3125	664102.875	882414	731737.75	883910	757991.1875	670038.875	790559.375	852779.5625	717131.1875	679898.75	720404.6875	850586.1875	624906.125	681849.9375	831946	729930.375	759488.625	758865.125
P02768	ALB	Albumin	P02768	ALBU_HUMAN	371	371	374	370	377	373	370	371	380	376	375	387	381	377	376	377	378	379	378	369	373	383	374	377	384	380	379	379	382	384	384	35962616	32557292	31981696	31170736	34581120	36496664	32824748	32343174	33728588	34479864	33186012	40938800	34707904	34273692	36734372	34491044	34207228	34444376	36910084	35111608	35508208	41823980	39532488	43320288	40735364	43634076	39917016	42531332	37641288	37395636	37660104
P02774	GC	Vitamin D-binding protein	P02774	VTDB_HUMAN	44	45	45	45	45	45	45	45	45	45	45	45	45	45	45	45	45	45	44	44	45	45	44	45	45	45	45	44	45	45	45	861222.1875	828753.75	827975	822161	869792.625	843630.375	827362.3125	1484307.375	1539983.875	1606022.5	1580017.875	1736161.375	1579245.25	1552567.125	895425.125	857876.5	871459.6875	826916.375	911343	900096.5625	916085.75	1052103.25	1009736.4375	1176018.75	1053966.25	1136332.375	1051253.875	1122226.875	1111022	1119156.625	1114116.25
P02775	PPBP	Platelet basic protein	P02775	CXCL7_HUMAN	12	12	12	12	12	12	12	12	12	12	12	12	12	12	12	12	12	12	12	12	12	12	12	12	12	12	12	12	12	12	12	209769.078125	214832.265625	208986.703125	206846.578125	213507.40625	217959.234375	211622.671875	264384.34375	280631.3125	303454.03125	270221.5	280389.5625	271248.96875	284354.46875	313405.5	305272.34375	295151.6875	303989.3125	309124.625	298968.4375	317353.34375	304238.96875	305888.09375	316028.5625	293610.875	325039.75	296091.28125	308006.8125	263645.53125	270021.78125	275729.6875
P02776	PF4	Platelet factor 4	P02776	PLF4_HUMAN	10	12	12	12	12	12	12	12	12	12	12	12	12	12	12	12	12	12	12	12	12	12	11	12	12	12	12	12	12	12	12	86132.2578125	92112.609375	92953.8359375	85726.46875	79972.5546875	96782.5625	81196.5390625	122431.78125	120895.5859375	126867.765625	123894.90625	136930.59375	122719.328125	123657.6171875	137203.25	153605.625	140939.390625	147264.421875	136477.40625	139655.5	132299.5625	129462.359375	145566.28125	131902.1875	116356.046875	131454.953125	125583.8671875	128710.703125	119555.2421875	122770.6796875	131904.671875
P02786	TFRC	Transferrin receptor protein 1	P02786	TFR1_HUMAN	1	1	1	1	1	1	1	1	1	1	1	1	1	1	1	1	1	1	1	1	1	1	1	1	1	1	1	1	1	1	1	19705.443359375	20831.908203125	18846.486328125	19905.314453125	21148.296875	18196.255859375	21152.400390625	23749.6640625	25765.98828125	24889.93359375	21571.49609375	25172.6171875	22946.76171875	24613.07421875	18261.7734375	21100.919921875	27363.86328125	23078.474609375	19658.88671875	22730.3359375	25686.59765625	19404.255859375	17745.375	21135.64453125	19908.64453125	18121.607421875	22328.150390625	18599.55859375	17440.228515625	22722.435546875	15986.791015625
P02787	TF	Serotransferrin	P02787	TRFE_HUMAN	185	182	185	190	189	184	185	196	200	199	200	201	199	194	194	194	190	193	187	189	189	190	190	185	189	187	192	189	197	198	200	6718639.5	6250477.5	6191473.5	5799918	5831954	6422005	6096199.5	9093457	9428961	9591298	9169389	10163389	9095320	9276064	6965614.5	6150347	6738984	6362627	6239915.5	6430962	6837785.5	7041636	7856564	7709550	7627344.5	7261496.5	7273495	7863160	7515091	7504507.5	7513652.5
P02788	LTF	Lactotransferrin	P02788	TRFL_HUMAN	37	37	38	36	38	37	37	38	39	39	39	39	38	38	37	37	37	38	39	39	39	35	36	36	38	35	36	37	39	38	39	117266.6953125	99870.6953125	95436.96875	83995.9453125	91852.0625	101829.3203125	87706.75	123832.4921875	135826.1875	127312.6015625	123376.9609375	126350.9453125	132271.953125	121535.0859375	128898.4140625	108628.265625	120764.03125	111548.8359375	104693.75	111951.546875	117053.015625	86878.171875	90565.59375	97721.671875	103335.8203125	83937.953125	87517.546875	105756.2578125	110278.03125	104010.7734375	110434.5625
P02790	HPX	Hemopexin	P02790	HEMO_HUMAN	69	71	71	73	72	72	68	75	74	74	74	74	75	73	74	74	75	75	74	73	75	74	73	72	72	72	73	74	75	75	75	1917722.125	1909967.5	1925369.375	1872455.375	1840665.25	1877022.5	1879895.25	2907321.75	2898281.25	2936615	2947024	3148937.25	2857382.5	3047257.25	2395886.75	2323334	2475248	2378818.25	2429860.5	2503382.25	2399469.75	2672561	2552927.25	2808733.5	2669355	2888989.5	2703755.5	2803437.25	2485807.5	2518960.25	2493551.25
P02795;P13640;P80297	MT2A;MT1G;MT1X	Metallothionein-2;Metallothionein-1G;Metallothionein-1X	P02795;P13640;P80297	MT2_HUMAN;MT1G_HUMAN;MT1X_HUMAN	3	3	3	3	3	3	3	3	3	3	3	2	3	3	3	3	3	3	3	3	3	3	2	3	3	3	3	3	3	3	3	5233.72802734375	8286.65234375	5590.380859375	5017.96435546875	6076.82177734375	4744.275390625	6701.7998046875	5130.9111328125	5953.396484375	6615.22607421875	2594.42626953125	3081.003173828125	6189.4306640625	5845.0966796875	5908.19580078125	6556.416015625	7902.251953125	5900.4345703125	6890.0166015625	3447.121826171875	5766.10009765625	5820.2548828125	2072.1884765625	8849.9033203125	3838.768798828125	6700.58984375	6256.619140625	7247.42333984375	5013.98193359375	5980.1259765625	5724.1611328125
P03951	F11	Coagulation factor XI	P03951	FA11_HUMAN	4	3	3	4	3	3	3	4	3	4	3	4	3	3	4	4	4	3	4	4	4	3	4	4	3	3	3	4	4	4	4	14235.294921875	14436.0625	12795.1884765625	15892.23828125	11254.921875	13325.171875	15060.908203125	12215.8291015625	14329.9306640625	12895.123046875	15692.9912109375	11795.451171875	13393.2958984375	12896.1396484375	24142.740234375	28697.16015625	25034.16796875	26323.796875	24262.240234375	27074.921875	25782.720703125	22369.73046875	19525.142578125	22101.33984375	20809.466796875	23210.634765625	23040.6171875	24356.177734375	18598.75390625	18095.044921875	21223.728515625
P03952	KLKB1	Plasma kallikrein	P03952	KLKB1_HUMAN	28	30	28	29	30	28	30	29	29	29	30	29	30	29	30	31	30	31	29	29	29	30	29	31	29	29	31	30	29	30	30	102923.40625	104492.5703125	105786.109375	103974.7109375	96816.09375	102773.4765625	101822.921875	110030.3828125	113689.90625	120754.5703125	112476.75	114785.609375	110566.5390625	114424.5	139001.0625	138870.125	133023.5625	137275.328125	135996.671875	139944.125	143886.875	113176.703125	111163.4609375	120811.0390625	117280.234375	123460.125	119773.5703125	123781.609375	118491.0078125	118368.5703125	115856
P04003	C4BPA	C4b-binding protein alpha chain	P04003	C4BPA_HUMAN	33	32	33	32	32	33	32	32	33	33	31	32	32	32	32	33	33	33	31	32	33	32	33	32	31	32	32	32	33	33	33	184855.78125	188210.71875	185953.265625	180058.375	171571.390625	173648.296875	176562.96875	211739.265625	218526.75	217766.828125	224624.328125	211243.9375	211944.71875	241259.265625	212092.8125	212306.5625	218330.546875	213771	210226.71875	227199.265625	219884.265625	209213.25	242420.671875	228089.828125	223801.1875	242573.40625	246210.421875	232658.78125	207768.796875	208188.65625	205477.203125
P04004	VTN	Vitronectin	P04004	VTNC_HUMAN	27	29	29	29	28	29	29	30	31	30	30	30	31	31	29	29	28	28	28	30	31	28	29	28	30	30	29	29	31	30	31	951989.3125	948510.6875	950177.3125	923972.0625	941571.9375	905319.25	949490.375	1815221.75	1843639.625	1843398	1800445.5	2005272.25	1792993.5	1835525.875	1036136.3125	1028722.5625	1074379.375	1034707.25	1038931.625	1042004.375	1021521.9375	1189765.125	1198916.75	1221187.75	1179285.625	1238420.375	1202969.75	1265121.5	1268455.25	1268641.625	1265619
P04040	CAT	Catalase	P04040	CATA_HUMAN	99	100	100	100	104	102	99	100	103	99	98	104	98	99	101	98	101	101	100	98	101	101	103	96	97	99	102	99	104	104	103	3594705.5	3528866	3477775	3602654.75	3573845.5	3581635.25	3655144.75	2845683.25	2833927.75	2556899.25	2644546.5	2828043	2743432	2839773	3447371	3468625.5	3494906.25	3470691	3549515	3535887	3496201	3633591.5	3664152	3628673.25	3568022.25	3515651	3564536.25	3470787	3298058.75	3300800.75	3322614
P04070	PROC	Vitamin K-dependent protein C	P04070	PROC_HUMAN	8	8	8	6	8	8	8	8	8	8	8	8	8	8	8	8	8	8	8	8	8	8	8	8	8	8	8	8	8	8	8	19889.44140625	19151.693359375	22536.89453125	20065.62890625	22075.138671875	17995.4296875	19720.009765625	36636.80859375	37219.71875	36804.1640625	33865.14453125	38811.23046875	36002.3671875	37176.47265625	32341.9296875	31947.896484375	30982.017578125	31528.5	32461.86328125	31564.8671875	34411.9609375	27369.935546875	26275.666015625	27719.15234375	28471.69140625	30440.810546875	28316.650390625	30712.990234375	29695.826171875	28319.53515625	28508.873046875
P04075	ALDOA	Fructose-bisphosphate aldolase A	P04075	ALDOA_HUMAN	50	51	50	49	51	50	51	50	51	51	49	50	50	50	51	50	49	51	50	50	50	51	50	50	50	49	51	50	51	51	50	694228.8125	712802.3125	710421.9375	709253.25	691355.0625	696106.0625	711441.9375	624765.125	634101.625	615853.3125	638238.625	603911.875	640176	638909.75	655513.1875	656810.625	656402.5	642449.5625	652978.8125	661188.25	663574.0625	663119.0625	679653.875	673385.6875	681256.625	655696.125	691679.25	646127.1875	638923.875	650868.375	639182.25
P04080	CSTB	Cystatin-B	P04080	CYTB_HUMAN	5	5	5	5	5	5	5	5	5	5	5	5	5	5	5	5	5	5	4	5	5	5	4	5	5	5	5	5	5	5	5	68173.109375	71011.0078125	67276.546875	67366.0703125	70415.96875	66431.375	68329.546875	108616.515625	107761.546875	94878.5625	105162.2578125	105098.7421875	105445.21875	108062.8125	18418.986328125	14709.6728515625	13800.2294921875	17511.353515625	19384.853515625	19201.369140625	18576.548828125	23724.810546875	24900	24869.353515625	23067.236328125	22787.931640625	25617.0390625	23200.03515625	53433.40234375	55645.609375	55122.99609375
P04083	ANXA1	Annexin A1	P04083	ANXA1_HUMAN	10	10	10	10	10	10	10	10	10	10	10	10	10	10	10	10	10	10	10	10	10	10	10	10	10	10	10	10	10	10	10	33535.84375	32042.498046875	34089.9140625	33999.484375	34352.66015625	31413.5234375	31260.37890625	43176.00390625	44844.921875	43612.58984375	45256.71875	40525.39453125	44677.21484375	44420.671875	41267.16015625	42608.6328125	39208.234375	42060.0625	38130.62109375	41125.34375	41239.671875	46802.71484375	45276.24609375	45062.79296875	45041.33203125	45153.2265625	45195.2890625	45315.67578125	36608.828125	40373.90625	39562.45703125
P04114	APOB	Apolipoprotein B-100	P04114	APOB_HUMAN	400	404	406	408	403	402	398	419	420	420	418	419	417	415	402	411	407	412	397	401	399	405	410	401	405	402	406	407	415	414	415	985893.6875	994938.9375	1009258.3125	1021760.5625	1007803.8125	1017181	1006613.25	1956989.25	1986685.875	2052545.25	1951029.625	2086414	2004279.25	1972679.25	1100312.5	1139928	1103573.25	1155965	1118660	1146561.625	1121558	1309893.125	1207083.75	1337501.625	1287740.75	1382444.625	1312901.5	1326654.5	1351698.25	1359459.125	1356718.625
P04179	SOD2	Superoxide dismutase [Mn], mitochondrial	P04179	SODM_HUMAN	3	3	3	3	3	3	3	3	3	3	3	3	3	3	3	3	3	3	3	3	3	3	3	3	3	3	3	3	3	3	3	11170.3515625	10675.0234375	11056.388671875	11233.8291015625	11993.794921875	12434.5966796875	14141.1953125	16425.962890625	16626.61328125	19356.759765625	16378.265625	21805.693359375	17179.3671875	20002.560546875	17305.23046875	14473.302734375	17886.568359375	14963.01953125	15069.8037109375	14495.10546875	16945.951171875	19092.876953125	16585.4296875	18687.162109375	20311.998046875	19970.048828125	19437.642578125	21643.87109375	16613.525390625	15203.125	15884.9951171875
P04180	LCAT	Phosphatidylcholine-sterol acyltransferase	P04180	LCAT_HUMAN	2	2	2	2	2	2	2	2	2	2	2	2	2	2	2	2	2	2	2	2	2	2	2	2	2	2	2	2	2	2	2	21025.78515625	25600.53515625	26376.41796875	28344.52734375	19803.91015625	24596.09375	23073.421875	25154.72265625	25288.1484375	32242.39453125	30113.435546875	23116.3359375	28287.48046875	30914.103515625	29241.439453125	27777.427734375	25024.99609375	20905.58203125	24007.763671875	23283.177734375	21122.986328125	28380.548828125	27528.314453125	31630.685546875	27687.994140625	29757.9921875	23709.84765625	29380.05078125	28490.162109375	23775.82421875	25463.1328125
P04196	HRG	Histidine-rich glycoprotein	P04196	HRG_HUMAN	39	42	41	43	38	41	41	40	40	42	41	41	37	40	41	41	41	41	39	42	40	41	39	41	40	40	42	42	41	40	43	473251.25	481225.21875	492814.875	472520.96875	484053.21875	468572.03125	478354.3125	448727.65625	438607.9375	456623.21875	415483.71875	478817.78125	433521.21875	450778.5	693217.25	678634.6875	698593	670532.6875	671898.625	687274	680606.5625	680298	655212.875	698620.125	685585.625	693459.25	660888.625	707149.5	576640.375	578833.5	576006.6875
P04211	IGLV7-43	Immunoglobulin lambda variable 7-43	P04211	LV743_HUMAN	4	4	4	4	4	4	4	4	4	4	4	4	4	4	4	4	4	4	4	4	4	4	4	4	4	4	4	4	4	4	4	50014.35546875	46816.30078125	49580.453125	47657.6328125	45808.40625	48054.6875	46963.1015625	105264.03125	103439.7421875	94928.625	95977.21875	106682.7265625	97939.3984375	98048.390625	101060.0625	97333.3203125	102129.171875	97321.96875	99140.6328125	99497	99323.3828125	75354.140625	75555.15625	74617.6484375	76239.515625	80786.1953125	71260.5546875	80292.71875	82057.1015625	83237.953125	79150.7265625
P04217	A1BG	Alpha-1B-glycoprotein	P04217	A1BG_HUMAN	28	29	29	30	29	28	28	30	31	30	30	31	30	30	29	30	30	30	27	28	29	31	31	28	27	29	28	29	30	30	29	550700.4375	538793.125	554433.375	552017.5625	538228.4375	549896.5625	551530.4375	1163045.625	1148975.5	1178932	1090591.25	1236447.875	1096209.5	1164583.25	611142.8125	607027.625	604577.125	601850.0625	606589.3125	606633.5	601334.1875	756697.625	815993.375	794389.5625	759166.75	801597.0625	776717	786780.25	779681.5625	770645.1875	775776.875
P04264	KRT1	Keratin, type II cytoskeletal 1	P04264	K2C1_HUMAN	9	11	10	9	9	11	10	11	11	11	10	8	10	11	10	11	10	11	11	11	10	11	8	10	11	10	11	10	11	11	11	17544.0546875	35413.36328125	36506.453125	13654.6396484375	21188.3125	12700.7705078125	27902.37109375	24413.353515625	29735.9609375	28228.6953125	27511.0234375	14555.39453125	28816.517578125	23166.35546875	22929.3671875	29449.41796875	14337.1123046875	17040.677734375	17928.34765625	17208.64453125	23935.669921875	34149.15234375	19043.439453125	20437.0390625	31094.33203125	24100.830078125	30821.14453125	29366.19921875	26045.0390625	24598.740234375	23304.224609375
P04275	VWF	von Willebrand factor	P04275	VWF_HUMAN	23	22	23	23	23	22	23	24	24	24	24	24	24	24	21	19	22	21	22	23	21	24	24	24	24	25	25	23	24	24	25	20221.6171875	23141.95703125	24389.875	21067.228515625	22147.10546875	19783.146484375	21337.064453125	33154.64453125	33129.05859375	37024.90234375	33727.44921875	34074	32179.50390625	34941.5546875	15046.6845703125	16891.279296875	16875.01953125	15472.515625	15634.41796875	17319.80078125	16938.80859375	32552.134765625	33771.203125	35857.8984375	34363.1875	36286.45703125	33536.6171875	35404.453125	25796.005859375	27361.279296875	28466.505859375
P04278	SHBG	Sex hormone-binding globulin	P04278	SHBG_HUMAN	11	17	15	16	13	13	13	22	22	22	22	22	22	22	7	13	11	11	12	12	15	19	20	21	20	20	20	21	21	22	21	37735.1640625	41888.4140625	33303.97265625	35627.40234375	37563.07421875	35894.8984375	38435.47265625	313076.5	300163.21875	314738.9375	309674	321777.375	307300.0625	306942.96875	24884.14453125	22238.447265625	27743.283203125	28888.06640625	27107.689453125	26885.765625	35348.89453125	109183.328125	110281.09375	120257.6171875	103983.9296875	107173.4609375	103351.5546875	110014.1015625	134504.28125	129450.7734375	131768.21875
P04406	GAPDH	Glyceraldehyde-3-phosphate dehydrogenase	P04406	G3P_HUMAN	57	57	58	58	56	57	57	57	58	58	58	58	57	57	57	57	58	56	57	56	57	57	57	55	57	56	57	55	56	58	58	1801826.25	1827781.5	1794175.75	1760917.875	1735442.625	1816439.625	1796898.25	1431561.75	1442144.75	1414847.875	1412201.375	1401695.625	1429113.5	1469719.5	1489098.375	1558541.625	1514429.25	1558061.25	1574975.125	1504576	1500746.375	1594863.875	1432520.375	1552761.75	1567862.75	1569161.5	1662971.5	1583708.25	1568903.125	1534493.125	1506409.625
P04424	ASL	Argininosuccinate lyase	P04424	ARLY_HUMAN	8	8	8	8	7	7	8	8	7	7	8	6	7	8	8	8	8	8	8	8	8	8	7	8	8	8	8	7	8	8	8	36194.88671875	32687.90234375	33495.38671875	33501.2578125	35666.73828125	34372.3046875	35021.14453125	30049.546875	27354.888671875	24393.498046875	27596.650390625	30433.693359375	32674.17578125	30135.166015625	32907.48828125	35351.6640625	33621.47265625	29652.828125	33111.37109375	35374.4375	31783.076171875	36004.98046875	30278.298828125	34369.671875	31111.689453125	31834.3828125	33014.22265625	32845.6796875	28667.740234375	29410.802734375	28687.802734375
P04430	IGKV1-16	Immunoglobulin kappa variable 1-16	P04430	KV116_HUMAN	3	3	3	2	3	3	3	3	3	3	2	2	3	3	3	3	3	3	3	3	3	3	3	3	3	3	3	3	3	3	3	24852.94140625	19887.5703125	27187.876953125	21673.853515625	19604.904296875	29061.87890625	27918.12890625	41566.9140625	42436.8984375	37048.3046875	37271.234375	34601.64453125	33891.15625	41937.44140625	90717.6015625	84538.75	84195.7890625	85723.3515625	84188.8359375	87128.078125	81943.703125	45502.6484375	51819.96484375	49492.3046875	46459.19921875	53326.0234375	48356.8046875	49498.171875	53461.08984375	48547.8515625	54587.30078125
P04439	HLA-A	HLA class I histocompatibility antigen, A alpha chain	P04439	HLAA_HUMAN	5	5	4	5	5	5	5	5	5	5	5	5	5	5	5	5	5	5	5	5	5	5	5	5	5	4	5	5	5	5	5	21607.884765625	21485.966796875	21834	20714.798828125	20477.44140625	19459.212890625	19203.1171875	34337.3203125	35072.796875	42387.6640625	47056.3046875	34578.28125	38430.1796875	36949.41796875	37776.8515625	35050.9609375	32902.97265625	37163.5625	33951.02734375	35507.05078125	36578.828125	22073.462890625	22576.98828125	24918.35546875	23338.9609375	25397.02734375	22805.40625	29799.97265625	27482.197265625	30913.5546875	27407.56640625
P04632	CAPNS1	Calpain small subunit 1	P04632	CPNS1_HUMAN	11	11	11	11	11	11	11	11	11	11	11	11	11	11	11	11	11	11	11	11	11	11	11	10	11	11	11	11	11	11	11	201015.546875	194748.5625	201073.3125	204415.59375	203626.140625	202282.359375	205585.34375	169447.09375	172966.828125	162339.609375	171870.453125	178364.9375	181860.421875	181485.625	193054.71875	191038.234375	194827.484375	197158.453125	200684.234375	201826.734375	193716.78125	185201.765625	161790.75	202179.859375	182074.1875	179153	188862.609375	196258.859375	183405.65625	186604.84375	185703.078125
P04792	HSPB1	Heat shock protein beta-1	P04792	HSPB1_HUMAN	9	9	9	9	9	9	9	9	9	9	9	9	9	9	8	8	9	9	9	9	9	9	9	9	9	9	9	9	9	9	9	13810.6953125	12953.763671875	13967.216796875	12422.7783203125	12168.4384765625	14321.13671875	13349.1015625	41880.9296875	40015.32421875	41450.14453125	40087.51171875	40382.38671875	39955.09765625	40169.9765625	8899.873046875	8502.7978515625	9869.4267578125	8541.70703125	8720.02734375	8905.90625	8601.599609375	20525.537109375	23106.39453125	20433.84765625	19997.92578125	19733.04296875	19230.529296875	20196.728515625	20899.275390625	22998.50390625	22119.62890625
P04843	RPN1	Dolichyl-diphosphooligosaccharide--protein glycosyltransferase subunit 1	P04843	RPN1_HUMAN	1	1	1	1	1	1	1	1	1	1	0	1	1	1	1	1	1	1	1	1	1	1	1	1	1	1	0	1	1	1	1	3749.065673828125	1725.2578125	3895.89306640625	3895.832763671875	3924.245849609375	4390.0703125	2867.736328125	5700.7216796875	4857.03564453125	2789.04150390625	NaN	4921.0029296875	3516.499755859375	3364.38330078125	6839.74462890625	3969.88330078125	5334.71875	4990.359375	5585.24853515625	5582.216796875	4816.62939453125	3312.84423828125	5181.90771484375	3198.2978515625	4864.42529296875	4376.37744140625	NaN	4832.8095703125	3398.282958984375	4646.67431640625	5377.212890625
P04908;P0C0S8;P16104;P20671;Q16777;Q6FI13;Q7L7L0;Q93077;Q96KK5;Q96QV6;Q99878;Q9BTM1	H2AC4;H2AC11;H2AX;H2AC7;H2AC20;H2AC18;H2AC25;H2AC6;H2AC12;H2AC1;H2AC14;H2AJ	Histone H2A type 1-B/E;Histone H2A type 1;Histone H2AX;Histone H2A type 1-D;Histone H2A type 2-C;Histone H2A type 2-A;Histone H2A type 3;Histone H2A type 1-C;Histone H2A type 1-H;Histone H2A type 1-A;Histone H2A type 1-J;Histone H2A.J	P04908;P0C0S8;P16104;P20671;Q16777;Q6FI13;Q7L7L0;Q93077;Q96KK5;Q96QV6;Q99878;Q9BTM1	H2A1B_HUMAN;H2A1_HUMAN;H2AX_HUMAN;H2A1D_HUMAN;H2A2C_HUMAN;H2A2A_HUMAN;H2A3_HUMAN;H2A1C_HUMAN;H2A1H_HUMAN;H2A1A_HUMAN;H2A1J_HUMAN;H2AJ_HUMAN	5	5	5	5	5	5	5	5	5	4	5	5	5	5	5	5	5	5	5	5	5	5	5	5	5	5	5	5	5	5	5	330494.46875	327141.1875	320313.6875	312633.65625	329021.34375	321786.78125	335006.15625	473646.09375	491376.125	443087.21875	464590.1875	475265.9375	466553.5625	486352.8125	448597.03125	397571.5625	432950.78125	400388.78125	412451.25	420205.375	432510.1875	343492.0625	382277.1875	360492.875	349005.0625	352803.21875	346167.875	351707.59375	386887.71875	383625.125	390678.1875
P04921	GYPC	Glycophorin-C	P04921	GLPC_HUMAN	2	2	2	2	2	2	2	2	2	2	2	2	2	2	2	2	2	2	2	2	2	2	2	2	2	2	2	2	2	2	2	40158.6796875	42157.375	43048.9140625	41529.359375	54273.93359375	37568.34765625	42657.25	37330.73046875	38670.71875	31828.560546875	14454.2158203125	36606.1484375	36044.39453125	26424.453125	37947.1015625	34065.46875	38841.6015625	35969.8046875	34621.70703125	30567.482421875	40719.42578125	32443.193359375	56611.15625	12646.12890625	28617.888671875	20291.375	13320.4716796875	22883.60546875	30965.30859375	38900.00390625	41236.62890625
P05023;P13637;P50993	ATP1A1;ATP1A3;ATP1A2	Sodium/potassium-transporting ATPase subunit alpha-1;Sodium/potassium-transporting ATPase subunit alpha-3;Sodium/potassium-transporting ATPase subunit alpha-2	P05023;P13637;P50993	AT1A1_HUMAN;AT1A3_HUMAN;AT1A2_HUMAN	1	1	1	1	1	1	1	1	1	1	1	1	1	1	1	1	1	1	1	1	1	1	0	1	1	1	1	1	1	1	1	3704.95849609375	6494.83203125	7019.1806640625	6514.94970703125	7606.2548828125	8595.8388671875	6842.61767578125	6614.5390625	7422.23779296875	7435.13330078125	5709.71875	6146.47265625	6309.8134765625	6683.2685546875	4549.13818359375	7900.44482421875	6699.990234375	5154.68310546875	5753.42822265625	5977.6357421875	7384.98681640625	2542.8056640625	NaN	7494.2294921875	4181.62060546875	6098.7451171875	4568.66259765625	5239.72021484375	4645.97607421875	4954.22314453125	7138.0419921875
P05062	ALDOB	Fructose-bisphosphate aldolase B	P05062	ALDOB_HUMAN	1	1	1	1	1	1	1	1	1	1	1	1	1	1	1	1	1	1	1	1	1	1	1	1	1	1	1	1	1	1	1	13913.328125	13852.080078125	15875.3291015625	13211.517578125	13631.185546875	10709.8623046875	15421.025390625	10389.3203125	11982.5068359375	11107.048828125	8373.3125	11989.970703125	11248.4658203125	8413.072265625	7649.05029296875	15458.431640625	13811.447265625	10926.8232421875	10429.95703125	12442.6875	14328.111328125	11866.740234375	14904.97265625	10725.3359375	14127.79296875	11943.435546875	15312.685546875	10769.720703125	10642.935546875	10973.330078125	12030.4736328125
P05089	ARG1	Arginase-1	P05089	ARGI1_HUMAN	14	14	14	14	14	14	14	13	14	13	13	14	14	14	14	10	11	12	12	11	11	12	13	13	11	13	12	13	14	14	13	125552.8203125	131278.71875	132177.390625	128903.34375	121765.8046875	116863.1796875	123999.0390625	67020.0625	65976.6328125	71359.1484375	71547.0625	67121.5	65614.0078125	66790.6015625	49906.984375	50693.515625	54352.7890625	51095.890625	47924.12890625	47923.421875	55087.375	63065.29296875	64274.921875	60979.19921875	68621.59375	63535.1328125	67670.9453125	65416.25390625	74721.78125	74097.3203125	75752.2734375
P05090	APOD	Apolipoprotein D	P05090	APOD_HUMAN	10	11	10	10	11	10	10	10	12	10	10	12	10	9	10	9	10	11	9	10	9	11	11	10	10	10	10	10	10	10	11	179690.09375	216052.984375	188182.796875	203234.84375	144556.1875	196741.375	178955.40625	180835.640625	208933.5625	211643.125	223776	188534.1875	195579.171875	187327.984375	194335	199468.375	195511.171875	213046.734375	174339.40625	186251.96875	176410.203125	301506.875	386653.46875	348981.96875	338130.40625	294192.8125	330226.15625	324973.5	226918.78125	229663.890625	225485.6875
P05106	ITGB3	Integrin beta-3	P05106	ITB3_HUMAN	26	25	26	25	25	25	25	26	26	26	25	26	26	26	26	25	26	26	26	26	26	26	26	26	26	26	25	26	26	26	26	60158.0078125	60715.828125	56591.5	58299.39453125	61990.734375	55317.10546875	54447.50390625	80197.5625	83071.84375	90263.3671875	84708.6484375	90105.5703125	88327.2265625	83090.2265625	92610.4375	90137.2734375	91022.4921875	84752.515625	93799.890625	88819.1953125	92395.40625	82482.46875	73746.5703125	84710.078125	82867.9609375	90832.8828125	79517.3515625	89041.078125	80703.375	78543.8046875	80977.453125
P05107	ITGB2	Integrin beta-2	P05107	ITB2_HUMAN	1	1	1	1	1	1	1	1	1	1	1	1	1	1	1	1	1	1	1	1	1	1	1	1	1	1	1	1	1	1	1	6057.3037109375	6346.03466796875	5152.58935546875	4397.095703125	3908.7138671875	4486.93359375	4430.572265625	3945.574462890625	4511.033203125	5185.45166015625	3579.041015625	4742.96484375	4137.45654296875	4157.6572265625	6457.06884765625	3550.59716796875	6046.97802734375	3759.634765625	5881.3564453125	6027.5107421875	5165.33544921875	3370.212646484375	3017.432861328125	5962.8056640625	4833.84716796875	5007.2431640625	4951.94921875	2226.39208984375	3289.377197265625	3532.40869140625	3142.52197265625
P05109	S100A8	Protein S100-A8	P05109	S10A8_HUMAN	18	18	18	18	18	18	18	18	18	18	18	18	18	18	18	18	18	18	18	18	18	16	18	15	17	17	17	17	18	18	18	322514.375	317300.46875	343507.59375	338602.3125	315559.75	326926.5	343432.09375	421678.0625	428611.78125	397589.96875	384168.34375	382764.21875	401631.28125	399253.03125	381604.6875	392563.125	411292.46875	396346.34375	372618.09375	374286.90625	384767.625	268609.75	321333.6875	283350.1875	273839.09375	285895.4375	280476.9375	274325.6875	345932.09375	347785.1875	340807.96875
P05154	SERPINA5	Plasma serine protease inhibitor	P05154	IPSP_HUMAN	8	8	8	8	8	8	7	8	8	8	8	8	8	8	8	7	7	7	8	8	7	8	7	8	8	8	8	8	8	8	8	29492.359375	28352.693359375	32593.1328125	35084.4453125	30575.267578125	31199.134765625	25814.216796875	34888.5625	39393.69921875	43307.73828125	34515.39453125	43131.3671875	38939.58984375	39778.88671875	28338.662109375	28834.64453125	24851.94921875	22329.63671875	24390.734375	26190.82421875	27210.263671875	30513.361328125	31576.26171875	30401.916015625	29423.02734375	32296.048828125	29156.75390625	32185.177734375	30697.94140625	29886.580078125	33114.96484375
P05155	SERPING1	Plasma protease C1 inhibitor	P05155	IC1_HUMAN	31	32	32	31	32	31	31	32	32	31	31	32	31	31	32	32	32	31	29	30	31	30	32	28	30	30	31	31	32	32	32	757093.1875	734504.3125	725310.9375	746732.375	724075.25	742255.375	737547.5625	805771.875	841302.5625	865045.625	821135.4375	911364.3125	845302.125	845210.3125	722082.375	695299.8125	720054.25	676559.5625	727249.3125	709724.125	715896.3125	822539.5	861650.3125	901325.875	852154	914318	851968.625	898810.5625	807524.25	804364.5625	762590.875
P05156	CFI	Complement factor I	P05156	CFAI_HUMAN	22	23	23	23	21	22	23	25	25	24	23	24	24	25	23	24	24	25	24	22	24	25	23	24	23	24	24	24	24	25	23	74698.21875	77544.5546875	77043.9609375	74178.125	75615.25	71742.4453125	72415.65625	121730.828125	123430.7265625	131579.765625	129769.1640625	130857.1875	124254.1171875	127188.421875	92490.4296875	92306.0078125	93505.9296875	89395.6484375	92225.9140625	92553.1953125	92199.5703125	115960.546875	124581.9609375	123408.7109375	120105.671875	124270.8984375	123319.421875	123387.5546875	103497.4453125	101479	105931.171875
P05160	F13B	Coagulation factor XIII B chain	P05160	F13B_HUMAN	18	19	19	19	17	18	18	19	19	18	19	18	19	19	17	17	18	16	17	17	17	18	17	18	18	18	18	18	19	18	18	21177.642578125	20464.806640625	21504.736328125	21274.130859375	19393.166015625	20246.375	21277.71484375	24416.90625	24505.455078125	26023.56640625	26415.646484375	23167.169921875	25295.57421875	27260.109375	20531.984375	21212.34765625	22025.91796875	21688.13671875	20228.05078125	21481.296875	21911.97265625	19969.048828125	19536.88671875	21667.509765625	20785.548828125	21708.482421875	23075.421875	21414.98828125	20805.03515625	20808.537109375	22153.650390625
P05161	ISG15	Ubiquitin-like protein ISG15	P05161	ISG15_HUMAN	5	5	5	5	5	5	5	5	5	5	5	5	5	5	3	3	3	4	2	3	3	5	5	5	5	5	5	5	5	5	5	24304.94140625	21570.375	24092.2265625	25791.916015625	22882.5703125	20317.46484375	23065.2578125	24893.283203125	24415.171875	21112.435546875	24069.78515625	25697.8046875	22852.46875	24949.236328125	2818.08056640625	2915.17626953125	3980.528564453125	3624.589599609375	3231.282958984375	3877.015869140625	2192.029052734375	25137.802734375	22950.791015625	24547.96484375	24965.560546875	23632.943359375	24960.486328125	24769.048828125	19026.064453125	20707.208984375	18692.021484375
P05164	MPO	Myeloperoxidase	P05164	PERM_HUMAN	21	20	21	20	20	21	19	22	22	21	22	22	21	22	19	21	20	22	19	21	22	20	20	20	20	19	20	20	22	21	21	109574.015625	101869.6953125	104545.2578125	96026.53125	102807.7890625	102996.5546875	103531.171875	133198.328125	128446.6015625	127939.171875	133702.140625	130832.734375	129172.015625	133343.4375	123831.9609375	111043.953125	120946.4609375	113859.0078125	113161.015625	115992.9140625	122646.7109375	92246.625	87656.1796875	94732.09375	103850.6171875	92655.9453125	93553.8671875	101420.4765625	109324.3046875	108815.2734375	107273.6875
P05198	EIF2S1	Eukaryotic translation initiation factor 2 subunit 1	P05198	IF2A_HUMAN	6	6	6	5	6	6	5	5	6	5	6	6	6	6	6	6	5	6	6	6	6	6	5	6	6	6	6	5	6	6	5	29458.609375	26945.935546875	28520.494140625	31048.2109375	28719.212890625	27952.724609375	28874.421875	26472.341796875	25585.611328125	26784.681640625	29054.298828125	23533.822265625	30370.9140625	27644.736328125	33324.9609375	33535.2109375	34405.54296875	33919.6640625	33092.640625	37689.8984375	34902.51953125	26665.87109375	25958.677734375	27120.876953125	28651.857421875	28576.310546875	27682.87890625	27321.71484375	27701.0859375	29967.16796875	28426.59765625
P05204;Q15651	HMGN2;HMGN3	Non-histone chromosomal protein HMG-17;High mobility group nucleosome-binding domain-containing protein 3	P05204;Q15651	HMGN2_HUMAN;HMGN3_HUMAN	1	1	1	1	1	1	1	1	1	1	1	1	1	1	1	1	1	1	1	1	1	1	1	1	1	1	1	1	1	1	1	11846.7724609375	12476.388671875	12001.185546875	10335.2109375	11029.888671875	11713.2236328125	12055.6005859375	14003.826171875	16180.2509765625	16385.728515625	18020.24609375	14188.2822265625	17427.37890625	19098.423828125	11932.7822265625	12532.4453125	14036.2080078125	13799.783203125	15431.0380859375	13176.6025390625	16132.521484375	8864.255859375	10574.2548828125	12255.5107421875	9847.0888671875	10725.0224609375	9276.3154296875	10167.4384765625	9901.1484375	12106.384765625	15013.8701171875
P05386	RPLP1	Large ribosomal subunit protein P1	P05386	RLA1_HUMAN	1	1	1	1	1	1	1	1	1	1	1	1	1	1	1	1	1	1	1	1	1	1	1	1	1	1	1	1	1	1	1	46761.2890625	41591.0703125	48847.546875	47682.46484375	53642.7734375	42635.98046875	46112.31640625	43857.375	33739.83984375	40248.12890625	35300.0390625	38556.9765625	38380.2421875	43430.984375	47761.375	50856.32421875	49254.4296875	47675.26171875	47102.58203125	52460.96484375	45524.640625	36884.51171875	43783.828125	35004.47265625	37403.1015625	39840.4609375	40915.01171875	39565.19140625	38756.1875	42696.9765625	40519.70703125
P05387	RPLP2	Large ribosomal subunit protein P2	P05387	RLA2_HUMAN	5	5	5	5	5	5	5	5	5	4	5	5	5	5	5	5	5	5	5	5	5	4	5	5	5	4	5	5	5	5	5	19032.95703125	18746.591796875	18264.423828125	19795.490234375	18411.56640625	18218.603515625	18406.8046875	18661.251953125	18718.771484375	17528.1328125	15966.3359375	15070.8623046875	16274.44921875	19003.3984375	23239.166015625	25882.8515625	23429.67578125	20522.52734375	21309.662109375	26235.27734375	22688.462890625	15701.1689453125	17706.611328125	15926.267578125	18379.06640625	17870.677734375	16391.666015625	18034.77734375	16678.88671875	19749.0703125	17744.8515625
P05388	RPLP0	Large ribosomal subunit protein uL10	P05388	RLA0_HUMAN	3	4	4	4	4	4	4	3	4	4	4	4	4	3	4	4	4	4	3	4	4	3	4	3	4	4	4	4	4	4	4	11579.48046875	10810.7958984375	11561.7880859375	9846.662109375	9847.3525390625	8672.5205078125	10059.4921875	6206.10986328125	7073.060546875	6128.83447265625	6070.2958984375	7473.63427734375	7838.82275390625	6341.591796875	13359.8427734375	11234.2099609375	11069.015625	10805.2744140625	10824.37109375	11090.7412109375	13372.734375	8385.345703125	7616.4931640625	7861.19921875	9315.1962890625	7401.5693359375	8557.7265625	7573.27734375	8508.1982421875	7900.49169921875	9576.3154296875
P05452	CLEC3B	Tetranectin	P05452	TETN_HUMAN	9	9	10	9	9	9	10	8	10	10	10	9	10	9	9	9	9	9	8	9	9	9	10	9	9	10	9	10	9	9	9	77463.625	79788.6015625	81357.125	77817.515625	78383.921875	76041.6328125	76250.3046875	59045.80078125	60338.09375	66051.3359375	65545.9609375	63767.58984375	63001.98046875	63009.15625	71820.8203125	72682.671875	70519.4609375	71884.28125	75401.34375	75900.6484375	75677.203125	74763.46875	77321.0234375	87174.0078125	78643.1875	87438.1015625	75894.0703125	79166.96875	70803.296875	70793.1328125	73942.921875
P05543	SERPINA7	Thyroxine-binding globulin	P05543	THBG_HUMAN	15	14	15	14	15	13	14	16	16	16	17	17	17	16	13	15	14	15	15	16	14	15	14	15	14	15	15	15	17	16	15	69678.5625	73397.4921875	71637.125	68356.9609375	70602.1171875	77541.7421875	72263.0546875	171161.953125	166714.984375	178570.375	165407.921875	173622.1875	167852.96875	172922.0625	74545.640625	75940.5625	76240.3359375	80670.15625	78528.8203125	79998.046875	75088.671875	101521.390625	79237.1484375	102016.3984375	92719.6484375	101982.890625	100927.359375	101132.5859375	105839.1015625	104028.2421875	102404.265625
P05546	SERPIND1	Heparin cofactor 2	P05546	HEP2_HUMAN	20	20	21	21	22	21	22	24	24	24	24	24	24	24	23	23	24	22	23	24	23	24	22	23	24	24	24	24	23	24	23	195890.078125	193751.375	196523.734375	200439.296875	196046.859375	205525.203125	200444.140625	458593.25	447242.25	490222.96875	453530.4375	493036.84375	450676.375	460976.0625	293051.9375	329189.53125	281652.40625	330647.0625	328561.375	314278.375	303508.53125	353302.71875	305575.375	345214.53125	329048.46875	380512.28125	337983.59375	344930.40625	336474.78125	333083.78125	328522.71875
P05556	ITGB1	Integrin beta-1	P05556	ITB1_HUMAN	4	4	3	3	3	3	2	3	3	3	4	3	3	4	4	3	3	4	4	4	4	4	3	3	4	3	3	3	4	3	3	2837.0439453125	5068.86767578125	109.75753784179688	2558.029296875	2406.294677734375	4252.57666015625	4262.6591796875	4035.140380859375	5254.19873046875	6540.8466796875	5327.94140625	5741.421875	4869.93310546875	5464.2421875	6183.759765625	5281.310546875	7710.4736328125	5367.68603515625	6421.01708984375	5901.02734375	6196.8486328125	4784.1962890625	3311.77001953125	4806.18017578125	4731.1171875	5374	4020.832763671875	5251.62548828125	5059.19140625	6001.408203125	5713.31494140625
P06132	UROD	Uroporphyrinogen decarboxylase	P06132	DCUP_HUMAN	15	15	15	15	15	15	15	15	15	15	15	15	15	15	15	15	15	15	15	15	15	15	13	15	15	14	15	15	15	15	15	72715.34375	71669.5390625	71492.375	73019.7421875	70291.4296875	73765.734375	73710.5234375	84561.3125	79349.546875	79740.3515625	83822.453125	81296.984375	80132.5703125	82664.8984375	76361.5078125	74629.953125	73235.0703125	71295.5	73190.953125	74719.796875	72912.6953125	68880.171875	73736.328125	70468.03125	69764.265625	65652.75	69707.875	71426.625	71699.3828125	72560.7421875	75244.40625
P06276	BCHE	Cholinesterase	P06276	CHLE_HUMAN	5	5	6	7	4	7	6	6	7	7	7	7	6	7	7	7	7	7	7	6	7	7	7	6	7	7	7	7	7	7	7	180284.75	189737.21875	202369.109375	191169.90625	178683.125	199531.921875	207737.46875	211676.484375	209127.5625	227724.515625	206346.1875	243606.5	231410.59375	226919.796875	224600.1875	227851.234375	231866.125	235569.859375	228119.9375	212117.546875	241631.796875	248841.265625	233321.5	254516.765625	261703.625	268738.03125	247440.890625	258625.0625	228500.65625	211201.828125	222957.21875
P06312	IGKV4-1	Immunoglobulin kappa variable 4-1	P06312	KV401_HUMAN	9	8	8	9	9	8	8	11	10	10	9	11	11	9	11	11	11	11	11	11	11	8	8	9	9	10	8	8	11	10	10	425150.96875	375115.125	380336.8125	398713.6875	431944.21875	378627.4375	396034.78125	1175404.5	1163655.75	1245302.25	1179432.875	1228468.625	1150869.625	1095275.5	1050172.375	998344.6875	1035141.4375	1060612	1019163.4375	1071109.75	1129746.875	776372.8125	620717.875	808048.3125	794079.875	757980.4375	759477.25	865218.8125	768880.6875	870745.9375	872019.25
P06331	IGHV4-34	Immunoglobulin heavy variable 4-34	P06331	HV434_HUMAN	11	13	12	12	13	11	12	13	13	13	13	13	13	12	13	13	13	13	13	13	13	13	13	12	13	13	13	13	13	13	13	70042.234375	71449.9375	71158.6484375	67875.875	73668.71875	70587.3203125	63732.66796875	134134.453125	141560.3125	152584.171875	140051.96875	144804.71875	138396.203125	137640.390625	161763.4375	162205.484375	159168.34375	161596.90625	159916.4375	161495.703125	166188.125	189462.875	186104.703125	204726.015625	194466.875	209043.765625	194147.265625	201051.8125	145246.296875	154923.46875	151183.59375
P06396	GSN	Gelsolin	P06396	GELS_HUMAN	57	56	57	57	58	57	57	56	58	57	57	57	58	57	57	57	57	57	57	57	58	58	57	57	57	58	57	57	57	57	57	395633.3125	394053.96875	385988.625	387544.1875	381801.90625	391222.40625	389066.21875	383424.375	391973.0625	411959.21875	389649.40625	401731.5	386198.59375	389556.4375	362352.4375	362411.09375	360142.875	362352.15625	356320.5	362183.21875	358717.59375	448292.875	474812.15625	456797.46875	445952.625	479341.625	452822.25	474387.625	399824.25	405878.1875	395522.84375
P06454	PTMA	Prothymosin alpha	P06454	PTMA_HUMAN	0	1	1	1	1	0	1	1	1	1	1	1	1	1	1	1	1	1	1	1	1	1	1	1	1	1	1	1	1	1	1	NaN	3313.60986328125	3687.6650390625	4927.0576171875	2886.72314453125	NaN	2878.17626953125	4696.06005859375	6718.4267578125	9057.56640625	6944.48974609375	6610.75244140625	4583.63427734375	4037.107421875	7180.85888671875	3982.860595703125	8473.869140625	6124.51171875	3924.65966796875	5783.70458984375	6577.6259765625	5009.99072265625	3056.7802734375	2424.401123046875	5276.443359375	4954.1796875	4569.05517578125	6739.74853515625	3430.270751953125	4327.4248046875	7772.92822265625
P06576	ATP5F1B	ATP synthase subunit beta, mitochondrial	P06576	ATPB_HUMAN	9	10	10	10	9	10	9	10	10	10	10	10	10	10	10	10	10	10	10	10	10	10	9	10	10	10	10	10	10	10	9	18862.5546875	17442.19921875	19644.62109375	16991.939453125	17058.771484375	16484.146484375	17197.947265625	25465.875	23268.0390625	26327	26334.77734375	26642.572265625	26337.751953125	24789.345703125	25024.57421875	22595.068359375	23350.48828125	20936.40234375	23576.17578125	23260.599609375	24726.205078125	24333.6953125	20978.763671875	23740.962890625	24343.263671875	26951.607421875	23056.45703125	26412.146484375	20738.291015625	21277.357421875	19821.73046875
P06681	C2	Complement C2	P06681	CO2_HUMAN	25	25	23	24	23	22	23	25	25	25	25	25	25	25	25	25	25	24	24	25	24	25	24	24	25	25	24	25	25	25	25	95824.1484375	111701.1328125	113669.703125	108121.0625	108579.3203125	117269.5703125	111212.796875	195121.140625	195719.484375	216420.3125	213931.984375	207198.828125	200250.46875	199095.65625	142202.09375	142329.203125	137193.421875	141853.796875	144118.25	153617.46875	141718.234375	167857.15625	152353.75	167356.21875	165476.328125	179415.875	164738.5625	169346.890625	153872.5625	152311.78125	150159.140625
P06702	S100A9	Protein S100-A9	P06702	S10A9_HUMAN	16	16	16	16	16	16	16	16	16	16	16	16	16	16	16	16	16	16	16	16	16	16	16	16	16	16	16	16	16	16	16	282945.09375	279053.75	278198.4375	274110.15625	271152.09375	274423.09375	276137.40625	358301.4375	350708.96875	353018.5625	356351.53125	335751.96875	336424.28125	342483.875	321332.4375	329187.84375	333550.75	323421.3125	318238.71875	329492.34375	323994.90625	251535.71875	268406.3125	258711.0625	267417.5	257151.859375	249455.6875	241815.78125	298892.375	295974.40625	296167.34375
P06703	S100A6	Protein S100-A6	P06703	S10A6_HUMAN	6	6	6	6	7	6	6	6	6	6	6	6	6	6	6	6	6	6	6	6	6	6	7	6	6	6	6	6	6	6	6	1233069	1224717.875	1240227.75	1222254.5	1174752.375	1175097.125	1216676.25	959655.5	980278.9375	988756.125	992350.0625	964667.875	1002924.5625	974203.8125	1056029.625	1065049.875	1095481.25	1053174.375	1071272.75	1055104	1081421.25	1028622.4375	1112756.125	977843.1875	1012084.0625	1011701.25	1007532.0625	1025422.875	1046466.0625	1054052.375	1047282.8125
P06727	APOA4	Apolipoprotein A-IV	P06727	APOA4_HUMAN	68	71	72	71	74	71	69	70	74	69	69	72	70	69	71	74	72	72	73	69	71	71	74	68	69	67	70	70	73	75	75	951454.375	920708.9375	929005.125	910872.875	922216.1875	918172.1875	915656.3125	823871.0625	842137.8125	884957.375	816883.75	888215.1875	821171.0625	816797	612921.0625	613155.125	611209.875	623566.625	608354.625	595967.4375	602449.8125	1043168.5	1138743.875	1053129.375	1023224	1086767	1033086.8125	1084774.875	866560.875	857061.625	863569.625
P06730	EIF4E	Eukaryotic translation initiation factor 4E	P06730	IF4E_HUMAN	6	6	6	6	6	6	6	6	6	6	6	6	6	6	6	6	6	6	6	6	6	6	6	6	6	6	6	6	6	6	6	57062.0546875	58449.89453125	58208.6015625	59245.875	55598.9765625	54864.47265625	59444.4453125	47843.51171875	48372.3125	44557.9453125	44807.046875	46938.1328125	45610.54296875	45755.125	51639.953125	47997.01171875	48959.9140625	47375.1640625	48008.7265625	48235.1953125	49692.3671875	41898.90625	50396.109375	41160.72265625	42313.12890625	43283.11328125	45189.14453125	38223.67578125	45829.83203125	47019.36328125	46332.421875
P06733	ENO1	Alpha-enolase	P06733	ENOA_HUMAN	37	37	37	37	37	36	37	36	37	37	37	37	36	37	36	37	37	36	35	37	36	35	36	36	36	36	36	36	37	37	37	401494.65625	401373.1875	396541.84375	391673.46875	393315.65625	402083.46875	402746.28125	378688.75	372251.75	373930.71875	379201.125	365210.375	370213.84375	381578.8125	371264.21875	377230.71875	389522.875	377796.09375	382069.21875	368165.15625	379362.46875	390991.8125	428464.53125	394798.21875	391444.9375	384549.28125	388836.09375	384052.03125	380301.3125	373736.03125	375210.4375
P06744	GPI	Glucose-6-phosphate isomerase	P06744	G6PI_HUMAN	22	21	22	23	23	22	23	22	23	22	23	23	22	22	23	23	23	23	22	22	22	22	21	23	22	22	23	23	22	22	23	79156.8359375	81380.8359375	81416.5625	80491.8671875	76619.796875	75564.25	82750.2109375	65119.28125	67506.859375	63430.8359375	69304.8984375	63559.16015625	65960.9609375	66679.25	70811.4765625	67396.703125	70218.0859375	68180.3046875	67560.8046875	70819	69231.3203125	76040.453125	71716.1328125	78977.9375	77858.890625	77063.2421875	77414.6640625	77667.3125	72567.8125	69545.96875	70397.8984375
P06753	TPM3	Tropomyosin alpha-3 chain	P06753	TPM3_HUMAN	8	8	8	8	8	8	8	8	8	8	8	8	8	8	8	8	8	8	8	8	8	8	8	8	8	8	8	8	8	8	8	327533.59375	338933.875	333835.59375	343402.1875	333936.3125	348437.28125	341356.375	291587.3125	301207.9375	332413.5625	275702	277411.40625	288885.53125	285319.1875	288943.15625	303094.875	293588.8125	309477.875	264394.59375	256745.96875	287305.1875	241704.25	274393.375	240141.546875	280446.09375	275169.46875	266667.71875	264436.25	273126.0625	279912.4375	290488.21875
P06899;P23527;P33778;Q16778	H2BC11;H2BC17;H2BC3;H2BC21	Histone H2B type 1-J;Histone H2B type 1-O;Histone H2B type 1-B;Histone H2B type 2-E	P06899;P23527;P33778;Q16778	H2B1J_HUMAN;H2B1O_HUMAN;H2B1B_HUMAN;H2B2E_HUMAN	2	2	2	2	2	2	2	2	2	2	2	2	2	2	2	2	2	2	2	2	2	2	2	2	2	2	2	2	2	2	2	16247.4033203125	17031.791015625	18866.97265625	18864.626953125	21954.087890625	15833.501953125	18031	34576.0703125	34384.109375	31570.712890625	27972.7421875	35697.1171875	34101.3125	33985.453125	33289.4453125	24348.716796875	33311.4609375	28165.279296875	24582.82421875	26658.73046875	26962.861328125	23032.52734375	13658.4169921875	20825.505859375	18007.84375	19342.32421875	14553.1689453125	15753.8232421875	25619.947265625	27965.2421875	26847.462890625
P07108	DBI	Acyl-CoA-binding protein	P07108	ACBP_HUMAN	5	5	5	5	5	5	5	5	5	5	5	5	5	5	5	5	5	5	5	5	5	5	5	5	5	5	5	5	5	5	5	45769.67578125	39083.8203125	41740.546875	42241.28125	37289.00390625	40528.38671875	39954.4375	45803.98828125	38948.109375	33927.5625	34294.37890625	38752.39453125	37113.65234375	38639.0078125	48915.375	38883.24609375	43069.89453125	40509.609375	40433.49609375	37451.7109375	37443.43359375	40949.4765625	47739.68359375	30511.130859375	36468.796875	30701.208984375	36721.796875	35812.77734375	38097.34765625	41024.15234375	40642.69921875
P07195	LDHB	L-lactate dehydrogenase B chain	P07195	LDHB_HUMAN	35	36	36	36	36	36	36	36	36	36	36	36	36	36	35	36	36	36	36	36	35	36	36	35	35	36	35	35	36	36	36	595511.125	611035.8125	593508.1875	594070.1875	582961.8125	587096	589645.875	475823.09375	488205.1875	462399.15625	469920.375	464443.15625	473396.09375	490064.09375	558408.1875	547372.5625	562871.5	553302	559810.0625	554988.0625	565396.0625	533841.1875	505747.96875	521400.59375	527043.5	517911.4375	535573.9375	529317.9375	534640.625	529023	523861.46875
P07203	GPX1	Glutathione peroxidase 1	P07203	GPX1_HUMAN	14	14	14	13	14	13	13	15	15	15	15	15	15	15	13	13	13	13	14	12	13	15	15	15	15	15	15	14	15	15	15	435388.46875	426994.03125	443874.46875	444093.46875	447731	413272.125	454411.03125	631769.0625	630476.75	621524.9375	664627.8125	642612.875	635225.1875	662867.375	444200.46875	415750.625	452500.5	422436.46875	434816.40625	423988.65625	428315.3125	630041.25	617113.3125	605289.875	643761.9375	637404.75	607552.625	584313.125	497052.09375	527842.4375	526338.9375
P07225	PROS1	Vitamin K-dependent protein S	P07225	PROS_HUMAN	19	19	19	19	20	19	19	20	20	19	20	20	20	19	19	20	20	20	20	20	20	20	19	20	20	20	20	20	19	19	20	122682.578125	130381.390625	122903.875	126580.78125	119948.4609375	117958.890625	123557.40625	115668.0859375	116406.3046875	123987.65625	116797.4765625	130631.8828125	119534.0859375	117521.84375	141456.546875	135571.828125	138395.609375	143104.3125	141631.25	146049.109375	140875.890625	162226.40625	160004.3125	164385.546875	162362.640625	167197.015625	158066.28125	163107.640625	141949.265625	141978.3125	138600.890625
P07237	P4HB	Protein disulfide-isomerase	P07237	PDIA1_HUMAN	16	16	16	16	15	15	16	16	16	16	16	16	16	16	15	16	15	15	16	16	16	16	14	16	16	16	16	16	16	16	16	31509.189453125	32084.685546875	32640.349609375	33399.62109375	33666.8046875	33122.171875	33144.015625	41134.38671875	40498.41796875	40106.5625	41523.06640625	39954.03125	40376.25390625	41021.7421875	34032.2265625	35962.78125	33057.86328125	34972.25	35312.80859375	34572.06640625	33393.2421875	37219.984375	37293.6171875	38861.2734375	38024.53125	39975.9375	37648.125	37940.58203125	34555.07421875	36724.8515625	37300.9375
P07311	ACYP1	Acylphosphatase-1	P07311	ACYP1_HUMAN	5	5	5	5	5	5	5	5	5	5	5	5	5	5	5	5	5	5	5	5	5	5	5	5	5	5	5	5	5	5	5	64969.203125	63912.4140625	59246.6796875	60438.18359375	61025.89453125	61836.44921875	58212.890625	52885.54296875	56089.015625	59800.84765625	54591.7109375	55126.25390625	56638.12109375	54015.98046875	42853.5078125	40472.3515625	42186.0078125	39015.1328125	48232.67578125	49042.0390625	44801.33203125	47023.62109375	41057.15625	45565.8359375	48773.0625	45785.15625	48716.69921875	49901.4375	52451.3828125	54178.44921875	47796.015625
P07357	C8A	Complement component C8 alpha chain	P07357	CO8A_HUMAN	18	18	18	18	18	18	18	18	18	18	18	18	18	18	18	18	18	18	18	18	18	18	17	18	18	18	18	18	18	18	18	92659.921875	96251.6875	95539.2890625	95013.8203125	89558.4765625	91144.5625	91010.1875	109060.078125	112129.390625	118276.5390625	115927.3515625	121366.921875	113144.3515625	112104.140625	119588.046875	118401.1875	124047.859375	118437.9609375	126405.53125	125790.078125	126611.8828125	144068.9375	135379.34375	151467.09375	144218.546875	151991.21875	147259.703125	149161.796875	119820.859375	119032.59375	121021.8359375
P07358	C8B	Complement component C8 beta chain	P07358	CO8B_HUMAN	25	27	25	25	26	25	26	27	28	28	27	28	27	27	26	27	27	27	26	28	27	29	29	30	29	30	30	29	29	29	29	73705.1484375	72196.4296875	72683.828125	72178.984375	70031.265625	71975.0234375	73229.2890625	87671.40625	89367.734375	96918.390625	91001.953125	93247.265625	90823.9765625	93476	95186.3125	99419.078125	98482.453125	98047.078125	97778.03125	100889.71875	97581.90625	117190.625	101263.1796875	121184.546875	115538.2421875	123252.8203125	116205.8671875	122257.421875	96310.9140625	94265.359375	94203.0546875
P07359	GP1BA	Platelet glycoprotein Ib alpha chain	P07359	GP1BA_HUMAN	7	7	7	7	7	7	7	7	7	7	7	7	7	7	7	7	7	7	6	6	7	7	7	7	7	7	7	7	6	7	7	37790.671875	39961.3671875	37028.11328125	37422.828125	44509.546875	40760.4296875	41171.8515625	54019.78125	57467.3359375	52964.6328125	53178.59375	56708.18359375	53754.9609375	55785.796875	57250.80859375	50370.46875	61345.23828125	55498.73828125	51838.57421875	54846.60546875	50262.34375	55530.02734375	52728.0625	51273.53515625	51129.4765625	54336.42578125	42454.5390625	53123.3359375	50293.94140625	50146.90234375	50660.91796875
P07360	C8G	Complement component C8 gamma chain	P07360	CO8G_HUMAN	8	8	8	8	8	8	8	8	8	8	8	8	8	8	8	8	8	8	8	8	8	8	8	8	8	8	8	8	8	8	8	25981.572265625	30395.474609375	31628.9609375	31210.537109375	30330.326171875	32170.205078125	32421.525390625	46427.34765625	48770.0546875	53466.30078125	51965.32421875	49388.921875	46981.9375	47247.015625	44067.19921875	48441.00390625	38214.078125	51041.36328125	44885.0078125	45669.90234375	46240.06640625	63048.21875	62148.61328125	64846.078125	57202.9609375	69990.8125	62757.31640625	63937.0234375	46947.12890625	44202.75390625	44795.09765625
P07384	CAPN1	Calpain-1 catalytic subunit	P07384	CAN1_HUMAN	46	46	46	46	46	46	46	45	46	45	46	45	45	45	46	46	45	46	46	45	45	46	45	45	45	45	46	45	46	46	46	197076.03125	197139.390625	193897.96875	199565.59375	195990.59375	200325.796875	196508.796875	161833.671875	157187.140625	154787.9375	158456.359375	154268.40625	157217.640625	164888.0625	176559.5625	182247.6875	175824.515625	186678.53125	185636.3125	185089.75	180396.046875	172850.078125	131901.5625	165364.15625	165212.59375	171858.984375	176808.625	157537.9375	171191.953125	165506.625	168978.828125
P07437	TUBB	Tubulin beta chain	P07437	TBB5_HUMAN	6	6	6	7	6	5	6	6	7	6	7	6	7	7	6	6	6	6	6	6	6	6	6	6	6	6	6	7	6	6	6	60595.5078125	68821.03125	55182.0390625	61226.515625	62776.90625	64352.98046875	62877.41796875	81925.1875	83921.0546875	90091.7578125	88278.0078125	81347.7890625	83601.4453125	81378.7109375	75845.515625	78513.734375	76420.4453125	80266.765625	78450.484375	78877.3828125	71881.8046875	70062.7578125	76614.265625	72261.3125	68807.90625	72000.0390625	73523.6171875	69887.453125	71306.5546875	68528.3671875	72036.3984375
P07451	CA3	Carbonic anhydrase 3	P07451	CAH3_HUMAN	28	27	28	28	28	28	28	27	28	28	28	28	28	28	28	28	28	28	28	28	28	28	28	28	28	28	28	28	28	28	28	244787.265625	242759.46875	234328.359375	234934.671875	238655.515625	233643.90625	245870.53125	243910.109375	240357.359375	221463.515625	233530.75	238252	239344.6875	246428.375	360645	354636	359748.625	363951.90625	374124.875	364797.5	363577.25	244192.09375	229133.859375	244985.34375	232479.921875	235544.015625	227331.734375	242673.96875	274480.25	265781.5625	253337.53125
P07737	PFN1	Profilin-1	P07737	PROF1_HUMAN	12	12	11	11	13	12	12	11	11	12	12	12	12	12	12	12	11	13	12	12	12	12	12	12	11	11	11	11	11	12	11	173147.4375	179211.734375	176077.3125	182239	166204.28125	178695.3125	185349.125	217075.046875	213718.140625	226329.625	213721.625	214673.5	211541.890625	210877.203125	211685.0625	216953.203125	213589.359375	222408.6875	215628.140625	214220.515625	207753.25	194154.359375	182065.09375	190796.546875	187281.75	208775.53125	192820.203125	205534.375	182693.328125	196430	189882.09375
P07738	BPGM	Bisphosphoglycerate mutase	P07738	PMGE_HUMAN	34	33	34	35	35	35	34	34	35	34	35	35	34	33	34	34	34	34	33	34	33	34	34	33	34	33	34	34	34	33	33	1364292.125	1381288.125	1353072.875	1346437	1320596.25	1378302.125	1343143.125	1078938.375	1083203.75	1055976.5	1026231.4375	1026249.9375	1043883.9375	1054522.875	1251244	1283921	1256366.625	1240269	1214487.5	1211358.875	1231647.25	1129103.375	1228405	1095925.5	1130278	1072269.25	1142091.875	1074530.625	1158262	1174255.125	1174179
P07741	APRT	Adenine phosphoribosyltransferase	P07741	APT_HUMAN	8	8	8	8	8	8	8	8	8	8	8	8	8	8	8	8	8	8	8	8	8	8	8	8	8	8	8	8	8	8	8	81441.65625	82070.125	78786.3828125	78800.3046875	83300.546875	76256.5	75325.625	74598.3828125	73452.4140625	80726.8203125	76339.0625	73791.640625	70690.2578125	78982.46875	67408.625	66333.46875	69457.234375	68142.8984375	67667.8125	59479.8046875	70849.7578125	63022.0703125	66639.7265625	62943.44140625	63735.9765625	65595.359375	63344.2734375	64516.07421875	74389.2109375	67753.765625	70289.84375
P07900	HSP90AA1	Heat shock protein HSP 90-alpha	P07900	HS90A_HUMAN	49	50	50	50	48	49	48	49	50	50	49	50	49	48	48	50	50	50	50	48	49	46	48	46	45	45	47	46	49	49	50	195179.96875	195265.359375	200938.828125	196486.15625	192680.609375	196685.453125	194686.171875	193916.828125	190679.734375	186791.140625	190699.984375	186580.703125	190952.6875	188064.078125	279155.53125	275328	275233.875	271339.9375	268915.1875	273196	277821.4375	161794.359375	168614.15625	156421.125	159175.21875	157325.609375	160047.4375	157387.5	198579.859375	201668.828125	199369.046875
P07902	GALT	Galactose-1-phosphate uridylyltransferase	P07902	GALT_HUMAN	2	2	2	2	2	2	2	2	1	2	1	2	2	2	2	2	2	2	2	2	2	2	2	2	2	2	2	2	2	2	2	841.7122802734375	908.2536010742188	7274.958984375	887.0535278320312	5441.95556640625	7336.9189453125	870.5069580078125	10472.244140625	2903.579833984375	6647.4716796875	3529.66650390625	838.31494140625	709.6726684570312	7793.525390625	6007.43310546875	5466.17041015625	6010.517578125	7388.4072265625	10945.5966796875	839.6229858398438	10885.654296875	6307.63818359375	690.072021484375	8206.34765625	830.6809692382812	5262.9736328125	819.306396484375	773.4566040039062	4947.5986328125	10874.052734375	693.8651123046875
P07954	FH	Fumarate hydratase, mitochondrial	P07954	FUMH_HUMAN	14	14	14	14	14	14	14	14	14	14	14	14	14	14	14	14	14	14	14	14	14	13	14	14	14	13	13	13	14	14	14	70559.2578125	69726.578125	69713.6640625	69537.71875	69180.0625	65845.8359375	68315.515625	63606.3203125	65806.546875	67482.671875	65782.1484375	62945.66796875	65751.6640625	67261.5546875	66429.3203125	66307.3125	65186.8359375	63778.23828125	67376.1171875	68966.53125	67897.9609375	64424.40625	62616.46875	63552.34375	63106.63671875	62938.01953125	63541.796875	63215.66015625	62191.1875	65929.859375	63802.9921875
P07996	THBS1	Thrombospondin-1	P07996	TSP1_HUMAN	46	47	48	47	46	48	47	48	48	47	48	48	48	48	48	47	47	48	48	48	48	48	48	47	48	48	48	48	48	47	47	123950.625	128612	127525.828125	125835.8046875	125440.078125	125218.5625	125495.921875	181225.703125	177388.671875	197551.671875	188368.546875	190416.015625	179955.5	187514.34375	166586.171875	168972.484375	163063.953125	170650.265625	169634.578125	174119.96875	169589.6875	164394.640625	161025.109375	167008.46875	161859.640625	181682.453125	161592.4375	171118.796875	158177.171875	159674.9375	158927.4375
P07998	RNASE1	Ribonuclease pancreatic	P07998	RNAS1_HUMAN	1	1	1	1	0	1	1	1	1	1	1	1	1	1	0	0	1	0	1	1	1	1	0	1	1	1	1	1	1	1	1	2940.44140625	1874.4163818359375	2162.412841796875	2608.92041015625	NaN	2101.31591796875	1004.977783203125	796.739013671875	5554.25244140625	3367.5986328125	5112.36083984375	3602.654541015625	2724.407958984375	5195.974609375	NaN	NaN	2469.939208984375	NaN	1359.8114013671875	2722.453125	464.44622802734375	2143.539306640625	NaN	4002.50537109375	2194.58984375	3229.046630859375	2569.15283203125	2674.718505859375	3489.306396484375	1892.542724609375	1741.7728271484375
P08185	SERPINA6	Corticosteroid-binding globulin	P08185	CBG_HUMAN	15	14	14	15	15	15	15	15	15	15	15	15	15	15	15	15	15	15	15	15	14	15	15	15	15	15	14	14	15	14	15	248425.1875	243668.375	251289.890625	248507.609375	253314.1875	244960.046875	248254.875	450870.59375	439703.5625	442534.46875	454509.21875	480740.59375	450122.15625	452398.96875	225261.953125	213450.609375	231261.015625	218963.546875	223848.765625	221096.84375	232029.09375	252281.109375	233459.671875	266989.8125	257940.203125	278936.4375	258357.65625	268525.90625	304221.0625	295964.6875	282221.0625
P08237	PFKM	ATP-dependent 6-phosphofructokinase, muscle type	P08237	PFKAM_HUMAN	16	16	15	15	16	15	16	17	16	17	16	16	16	16	15	17	16	16	16	17	15	16	15	17	17	17	17	17	16	16	15	23390.83984375	20683.125	22974.0703125	22891.6171875	22052.142578125	23738.8203125	22605.412109375	15458.89453125	16888.271484375	18100.294921875	18170.46484375	17161.865234375	17392.25390625	19755.66015625	19474.99609375	23048.53125	18998.6953125	22709.296875	22071.982421875	22441.40234375	21125.056640625	20799.822265625	18123.91015625	21261.599609375	20537.216796875	20376.64453125	21524.310546875	20494.37890625	20415.9375	20355.52734375	19690.8203125
P08238	HSP90AB1	Heat shock protein HSP 90-beta	P08238	HS90B_HUMAN	11	11	11	11	11	11	11	11	11	11	11	11	11	11	11	11	11	11	11	11	11	11	11	11	11	10	11	11	11	11	11	50258.5703125	52027.3203125	52780.30078125	50100.31640625	50221.85546875	51816.578125	51041.2421875	53909.48828125	55872.72265625	58522.4765625	57347.5390625	57195.74609375	57553.75	55220.17578125	74409.921875	75843.6796875	72855.4609375	74535.7421875	73793.96875	73163.3046875	75719.7265625	49977.78515625	49116.703125	49120.45703125	52543.0625	50939.359375	47366.6640625	50948.53125	56144.71484375	58031.7734375	56218.6953125
P08246	ELANE	Neutrophil elastase	P08246	ELNE_HUMAN	7	7	7	7	7	7	7	7	7	7	7	7	7	7	7	7	7	7	7	7	7	7	7	7	7	7	7	7	7	7	7	71532.421875	74987.90625	66335.6796875	74437.859375	73017.9453125	79725.75	76326.0234375	86888	82175.75	77463.59375	72534.3828125	82514.2734375	82246.109375	89681.734375	72527.7578125	86543.0625	73460.3125	89574.6328125	84536.796875	81609.171875	69363.453125	79046.6796875	60268.6953125	72856.0234375	74264.4453125	87219.125	81111.3046875	73503.8359375	75750.15625	72851.265625	78146.390625
P08311	CTSG	Cathepsin G	P08311	CATG_HUMAN	10	10	10	10	10	9	10	10	10	10	10	10	10	10	10	10	9	10	9	9	10	10	9	10	10	10	10	9	10	10	10	64940.7890625	70748.8046875	67339.171875	70123.2734375	74193.0546875	72209.6171875	67399.8125	95576.46875	92263	80552.25	88036.7578125	91231.8828125	93559.1953125	92767.9296875	71422.109375	71797.3359375	74339.609375	71901.8359375	70620.203125	74008.125	72035.96875	65870.3359375	75191.953125	63820.84375	68433.828125	70158.59375	69224.84375	64425.8671875	68610.1015625	75577.4140625	73025.0546875
P08397	HMBS	Porphobilinogen deaminase	P08397	HEM3_HUMAN	25	24	25	24	25	24	25	25	25	25	24	24	25	25	24	25	24	25	25	25	25	25	25	25	25	25	25	25	25	25	25	122721.3828125	119123.5078125	115040.671875	119859.3515625	118880.359375	118638.0078125	122253.1953125	107803.578125	108882.53125	110914.6328125	111561.203125	106386.84375	109975.2890625	109464.046875	111722.890625	110295.296875	110544.6796875	110876.65625	110526.359375	109215.1015625	111237.8125	124872.1484375	128289.5234375	121801.6484375	126080.1953125	119714.6484375	124430.1484375	117575.90625	111663.4296875	114440.3515625	112827.09375
P08514	ITGA2B	Integrin alpha-IIb	P08514	ITA2B_HUMAN	29	29	29	29	27	27	28	29	29	29	29	28	29	29	29	29	29	29	29	29	29	29	29	29	29	29	28	29	29	29	28	72343.140625	71289.3671875	73272.453125	71938.9765625	69164.3828125	69815.140625	70342.0703125	94589.1484375	95589.6171875	103403.953125	92798.453125	97844.5625	96221.21875	97417.6171875	108742.078125	111451.484375	109775.015625	108577.765625	109616.8671875	111382.46875	108605.8671875	101355.7890625	99172.0390625	102478.2265625	96677.96875	108592.3828125	97450.65625	102930.046875	93952.34375	92668.953125	94271.859375
P08519	LPA	Apolipoprotein(a)	P08519	APOA_HUMAN	4	8	5	7	4	5	5	7	11	9	6	7	7	8	14	15	17	20	14	16	16	28	29	29	29	28	28	28	28	27	27	26052.341796875	39772.90234375	35472.2734375	16375.3486328125	31635.765625	14039.4697265625	20626.001953125	30002.580078125	27486.673828125	26789.36328125	34127.02734375	31781.138671875	31880.357421875	36167.87109375	66954.0703125	58154.03515625	59320.4375	55328.5234375	61481.00390625	59849.88671875	65279.73046875	349887.0625	438856.0625	388420.15625	378968.78125	384505.40625	358324.78125	383144.78125	138388.765625	131259.15625	140593.84375
P08567	PLEK	Pleckstrin	P08567	PLEK_HUMAN	9	9	9	9	9	9	9	10	10	10	10	10	10	10	9	9	9	9	9	9	9	10	10	10	10	10	10	10	10	10	10	36299.12109375	37804.5546875	37645.765625	35764.51171875	34346.2421875	35049.16015625	35671.60546875	41684.1171875	44416.4375	47241.55078125	46642.953125	43172.9609375	46052.26953125	44270.09375	45221.5703125	49332.890625	45861.234375	48168.9453125	47437.671875	48432.31640625	47838.1640625	36559.30859375	38517.3984375	39138.75	39294.3125	42465.18359375	38992.72265625	40261.8125	39842.2109375	41117.046875	39835.18359375
P08571	CD14	Monocyte differentiation antigen CD14	P08571	CD14_HUMAN	7	7	7	7	7	7	7	7	7	7	7	7	7	7	7	7	7	7	7	7	7	7	7	7	7	7	7	7	7	7	7	30591.890625	27265.90234375	28776.7578125	27914.236328125	25883.095703125	27048.27734375	27318.255859375	33069.296875	34665.37890625	34348.18359375	31657.162109375	35225.46875	31073.14453125	33348.53515625	26766.2890625	28195.703125	27336.982421875	27334.66015625	25596.998046875	26606.712890625	26743.28515625	35198.63671875	39409.10546875	36177.6171875	39507.8046875	39834.265625	36623.37890625	40259.64453125	30409.927734375	30617.689453125	31235.16015625
P08603	CFH	Complement factor H	P08603	CFAH_HUMAN	86	86	86	85	83	85	85	87	88	88	88	88	88	88	88	87	88	88	87	87	88	88	87	88	87	88	88	88	88	88	88	387459.21875	389164.90625	387996.6875	366196.28125	348731.9375	350327.1875	357589.125	553478.125	550621	584604.6875	579031.5625	591350.125	569488.5	600776.9375	446126.9375	435147.59375	459300.59375	423398.84375	451962.5625	456865.3125	456261.40625	515347.75	559323.5625	573526	538810.125	573763.25	556492.3125	573324.25	485866.8125	480972.8125	484847.65625
P08670	VIM	Vimentin	P08670	VIME_HUMAN	21	20	21	21	20	21	20	21	22	22	21	19	22	22	19	22	21	20	21	20	21	21	21	21	21	20	21	20	22	20	19	27865.423828125	28364.193359375	28401.56640625	27746.396484375	27256.224609375	27120.560546875	27527.255859375	33112.828125	34218.80859375	32249.564453125	35064.7109375	30914.41015625	35654.54296875	32903.76953125	31592.28125	31839.337890625	31985.521484375	30404.103515625	29214.921875	29645.6875	29581.43359375	28828.990234375	32221.765625	30866.3125	31739.330078125	31825.43359375	29342.66015625	30597.037109375	29595.130859375	29605.017578125	30962.376953125
P08697	SERPINF2	Alpha-2-antiplasmin	P08697	A2AP_HUMAN	25	25	25	25	25	25	25	25	25	25	25	25	25	25	25	25	25	25	25	25	25	25	25	25	25	25	25	25	25	25	25	474500.1875	461896.28125	466764.59375	453129.75	452098.0625	469235.21875	454628.3125	537286.3125	536631.9375	592286.75	565575.1875	592084.3125	555791.0625	563569.1875	543874.5	521656.53125	531101.6875	531083.6875	522204	549356.8125	540591.3125	526766.625	555912.875	548205.875	529373.625	557788.375	521962.28125	566619.3125	526612.3125	517873.21875	527874.25
P08754	GNAI3	Guanine nucleotide-binding protein G(i) subunit alpha-3	P08754	GNAI3_HUMAN	2	2	2	2	2	2	2	2	2	2	2	2	2	2	2	2	2	2	2	2	2	2	2	2	2	2	2	2	2	2	2	43327.21875	48332.12109375	44751.96875	44504.5625	36382.65625	41424.26953125	44988.48828125	44654.36328125	35229.78125	37890.3828125	40831.25390625	34132.390625	40384.0546875	39313.29296875	38119.5859375	41195.18359375	43868.60546875	38144.83984375	37925.609375	39770.41015625	37657.19140625	31013.12109375	23647.201171875	31447.1328125	30515.3984375	29811.1796875	30283.734375	26072.02734375	37573.7578125	35383.171875	37127.75
P08758	ANXA5	Annexin A5	P08758	ANXA5_HUMAN	4	4	4	4	4	4	4	4	4	4	4	4	4	4	4	4	4	4	4	4	4	4	4	4	4	4	4	4	4	4	4	16109.142578125	17393.791015625	17443.0078125	18031.4375	19590.28125	16189.27734375	18453.58984375	16096.8046875	13115.814453125	14775.244140625	16995.736328125	12316.6171875	14617.6435546875	14097.1337890625	28392.828125	25094.0703125	23785.6640625	23630.033203125	24629.15234375	25689.806640625	26344.73046875	23804.83203125	26781.5078125	23696.716796875	21625.380859375	25782.115234375	23513.822265625	22839.576171875	18828.283203125	19185.564453125	19630.12109375
P09104	ENO2	Gamma-enolase	P09104	ENOG_HUMAN	11	11	11	11	11	11	11	11	10	11	11	11	11	11	11	11	11	11	11	11	11	11	11	11	11	11	11	11	11	11	11	31813.83203125	32009.890625	27959.84765625	29621.373046875	28862.11328125	28776.90234375	30439.052734375	29812.662109375	30903.0234375	29835.224609375	29533.7421875	29266.74609375	29852.029296875	30132.806640625	26573.861328125	25468.91796875	28094.087890625	25169.916015625	26684.65234375	28335.029296875	28107.662109375	38751.0859375	41160.51171875	39537.484375	42519.5390625	38971.5078125	41144.796875	40431.5	31181.748046875	33062.30078125	31254.787109375
P09105	HBQ1	Hemoglobin subunit theta-1	P09105	HBAT_HUMAN	8	8	7	9	8	9	8	9	9	9	9	9	9	9	9	9	9	8	9	8	9	9	9	9	9	8	9	9	9	9	9	150757.890625	145829.640625	154402.015625	157046.140625	159634.15625	155184.203125	161255.34375	206680.96875	202668.484375	189066.140625	178050.125	195420.5625	186349.34375	197034.46875	295464.90625	279376.03125	290815.625	275681.03125	271299.65625	280764.53125	288499.28125	252188.21875	295791.65625	241993.28125	264852.28125	239833.53125	245487.828125	247720.328125	220569.78125	221455.734375	223410.875
P09172	DBH	Dopamine beta-hydroxylase	P09172	DOPO_HUMAN	0	0	0	1	0	0	0	1	1	1	1	1	1	1	1	1	1	1	1	1	1	1	1	1	1	1	1	1	1	1	1	NaN	NaN	NaN	1778.7376708984375	NaN	NaN	NaN	6676.2158203125	11642.5634765625	8932.7275390625	8175.52294921875	7900.2392578125	8575.583984375	8765.3291015625	10256.060546875	12147.16796875	11535.626953125	10844.3408203125	10351.2333984375	11707.6123046875	12004.6513671875	3646.623046875	5003.9306640625	5405.84228515625	4210.1220703125	7508.5986328125	7638.42138671875	4580.25634765625	6075.00830078125	4792.7041015625	6661.408203125
P09211	GSTP1	Glutathione S-transferase P	P09211	GSTP1_HUMAN	11	11	12	11	11	11	11	11	11	11	11	11	11	11	12	11	12	11	11	11	11	11	12	11	11	12	11	12	12	11	11	151657.546875	153148.984375	154336.15625	152032.421875	150816.625	152089.921875	150819.203125	197660.328125	202671.703125	200090.390625	200349.890625	186754.171875	183464.359375	192921.40625	199586.8125	210914.53125	198464.328125	203527.609375	193218.875	205372.53125	198118.96875	182476.6875	207047.1875	171402.90625	184808.375	171032.890625	181542.4375	175729.015625	180964.390625	187616.78125	179802.421875
P09417	QDPR	Dihydropteridine reductase	P09417	DHPR_HUMAN	9	11	11	11	11	11	11	11	11	11	11	11	11	10	11	11	11	11	11	11	11	11	11	11	11	11	11	11	11	11	11	36154.87890625	36533.58984375	35631.234375	36349	31926.814453125	34778.046875	35951.57421875	47339.68359375	48541.60546875	43256.33203125	46487.19921875	43508.1640625	45830.97265625	49059.87890625	56950.953125	55389.26953125	56793.28125	52943.4921875	57828.75	55830.85546875	54756.93359375	47087.73046875	53027.41796875	51846.0703125	49757.71484375	45663.484375	52792.16796875	50125.54296875	46947.3671875	43445.4765625	48627.22265625
P09486	SPARC	SPARC	P09486	SPRC_HUMAN	1	1	1	1	1	0	1	1	1	1	1	1	1	1	1	1	1	1	1	1	1	1	1	1	1	1	1	1	1	1	1	6340.109375	4071.2431640625	3277.80419921875	4218.60009765625	3591.783447265625	NaN	3117.492919921875	8035.28857421875	10446.587890625	10738.00390625	9280.6650390625	7984.046875	8078.09375	6825.0693359375	11180.1826171875	8187.3544921875	10771.7109375	8047.12744140625	6501.9833984375	8393.259765625	8217.66796875	5120.22998046875	4591.8583984375	6602.89453125	6180.49267578125	6128.66796875	8037.5859375	10192.5107421875	7228.60888671875	7959.22705078125	8176.29833984375
P09493	TPM1	Tropomyosin alpha-1 chain	P09493	TPM1_HUMAN	7	9	9	9	9	9	9	9	9	8	8	9	8	7	9	9	9	9	7	8	9	8	9	7	7	6	8	7	9	9	9	114141.125	111332.640625	108831.2578125	111834.625	112435.296875	115310.671875	103754.5078125	97635.515625	98055.3984375	105913.1875	100970.6875	101711.5234375	101978.03125	102314.5390625	100510.046875	94338.28125	99951.09375	106109.7421875	96293.4375	105285.1015625	106169.6875	89542.359375	90815.8125	87114.984375	93271.2109375	91792.4296875	87619.5234375	88483.234375	102776.6953125	90756.3984375	100022.015625
P09496	CLTA	Clathrin light chain A	P09496	CLCA_HUMAN	3	3	3	3	3	3	3	3	3	3	3	3	3	3	3	3	3	3	3	3	3	3	3	3	3	3	3	3	3	3	3	44473.89453125	46743.58984375	49405.8359375	47648.515625	44712.57421875	43224.58984375	43225.0234375	36491.578125	35564.58984375	34473.4765625	34369.078125	33109.80859375	31208.82421875	33629.93359375	32394.232421875	29472.521484375	29394.607421875	33598.07421875	33291.26171875	31632.33203125	37033.8515625	53442.34375	57727.26953125	61488.08984375	58382.015625	54966.48828125	57917.46875	55374.4765625	36782.41796875	42234.53125	38294.34765625
P09497	CLTB	Clathrin light chain B	P09497	CLCB_HUMAN	5	5	5	5	5	5	5	5	4	5	5	5	5	5	5	4	4	4	5	4	4	5	5	5	5	5	4	5	5	5	5	10306.6005859375	10174.5576171875	8891.5966796875	10641.1416015625	8669.751953125	9406.162109375	10064.423828125	8211.8447265625	9191.90625	9022.32421875	6209.86376953125	8226.5234375	7114.8837890625	8116.19140625	5183.6025390625	5966.12060546875	6238.06689453125	5978.99755859375	5428.16748046875	5388.22705078125	4679.26123046875	9721.3662109375	10975.0966796875	9989.9541015625	9976.0810546875	8823.998046875	10122.365234375	8870.38671875	8782.9755859375	8912.4111328125	9095.3779296875
P09525	ANXA4	Annexin A4	P09525	ANXA4_HUMAN	9	10	9	9	10	9	10	10	10	10	10	10	10	10	10	10	10	10	9	10	10	10	10	10	10	10	10	10	10	10	9	26857.931640625	27602.501953125	25949.197265625	25108.767578125	25142.1796875	25337.21875	24911.2578125	27037.1875	29632.734375	32784.4296875	27001.41796875	27221.525390625	30156.9453125	28918.224609375	27636.947265625	25422.296875	28054.337890625	25066.861328125	24582.39453125	25111.0078125	27506.791015625	23912.783203125	20489.423828125	22477.27734375	22424.142578125	23755.015625	21322.3046875	25238.46484375	24848.33203125	26115.66796875	26223.62890625
P09543	CNP	2',3'-cyclic-nucleotide 3'-phosphodiesterase	P09543	CN37_HUMAN	11	11	11	11	11	11	11	11	11	11	10	11	11	11	11	10	11	11	11	11	11	11	11	11	11	11	11	11	11	10	11	24666.5859375	29280.65625	29088.138671875	27836.72265625	26899.71484375	26448.81640625	28172.64453125	19878.779296875	21048.912109375	19205.828125	21150.03125	20250.125	20985.400390625	20155.337890625	25189.75390625	25349.9609375	24780.716796875	24801.3515625	23951.41796875	25997.86328125	26388.078125	21770.61328125	22105.791015625	22281.279296875	22628.259765625	21130.654296875	19994.4453125	20293.689453125	20427.759765625	23918.470703125	23312.41015625
P09651	HNRNPA1	Heterogeneous nuclear ribonucleoprotein A1	P09651	ROA1_HUMAN	6	6	6	5	6	6	6	5	5	6	6	6	6	6	6	6	5	6	6	6	6	6	4	6	6	6	6	6	6	6	6	17060.052734375	15439.9677734375	16065.181640625	15690.375	15654.1044921875	15854.828125	11437.8203125	14742.021484375	14822.0908203125	16219.7177734375	16825.927734375	12401.7822265625	15455.005859375	14803.3603515625	13144.5751953125	14714.8740234375	12055.00390625	13943.8583984375	14499.9775390625	13189.4033203125	16031.6845703125	13391.3388671875	9738.1826171875	15379.421875	14792.8134765625	16097.1240234375	13577.630859375	15514.2041015625	12755.1923828125	13735.1552734375	13260.833984375
P09871	C1S	Complement C1s subcomponent	P09871	C1S_HUMAN	34	33	34	34	33	34	34	34	36	35	35	34	36	35	34	34	34	34	33	34	34	34	34	34	33	34	35	35	35	36	34	107926.484375	108933.71875	111349.703125	110381.734375	104923.25	106929.4296875	108633.1328125	144627.09375	144798.453125	154289.1875	146372.796875	150443.3125	142080.140625	144439.5625	107469.9921875	104483.7421875	106081.78125	105046.515625	105977.5234375	106375.84375	107223.03125	131824.640625	134705.78125	141592.0625	134693.484375	142805.21875	132259.3125	138334.03125	123366.6171875	122912.4453125	121414.546875
P09960	LTA4H	Leukotriene A-4 hydrolase	P09960	LKHA4_HUMAN	30	30	31	31	29	30	31	30	30	30	30	31	30	31	31	31	31	31	31	31	31	31	30	31	31	30	30	30	31	30	30	108583.2265625	113511.8984375	110853.9296875	111108.0625	105040.921875	110101.828125	112058.90625	99583.21875	102028.828125	97801.7890625	101490.734375	97132.3671875	101044.328125	102517.71875	117882.390625	117571.0859375	119200.0390625	120391.4921875	122293.7890625	117402.953125	120810.8203125	106862.4296875	104341.6875	108786.25	108808.703125	107314.265625	108468.40625	103569.0703125	106672.1171875	106622.109375	105125.0390625
P0C0L4	C4A	Complement C4-A	P0C0L4	CO4A_HUMAN	144	146	149	149	150	147	146	155	158	155	155	157	157	156	150	151	154	157	146	153	151	158	155	154	155	156	156	157	157	157	159	745219.125	750813.8125	751944.3125	737609.3125	729274.0625	759871.3125	755144.0625	1387510.375	1384514.125	1404230.375	1341917.5	1468132.75	1366001.125	1396272.75	1054320.875	1087035.75	1063472.875	1080667.125	1090687	1091044	1063757.5	1510869.5	1459427.875	1536430.5	1481008.5	1601658.75	1502713.875	1557205	1194967.25	1190517.5	1184585.625
P0C0L5	C4B	Complement C4-B	P0C0L5	CO4B_HUMAN	5	5	5	5	5	6	6	5	6	5	5	5	5	5	5	5	5	5	4	5	5	7	7	7	7	6	7	7	7	7	6	52537.5390625	56676.5859375	50718.4296875	54901.6484375	53516.4921875	56212.70703125	54545.0390625	61778.8828125	54616.59375	65288.5390625	70599.5703125	66080.0234375	60278.234375	62552.1015625	61335.64453125	58090.78125	54168.34765625	60874.8125	67879.296875	57366.5546875	58509.62890625	74117.0625	67658.828125	74858.4921875	62808.9453125	79036.1640625	67380.875	67193.328125	55042.3984375	60078.6015625	59305.3203125
P0C0S5;Q71UI9	H2AZ1;H2AZ2	Histone H2A.Z;Histone H2A.V	P0C0S5;Q71UI9	H2AZ_HUMAN;H2AV_HUMAN	0	1	0	1	0	0	0	1	1	1	1	1	1	1	1	0	0	1	1	0	1	0	1	0	0	1	1	1	1	1	1	NaN	5497.26904296875	NaN	3207.724853515625	NaN	NaN	NaN	13806.822265625	14192.6142578125	13197.9296875	12515.302734375	7052.71142578125	10239.296875	10865.005859375	9176.2861328125	NaN	NaN	8322.2490234375	7107.7421875	NaN	5343.419921875	NaN	7457.5556640625	NaN	NaN	9181.9619140625	5540.4384765625	6576.970703125	6949.35205078125	7774.60107421875	2191.798828125
P0CG47;P0CG48	UBB;UBC	Polyubiquitin-B;Polyubiquitin-C	P0CG47;P0CG48	UBB_HUMAN;UBC_HUMAN	8	8	8	8	8	8	8	8	8	8	8	8	8	8	8	8	8	8	8	8	8	8	8	7	8	8	8	8	8	8	8	1160506.625	940703.875	988498.625	1027019	1194038.375	1187571.75	1122321.75	963847	886685.125	895266.8125	976389.8125	1040029.0625	1056566	1044010.25	1163692.125	973836.625	1047528.5625	1024233.25	1142344.125	1073388.625	1196246.875	1131152	751846.1875	1060264.375	1221588.375	1129902.5	1114925.25	1213469.125	1004658.9375	984836.75	1027809.0625
P0DJI8	SAA1	Serum amyloid A-1 protein	P0DJI8	SAA1_HUMAN	5	6	5	4	5	4	5	7	7	7	7	7	7	5	7	6	6	7	6	6	7	7	7	7	7	7	7	7	6	7	7	7010.66259765625	7311.75146484375	7972.3544921875	9355.89453125	7011.1279296875	7722.02783203125	5909.5537109375	27506.078125	30674.5	32493.142578125	28110.94140625	29960.677734375	27797.595703125	30196.859375	14016.759765625	15716.7626953125	15538.814453125	15450.9541015625	14850.7744140625	14046.3095703125	16479.517578125	21487.10546875	22598.38671875	22058.275390625	21467.029296875	21671.1171875	19736.984375	20931.283203125	18171.39453125	17551.3203125	18706.94921875
P0DME0;Q01105	SETSIP;SET	Protein SETSIP;Protein SET	P0DME0;Q01105	SETLP_HUMAN;SET_HUMAN	1	1	1	1	1	1	1	1	1	1	1	1	1	1	1	1	1	1	1	1	1	1	1	1	1	1	1	1	1	1	1	3564.36767578125	2504.65869140625	5078.318359375	3906.27001953125	5630.49755859375	4141.306640625	4896.52587890625	4648.6064453125	5719.1923828125	7196.67919921875	5522.5537109375	7452.185546875	6106.22265625	7787.74267578125	3962.85546875	4861.67236328125	5330.197265625	5993.28271484375	6777.45654296875	5539.76708984375	6854.78466796875	6166.53662109375	5584.4208984375	6256.12548828125	4904.013671875	4105.21044921875	5954.3427734375	5294.033203125	4814.41162109375	5574.56298828125	5892.0791015625
P0DMV8;P0DMV9	HSPA1A;HSPA1B	Heat shock 70 kDa protein 1A;Heat shock 70 kDa protein 1B	P0DMV8;P0DMV9	HS71A_HUMAN;HS71B_HUMAN	35	36	35	35	36	36	35	35	36	34	36	36	35	34	36	36	36	35	35	35	35	33	35	34	34	35	34	35	36	36	35	461439.28125	466022.90625	469669.8125	467756.96875	464734.625	461163.5625	466586.59375	371910.15625	367104.59375	371761.4375	369491.5625	364063.5625	364717.875	363033.78125	426705.96875	418975.8125	425657.03125	431989.59375	426674.28125	422216.4375	430649.25	341197.09375	365463.125	327934.59375	339950.8125	326302.5625	335441.0625	328693.28125	389264.03125	394882.59375	395902.34375
P0DOY2;P0DOY3	IGLC2;IGLC3	Immunoglobulin lambda constant 2;Immunoglobulin lambda constant 3	P0DOY2;P0DOY3	IGLC2_HUMAN;IGLC3_HUMAN	11	11	11	10	11	11	11	11	11	11	11	11	11	11	11	11	11	11	11	11	11	11	11	11	11	11	11	11	11	11	11	526484.875	590175.625	544100.625	559230.25	581784.3125	583870.0625	605887.0625	1094967.875	1081791.625	1200697.375	1071805.625	1120981	1081240.75	1048693.25	1170741.375	1120017.75	1122642.75	1150272.75	1149902.75	1157096.5	1186200.375	1064719.875	1189915.75	1026872.25	1012786.125	1058959.125	1026534.5625	1137094.5	992587.0625	1035696.375	958895.0625
P0DP23;P0DP24;P0DP25	CALM1;CALM2;CALM3	Calmodulin-1;Calmodulin-2;Calmodulin-3	P0DP23;P0DP24;P0DP25	CALM1_HUMAN;CALM2_HUMAN;CALM3_HUMAN	13	13	13	13	13	13	13	13	13	13	13	13	13	13	13	13	13	13	13	13	13	13	13	13	13	13	13	13	13	13	13	262297.09375	259028.640625	262925.1875	257433.71875	249692.65625	261267.09375	265484.28125	252876.875	250808.859375	263266.46875	271507.34375	246768.625	260896.75	247934.484375	255812.71875	249103.25	248575.0625	251355.46875	235899.328125	252370.046875	249269.65625	217396.96875	243777.859375	205927.703125	216926.296875	208804.1875	216233.8125	203904.90625	234291.875	247269.21875	240758.015625
P0DTE1	IGHV3-38-3	Probable non-functional immunoglobulin heavy variable 3-38-3	P0DTE1	HV383_HUMAN	2	2	2	2	2	2	2	2	2	2	2	2	2	2	2	2	2	2	2	2	2	2	2	2	2	2	2	2	2	2	2	13699.71484375	17723.97265625	17700.23046875	17813.82421875	17575.38671875	19137.9765625	18599.05859375	33175.9140625	36244.3359375	26841.28515625	26532.013671875	33700.74609375	30871.271484375	30951.3984375	36225.46484375	33019.28125	34381.03515625	32608.29296875	28236.0859375	35771.83984375	30984.720703125	30937.546875	32477.330078125	33821.28515625	31525.58203125	36403.4140625	34786.4765625	33617.640625	30993.09765625	23952.861328125	27032.748046875
P10124	SRGN	Serglycin	P10124	SRGN_HUMAN	1	1	1	1	1	1	1	1	1	1	1	1	1	1	1	1	1	1	1	1	1	1	1	1	1	1	1	1	1	1	1	14784.6083984375	12920.0244140625	14280.3642578125	12819.982421875	10569.080078125	11509.326171875	11838.2216796875	12070.255859375	18421.943359375	20241.248046875	17453.98828125	15313.65625	13418.224609375	17208.7578125	16226.4833984375	14701.5673828125	19522.96875	17505.58203125	17539.96875	14932.6484375	17122.494140625	14482.8203125	14426.7548828125	12426.2744140625	16254.4609375	12231.59375	12908.873046875	15674.51953125	18468.68359375	14754.86328125	11796.2470703125
P10153	RNASE2	Non-secretory ribonuclease	P10153	RNAS2_HUMAN	2	2	1	1	2	2	2	2	2	2	2	1	2	2	2	2	2	2	2	2	2	2	2	2	2	2	2	2	2	2	2	16098.30078125	7810.62744140625	10517.4716796875	13038.220703125	14840.0009765625	16530.138671875	11017.966796875	9300.5068359375	6360.24365234375	15976.2158203125	9998.3671875	11698.3330078125	10588.4609375	8774.6533203125	32280.24609375	18518.8203125	34769.1484375	17480.78125	14238.66015625	24994.1875	29227.796875	15868.6416015625	22197.275390625	18045.86328125	33895.078125	19846.017578125	19571.59765625	24559.6328125	11896.6982421875	15572.2587890625	12609.140625
P10412;P16402;P16403	H1-4;H1-3;H1-2	Histone H1.4;Histone H1.3;Histone H1.2	P10412;P16402;P16403	H14_HUMAN;H13_HUMAN;H12_HUMAN	10	10	9	9	10	10	10	10	10	10	10	10	10	10	10	10	10	10	10	10	10	10	10	10	10	10	10	10	10	10	10	71924.3359375	65386.87109375	70582.640625	80607.078125	66058.234375	66657.7890625	71999.21875	118079.7578125	112343.859375	120278.8203125	110183.46875	109012.0234375	115002.5234375	112075.546875	92675.0078125	93790.4453125	96974.46875	91729.65625	89838.171875	93190.09375	99820.109375	79511.0546875	77753.90625	82810.0859375	80174.2734375	90396.5234375	81873.890625	79383.625	89939.9921875	89202.6484375	89135.46875
P10599	TXN	Thioredoxin	P10599	THIO_HUMAN	15	16	15	15	15	16	16	16	15	16	16	16	15	14	16	15	16	15	15	15	15	15	16	14	16	15	15	15	16	15	16	629157.6875	647374.1875	619835.6875	653659.5	610280.4375	624258.25	647082.0625	543591.5625	534791.4375	510115.78125	511037.78125	544515.1875	520264.25	554277.4375	555834.4375	563387.0625	561407.9375	563164.8125	592530.125	583373.0625	561116.1875	553014.4375	580454.6875	583012.625	556683.8125	560144.625	580241.5	560260.4375	549804.9375	579258.25	560998.6875
P10643	C7	Complement component C7	P10643	CO7_HUMAN	25	25	25	25	25	24	25	24	24	24	24	24	24	24	25	25	25	25	25	25	25	25	25	25	25	25	25	25	25	25	25	63680.43359375	62771.2421875	63443.953125	59846.109375	56120.3984375	60306.078125	59713.00390625	68543.9765625	70371.671875	76143.8984375	74612.9296875	79145.3828125	71963.25	78155.8359375	67967.8125	68165.0859375	67576.734375	64803.90234375	68961.4296875	70504.3203125	67697.3359375	71118.421875	75683.09375	75277.3984375	73195.28125	79362.3671875	77355.4375	77015.296875	67867.4765625	66638.2734375	69136.53125
P10644	PRKAR1A	cAMP-dependent protein kinase type I-alpha regulatory subunit	P10644	KAP0_HUMAN	8	8	8	8	9	9	9	9	9	9	9	9	9	9	9	9	8	9	9	9	9	9	9	7	8	9	7	8	9	8	9	22508.43359375	23317.650390625	20765.990234375	21049.357421875	20986.443359375	17889.193359375	21689.865234375	24497.404296875	24703.123046875	26220.896484375	22942.59375	25131.47265625	23650.525390625	27141.400390625	33055.71484375	33512.88671875	33466.52734375	31255.548828125	33373.91015625	35264.01171875	32943.05078125	26599.19140625	25666.978515625	24674.990234375	24285.68359375	25084.5859375	25253.298828125	26056.80078125	29028.55078125	23870.107421875	26082.904296875
P10746	UROS	Uroporphyrinogen-III synthase	P10746	HEM4_HUMAN	6	6	6	6	6	6	6	6	6	6	6	6	6	6	6	6	6	6	6	6	6	6	6	6	6	6	6	6	6	6	6	29208.34375	31333.634765625	27558.083984375	27433.947265625	27858.595703125	28998.46484375	29378.5234375	25841.5	26483.025390625	26255.2421875	24747.48828125	24847.88671875	24965.927734375	25086.458984375	35710.0390625	34338.8203125	33842.87109375	35187.32421875	31173.8984375	34732.42578125	35017.12109375	28004.064453125	33148.33984375	27810.162109375	28541.0625	25926.09765625	28212.263671875	28650.568359375	28505.787109375	27892.21875	27805.2734375
P10768	ESD	S-formylglutathione hydrolase	P10768	ESTD_HUMAN	15	16	15	16	15	16	15	16	16	16	15	16	15	16	15	16	16	16	16	15	15	15	16	15	15	15	15	15	16	16	17	276720.875	274893.09375	272030.6875	275739.75	263265.59375	269350	265204.25	245447.265625	247490.453125	232271.421875	239648.8125	234701.328125	232465.9375	247928.09375	241992.75	237257.96875	247022.875	241684.671875	241122.703125	237988.140625	239242.25	239864.0625	262855.40625	236184.59375	242673.78125	227319.34375	240319.8125	232817.703125	242284.828125	239738.328125	234491.546875
P10809	HSPD1	60 kDa heat shock protein, mitochondrial	P10809	CH60_HUMAN	1	1	1	1	1	1	1	1	1	1	1	1	1	1	1	1	1	1	1	1	1	1	1	1	1	1	1	1	1	1	1	3994.70458984375	5866.79833984375	5985.22705078125	6558.6806640625	5568.43798828125	5136.17822265625	5304.240234375	8099.03955078125	6958.11181640625	8297.515625	8631.8359375	7210.5478515625	6465.8935546875	8421.521484375	7151.71533203125	8693.109375	7165.66162109375	7978.12646484375	6640.89306640625	6413.45263671875	7437.46875	7350.24365234375	6375.16845703125	8731.5576171875	8593.158203125	8916.8798828125	6868.4873046875	7977.55908203125	7795.29638671875	6459.4296875	7263.51611328125
P10909	CLU	Clusterin	P10909	CLUS_HUMAN	33	33	34	35	34	34	34	34	33	33	34	34	34	34	34	33	35	33	33	32	35	34	35	33	33	34	33	34	34	34	35	825198.875	826056.8125	822966.5	826672.5	824708.25	833581	835101.125	1115896.75	1105532.625	1202506.75	1112591.25	1193934.125	1109514.625	1120439.25	833519.5	822780.3125	812808.6875	830890.3125	819100	831060.125	829089.5625	982027.6875	1049997	998072.125	1000990.0625	1040797.25	989747.75	1030648.375	945460.1875	963845.5	958636.4375
P11021	HSPA5	Endoplasmic reticulum chaperone BiP	P11021	BIP_HUMAN	19	20	20	20	20	20	20	20	20	20	20	20	20	20	20	20	20	20	19	20	20	20	20	20	20	20	20	20	20	20	20	27632.78125	27729.78515625	30366.365234375	29996.40625	30280.486328125	29569.267578125	27246.203125	35738.0546875	36266.67578125	40519.3984375	36481.98046875	37725.82421875	35927.26953125	35152.7109375	33269.12109375	32744.455078125	31850.443359375	34388.99609375	34144.3515625	29782.76953125	32489.37890625	33087.53515625	33330.22265625	33027.75390625	30538.673828125	32463.4921875	31693.966796875	33295.09375	30880.6171875	30764.267578125	32494.314453125
P11142	HSPA8	Heat shock cognate 71 kDa protein	P11142	HSP7C_HUMAN	43	44	45	45	45	45	43	43	46	44	44	45	42	44	43	43	44	44	44	44	43	44	44	43	44	43	44	44	45	45	45	527425.3125	537997.9375	529824.375	520763.59375	526371.9375	516666.3125	528074.1875	397284.875	397264.5	389719.84375	388742.40625	382916.71875	385535.75	384129.90625	421976.0625	415288.5625	426096.25	410408.9375	408557.375	402755	407126.75	465894.25	526020.125	456178.09375	467473.03125	451137.4375	464562.28125	459613.1875	436829.25	441400.8125	441972.5
P11166	SLC2A1	Solute carrier family 2, facilitated glucose transporter member 1	P11166	GTR1_HUMAN	17	17	17	17	17	17	17	17	17	17	17	17	17	17	17	17	17	17	17	17	17	17	17	17	17	17	17	17	17	17	17	1141424.75	1173480.5	1163269.25	1166188.25	1217076.5	1169118.375	1171359.625	1008656.9375	1027169.25	925593.5	920099.4375	959074.125	940338.8125	974307.6875	971096.5625	982950.75	1003012.8125	1028774	1007837.375	961060.5625	979138.9375	1051051.25	1069654	1019947.3125	1059679.25	965155.8125	1049766	977473.6875	1004183.8125	1011078.5625	1009299
P11169;Q8TDB8	SLC2A3;SLC2A14	Solute carrier family 2, facilitated glucose transporter member 3;Solute carrier family 2, facilitated glucose transporter member 14	P11169;Q8TDB8	GTR3_HUMAN;GTR14_HUMAN	4	4	4	4	4	4	4	4	4	4	4	4	4	4	4	4	4	4	4	4	4	4	4	4	4	4	4	4	4	4	4	14262.49609375	13248.89453125	15354.2265625	14625.1083984375	12202.23828125	12852.5087890625	13311.6357421875	14764.8720703125	15531.8388671875	14209.7333984375	13274.12109375	12397.255859375	14464.7861328125	12660.138671875	14685.93359375	14864.1533203125	13704.818359375	13686.52734375	13161.5849609375	14334.912109375	14708.9609375	13360.78125	16122.28125	15789.6591796875	12792.3681640625	13203.93359375	12505.421875	13878.4052734375	14838.474609375	15070.4306640625	13774.4267578125
P11171	EPB41	Protein 4.1	P11171	EPB41_HUMAN	69	69	70	70	71	71	70	69	71	69	69	69	69	68	68	70	69	71	70	70	69	68	71	68	70	70	69	70	70	69	71	864373.625	882334.6875	874710.875	881989.4375	858608.5625	883667	871239.5625	715127.75	702484.625	700307.5	698601	702025.375	707038	714704.75	724440.375	750602	740363.375	751693.9375	743175.5	734540.375	715418.8125	741981.125	749434.6875	702682.375	712469.4375	715735.4375	751466.4375	705150.6875	761553.875	735913.5625	742149.25
P11226	MBL2	Mannose-binding protein C	P11226	MBL2_HUMAN	4	3	4	4	4	4	4	5	5	5	5	5	5	5	5	5	5	5	5	5	5	5	5	5	5	5	5	5	5	5	5	4292.2001953125	3940.552734375	5475.9365234375	5492.52197265625	3928.23291015625	5632.0048828125	5982.07666015625	13156.0888671875	12706.427734375	13090.9833984375	12482.0146484375	13275.953125	13765.3837890625	12892.515625	7918.85888671875	9278.3662109375	8909.001953125	6712.10693359375	9656.2978515625	11255.177734375	8225.666015625	22715.25	20692.03125	23719.1640625	21797.791015625	24717.728515625	21357.734375	23653.173828125	13215.5576171875	11438.521484375	12780.7119140625
P11234	RALB	Ras-related protein Ral-B	P11234	RALB_HUMAN	3	3	3	3	3	3	3	3	3	3	3	3	3	3	3	3	3	3	3	3	3	3	3	3	3	3	3	3	3	3	3	4162.95556640625	4738.78369140625	3753.7939453125	4301.8427734375	5316.0517578125	4378.80078125	4266.26025390625	4611.37939453125	4403.93603515625	4915.2275390625	4334.93310546875	5319.296875	4121.271484375	3483.186767578125	4325.58544921875	4156.78955078125	5829.20947265625	5688.3017578125	4658.38037109375	5034.46923828125	5590.33837890625	3700.323974609375	3280.7490234375	4314.35791015625	4415.41943359375	4261.904296875	4693.220703125	5913.83203125	4405.4072265625	4864.001953125	4482.96484375
P11277	SPTB	Spectrin beta chain, erythrocytic	P11277	SPTB1_HUMAN	263	267	266	267	269	267	266	263	267	261	263	266	263	261	262	262	266	266	258	258	259	261	269	252	259	254	261	255	267	266	268	1206546.75	1217738.625	1213703	1193752	1194806.125	1202758.5	1206332.25	1005212.9375	1003596.25	1004718.5625	1019063.0625	974212.8125	1013189.125	998689.4375	1049306.75	1038739	1049696.625	1045729.375	1051021	1047323.5	1041441.25	983747.5	1047600.5	976282.0625	989983.6875	954260.625	987885.9375	975053.125	1031303.375	1036769	1035996.6875
P11413	G6PD	Glucose-6-phosphate 1-dehydrogenase	P11413	G6PD_HUMAN	24	24	24	24	24	24	24	24	24	24	24	24	24	24	24	24	24	24	24	24	24	24	24	23	24	24	24	24	24	24	24	137980.9375	143208.046875	144811.640625	144777.359375	145295.0625	140981.78125	141442.625	117486.8203125	116997.09375	108542.34375	113618.4140625	119073.890625	115328.7890625	119496.6015625	122113.8046875	118850.6328125	121802.859375	121617.3046875	124941.4453125	121108.421875	123094.2734375	118942.3828125	122166.390625	119196.28125	122213.3671875	116693.3125	120954.640625	114792.8046875	125233.1796875	120692.1640625	121092.09375
P11586	MTHFD1	C-1-tetrahydrofolate synthase, cytoplasmic	P11586	C1TC_HUMAN	30	30	30	30	30	30	30	30	29	30	29	29	30	30	30	30	30	30	30	30	30	29	29	28	29	28	30	28	30	29	30	84459.625	84078.609375	85716.7734375	82313.8828125	83826.375	83347.1484375	85250.8984375	55160.671875	55857.765625	52590.40625	56342.375	55275.55078125	54972.2890625	56202.86328125	67130.9453125	66930.5625	68683.125	69439.46875	69727.4375	68224.7421875	70224.6484375	35810.94140625	32274.580078125	34886.5625	35448.67578125	34618.70703125	34566.984375	33672.671875	59351.78125	59752.27734375	60306.21484375
P11678	EPX	Eosinophil peroxidase	P11678	PERE_HUMAN	5	6	5	5	5	5	4	2	4	3	2	2	3	5	7	7	7	7	7	7	7	7	5	6	6	5	6	6	7	7	6	14070.3720703125	9995.1259765625	10630.7744140625	9382.3095703125	9554.263671875	13435.4765625	13017.71875	8491.0849609375	5919.009765625	6205.099609375	7078.24365234375	8202.7490234375	5699.5478515625	6835.34375	38321.4765625	28839.65234375	36285.70703125	27774.52734375	30180.28125	32378.513671875	34935.1171875	13956.6474609375	11900.41796875	15729.55078125	18569.638671875	12163.8876953125	14777.556640625	18664.126953125	16374.87890625	16645.484375	16893.091796875
P11766	ADH5	Alcohol dehydrogenase class-3	P11766	ADHX_HUMAN	6	6	6	6	6	6	6	6	6	5	6	6	6	6	6	6	6	6	6	5	6	6	5	6	6	6	6	6	6	6	6	24655.80859375	25365.673828125	23853.435546875	21876.947265625	23977.10546875	23485.779296875	24533.470703125	16701.51953125	17712.607421875	18458.419921875	15787.458984375	15262.97265625	15218.169921875	18770.25390625	17613.74609375	15570.7919921875	16969.5625	16871.041015625	17327.830078125	16340.6572265625	16814.28125	20535.28125	17660.759765625	19263.94140625	21025.3515625	20967.751953125	20469.9453125	20780.470703125	18797.619140625	19120.517578125	18828.962890625
P11908	PRPS2	Ribose-phosphate pyrophosphokinase 2	P11908	PRPS2_HUMAN	3	3	3	3	3	3	3	3	2	2	2	3	3	3	3	3	2	3	3	3	3	3	2	3	3	3	3	3	3	3	3	12506.4404296875	12547.40234375	13061.2958984375	13248.7587890625	12587.3837890625	16506.462890625	11245.8466796875	6755.55517578125	601.406005859375	5490.2265625	5933.8681640625	4561.55517578125	6151.5546875	5354.77978515625	12903.1103515625	12033.873046875	12676.6484375	10091.6689453125	12491.50390625	12737.8193359375	11850.6982421875	10247.3662109375	8269.0068359375	8914.025390625	7689.72509765625	9736.1376953125	7533.06640625	8601.2421875	13669.3232421875	11213.427734375	9701.8466796875
P11940;Q9H361	PABPC1;PABPC3	Polyadenylate-binding protein 1;Polyadenylate-binding protein 3	P11940;Q9H361	PABP1_HUMAN;PABP3_HUMAN	1	1	1	1	1	1	1	1	1	1	1	1	1	1	1	1	1	1	1	1	1	1	1	1	1	1	1	1	1	1	1	11035.3720703125	7882.73291015625	1754.035888671875	7105.16796875	4590.2353515625	9863.78125	10814.345703125	1587.322265625	5823.3935546875	4334.18994140625	5951.34423828125	5922.58984375	7382.8466796875	3870.9580078125	10733.8115234375	2779.3154296875	6569.06689453125	3671.239501953125	7755.85791015625	8351.9755859375	8912.005859375	5188.66357421875	7561.2021484375	5863.80517578125	5346.09912109375	4594.1572265625	5028.20703125	8423.275390625	8993.19921875	6407.6259765625	3769.450439453125
P12259	F5	Coagulation factor V	P12259	FA5_HUMAN	25	25	23	24	26	24	24	26	26	26	25	25	25	26	24	24	25	26	26	25	25	25	26	26	25	25	26	26	26	25	26	20394.173828125	21095.158203125	20665.185546875	19901.42578125	20520.822265625	21583.77734375	19947.701171875	35381.5546875	34364.1484375	37715.16796875	38151.4453125	38633.57421875	37076.17578125	35507.9453125	31987.1640625	32955.80859375	31200.34375	34110.140625	35639.71484375	34878.78515625	33202.7734375	40779.55078125	37221.48828125	40471.23046875	39122.9921875	40651.48046875	38449.23828125	41387.70703125	33118.1953125	31244.587890625	32842.06640625
P12429	ANXA3	Annexin A3	P12429	ANXA3_HUMAN	8	8	8	8	8	8	8	8	8	8	8	8	8	8	8	8	8	8	8	8	8	8	8	8	7	7	8	8	8	8	8	20615.416015625	20042.052734375	21544.2890625	18198.189453125	21513.525390625	20388.22265625	18342.88671875	30154.228515625	27675.708984375	33063.68359375	30599.2421875	25763.248046875	31494.984375	28870.20703125	24891.376953125	24891.541015625	25410.458984375	25487.603515625	24189.5390625	22217.486328125	25196.244140625	19743.376953125	18234.537109375	17918.515625	19596.53515625	19831.0703125	17121.3125	16948.142578125	22630.923828125	20899.78515625	23066.978515625
P12724	RNASE3	Eosinophil cationic protein	P12724	ECP_HUMAN	1	1	1	1	1	1	1	1	1	1	1	1	1	1	1	1	1	1	1	1	1	1	1	1	1	1	1	1	1	1	1	72829.4765625	38287.77734375	62067.65625	58770.7890625	79229.9140625	40300.70703125	53499.3984375	75377.921875	61067.6015625	80160.140625	59582.46484375	89658.2578125	83638.5	46426.1953125	98303.8359375	109499.5703125	92966.2890625	115357.65625	95519.359375	92656.84375	107404.5546875	96725.9609375	149359.25	74854.046875	95754.96875	109054.296875	97212.6640625	72132.7890625	62242.1875	98354.1953125	88469.5859375
P12814	ACTN1	Alpha-actinin-1	P12814	ACTN1_HUMAN	48	50	50	49	48	48	48	50	51	50	50	49	51	50	51	51	51	51	51	51	50	49	50	48	49	50	50	48	50	51	51	71574.7421875	71975.0859375	73524.75	70917.7109375	72275.1328125	72250.484375	72507.1640625	95836.7421875	96681.09375	101563.03125	99339.65625	97796.8984375	97043.5078125	98427.8046875	103949.8203125	105585.015625	106064.4140625	108300.5390625	104490.4296875	105921.1796875	106655.453125	85438.9609375	86672.296875	89521.7734375	85824.5625	90269	86470.2109375	95345.3828125	88153.0703125	89527.625	88336.4609375
P12829	MYL4	Myosin light chain 4	P12829	MYL4_HUMAN	7	7	7	7	6	7	7	6	7	7	6	7	7	7	7	7	7	7	7	7	7	7	7	6	7	5	6	7	7	7	7	21187.654296875	23327.423828125	24848.599609375	26091.287109375	26365.849609375	23703.134765625	26153.751953125	19907.220703125	19306.7890625	19750.25	18541.078125	16491.474609375	17680.740234375	19553.2265625	33999.7265625	34652.40234375	32569.51953125	36918.73828125	33722.1640625	32256.73828125	31155.4765625	18290.259765625	22642.896484375	19008.740234375	17930.078125	16773.154296875	17683.884765625	16366.8173828125	23313.181640625	21896.59375	24058.287109375
P12931	SRC	Proto-oncogene tyrosine-protein kinase Src	P12931	SRC_HUMAN	0	1	1	1	1	1	1	1	1	1	1	1	1	1	1	1	1	1	1	1	1	1	1	1	1	1	1	1	1	1	1	NaN	4283.744140625	3140.089111328125	5054.91259765625	4447.8349609375	4227.52099609375	5320.107421875	8402.990234375	7965.0166015625	7737.58154296875	7789.53759765625	4721.9951171875	4591.7998046875	5255.90576171875	11040.17578125	10209.9951171875	9720.546875	7696.94482421875	7432.25	8420.244140625	5941.5693359375	6346.181640625	7329.03271484375	5968.767578125	5446.24267578125	1818.013916015625	4422.57373046875	5570.794921875	6321.673828125	5477.86865234375	6720.8818359375
P12955	PEPD	Xaa-Pro dipeptidase	P12955	PEPD_HUMAN	11	12	12	12	11	12	11	12	12	12	12	11	12	11	11	12	12	12	11	12	11	12	12	12	12	12	11	12	12	12	12	56859.2890625	53158.8984375	58078.61328125	51504.8515625	55547.75390625	51738.109375	53267.4609375	47261.83984375	46952.25390625	46556.3359375	47029.57421875	44824.54296875	47592.4453125	47431.97265625	48907.87109375	49766.01171875	53192.6796875	49453.59375	48672.671875	51128.6953125	51883.265625	51926.28125	43724.1484375	52800.37109375	53064.609375	52660.17578125	49000.75390625	50199.1796875	47383.1328125	49808.67578125	47213.41796875
P13224	GP1BB	Platelet glycoprotein Ib beta chain	P13224	GP1BB_HUMAN	5	4	5	5	4	5	5	5	5	5	5	5	5	5	5	5	5	5	5	5	5	5	5	5	5	5	5	5	5	5	5	35012.4453125	38500.54296875	40139.9765625	39525.34375	40576.50390625	37577.4765625	33485.99609375	53686.73828125	57746.1171875	53354.05859375	56431.9453125	53251.7734375	49613.42578125	55945.81640625	60049.1328125	55208.953125	54460.1171875	60323.5625	51420.39453125	54978.546875	55586.2734375	51386.578125	56153.00390625	52260.12890625	53525.47265625	52119.5078125	42144.7421875	53087.3515625	45914.203125	48822.9921875	50356.92578125
P13489	RNH1	Ribonuclease inhibitor	P13489	RINI_HUMAN	23	23	23	23	23	23	23	23	23	23	22	22	23	21	23	23	22	23	23	22	23	22	23	21	22	19	22	20	23	23	22	371090.0625	378674.9375	371910.96875	361708.5625	349249.34375	359219.9375	362571.65625	270687.5625	276224.21875	280308	285602.25	279558.4375	279742.4375	282461.34375	314462.59375	318263.09375	324465.25	315617.90625	323050.28125	328093.625	324890.1875	276389.25	283496.46875	279823.625	277589.40625	278341.5	284819.46875	274899.15625	303029.03125	300562.25	302679.75
P13501	CCL5	C-C motif chemokine 5	P13501	CCL5_HUMAN	0	1	1	0	0	1	0	1	1	1	1	1	1	1	0	0	1	1	1	1	1	1	0	1	1	1	1	1	1	1	1	NaN	22160.189453125	8501.9560546875	NaN	NaN	21836.75390625	NaN	11853.9580078125	9075.58984375	28645.587890625	22319.662109375	12547.95703125	14238.1455078125	13659.3623046875	NaN	NaN	4619.97265625	9354.2734375	14664.6171875	5792.54296875	12557.50390625	12255.126953125	NaN	6939.39892578125	11596.0634765625	13801.28125	14431.8828125	17019.05859375	1708.32080078125	5616.39404296875	8342.3603515625
P13639	EEF2	Elongation factor 2	P13639	EF2_HUMAN	12	12	12	12	12	11	12	12	12	11	12	11	12	12	12	12	12	12	12	12	12	12	11	11	10	12	11	10	12	12	12	27730.857421875	28179.708984375	29500.458984375	28554.51171875	26076.314453125	25786.34375	25019.923828125	23726.68359375	25966.951171875	23503.880859375	26035.208984375	23566.931640625	23848.103515625	27102.126953125	37960.88671875	38026.80078125	36516.73828125	39321.5234375	36441.44140625	34166.22265625	35607.68359375	18584.236328125	18914.3359375	17044.6796875	15063.693359375	16575.056640625	17826.30078125	18972.611328125	28454.080078125	25373.490234375	27320.45703125
P13645	KRT10	Keratin, type I cytoskeletal 10	P13645	K1C10_HUMAN	6	8	8	5	5	7	8	6	8	8	8	6	7	7	8	7	6	6	6	7	6	7	7	8	7	6	8	7	8	8	8	10068.38671875	21430.65625	18970.513671875	5400.35302734375	9328.65234375	7927.544921875	17335.66796875	10179.076171875	16214.552734375	15984.4130859375	15668.0419921875	7630.22802734375	12728.0400390625	13274.5654296875	13530.126953125	13955.5439453125	10482.505859375	10374.0634765625	6532.9892578125	12312.0732421875	14627.1884765625	17923.00390625	13424.1826171875	13149.919921875	18468.4609375	12505.8408203125	17000.916015625	15990.9580078125	13534.8056640625	14151.912109375	15514.91015625
P13671	C6	Complement component C6	P13671	CO6_HUMAN	36	37	37	37	36	37	36	37	37	37	37	37	37	37	37	37	37	37	37	37	37	37	37	37	37	36	36	37	37	37	37	80913.75	83030.15625	83292.2421875	80441.4296875	77687.7734375	80231.71875	81279.5625	82796.2265625	86734.3984375	90373.40625	85705.046875	90270.1015625	85180.4140625	84902.7421875	97912.046875	94835.8359375	97165.9375	94310.34375	96459.359375	96472.6640625	95326.375	97823.84375	105546.015625	104089.1015625	99250.9296875	105233.0078125	99725.46875	103242.0078125	92153.25	88757.8671875	92733.53125
P13693	TPT1	Translationally-controlled tumor protein	P13693	TCTP_HUMAN	3	3	3	3	3	3	3	3	3	3	3	3	3	3	3	3	3	3	3	3	3	3	3	3	2	3	2	3	3	3	3	24199.18359375	26229.41015625	23476.98046875	25753.072265625	24827.9609375	25209.689453125	25453.01953125	16594.07421875	15962.9736328125	14451.37890625	18604.80078125	12998.2109375	16217.357421875	17071.67578125	20369.873046875	19967.900390625	19573.06640625	20200.0625	19253.4765625	20090.142578125	20008.763671875	14934.02734375	17321.416015625	16559.25	17069.048828125	14775.5625	17792.919921875	15695.111328125	17166.900390625	18714.0625	19073.345703125
P13716	ALAD	Delta-aminolevulinic acid dehydratase	P13716	HEM2_HUMAN	36	36	36	36	36	36	36	36	36	36	36	36	36	36	35	36	35	36	36	36	36	36	34	36	36	36	36	36	36	36	35	712996.875	736181.375	716263.875	702970.625	716946.25	719008.625	701821.875	582366.75	602499.4375	551833.6875	571652.875	572066.4375	600433.75	617635.5625	644428.1875	694207.8125	645203.875	662137.4375	691996.875	690054.375	664159.5625	586374.75	541682.625	577825.375	541852.0625	569702.0625	569256.5	540765.8125	638272.625	612479.6875	618693
P13796	LCP1	Plastin-2	P13796	PLSL_HUMAN	23	23	25	25	24	24	24	24	24	25	25	25	24	24	25	24	25	23	24	24	24	24	24	25	24	24	24	25	24	24	25	105965.921875	107528.875	108891.4609375	107779.96875	105466.7734375	104788.4609375	104986.3359375	122978.125	123318.6953125	127337.890625	125947.1796875	120854.1328125	123729.609375	123892.5546875	127785.265625	128693.4765625	126071.4296875	124200.1015625	127244.4453125	130686.2265625	127156.3359375	118142.6484375	121086.953125	123309.359375	120334.3828125	124800.6015625	121156.3125	119914.703125	118342.453125	116035.03125	116443.1328125
P13798	APEH	Acylamino-acid-releasing enzyme	P13798	ACPH_HUMAN	25	25	25	25	25	25	25	25	25	25	25	25	25	25	25	25	25	25	25	25	25	25	25	25	25	25	25	25	25	25	25	516804.28125	519923.625	514245.375	513804.84375	511166.78125	509001.65625	498589.59375	422848.25	436331.90625	434672.5625	444465.59375	408621.34375	434814.59375	437209.59375	491190.8125	487209.53125	483868.6875	489892.46875	485806.4375	479211.84375	489326.5	467981.875	482413.40625	463849.21875	474331.78125	461272.875	481206.90625	469362.8125	463786.625	463086.21875	462043.21875
P13987	CD59	CD59 glycoprotein	P13987	CD59_HUMAN	5	5	5	5	5	5	5	5	5	5	5	5	5	5	4	5	5	5	5	5	5	5	5	5	5	5	5	5	5	5	5	36709.86328125	35840.97265625	34574.23046875	33387.9765625	30691.119140625	33127.703125	33779.84765625	29208.30078125	27558.26171875	29627.892578125	32550.21875	28543.46875	29023.142578125	33057.94140625	32414.408203125	30788.76171875	32888.546875	31375.96484375	33881.35546875	32944.53125	33811.7109375	27173.33984375	27584.3046875	26980.591796875	26563.685546875	25939.056640625	27718.05859375	24957.572265625	30251.25390625	29552.46875	28967.423828125
P14151	SELL	L-selectin	P14151	LYAM1_HUMAN	4	4	4	4	4	4	4	4	4	4	4	4	4	4	4	4	3	3	4	4	4	4	4	4	4	4	4	4	4	4	4	13945.9052734375	14106.3994140625	14389.08984375	14295.3017578125	13416.7265625	14408.064453125	14184.775390625	12086.498046875	12961.431640625	13819.37109375	13106.79296875	13329.3232421875	14319.86328125	13091.7353515625	11827.6220703125	11469.263671875	10508.4814453125	11644.076171875	9480.4365234375	10947.9267578125	11210.994140625	8312.6337890625	8899.23828125	10487.599609375	10264.048828125	11766.0546875	9214.2998046875	8987.4208984375	12157.0517578125	12679.685546875	11318.4033203125
P14174	MIF	Macrophage migration inhibitory factor	P14174	MIF_HUMAN	5	5	5	5	5	5	5	5	5	5	5	5	5	5	5	5	5	5	5	5	5	5	5	5	5	5	5	5	5	5	5	229847.515625	255594.625	254929.109375	273513.78125	257258.46875	234459.65625	270186.40625	225160.921875	252240.828125	210487.9375	214225.9375	226485.765625	225414.546875	242021.125	232729.734375	256072.375	244994.890625	238142.640625	244198.109375	234109.734375	240988.5	232099.046875	231955.8125	215504.34375	215620.015625	215724.015625	227725.078125	200941.234375	220312.3125	217745.59375	254400.625
P14209	CD99	CD99 antigen	P14209	CD99_HUMAN	2	2	2	2	2	2	2	2	2	2	2	2	2	2	2	2	2	2	2	2	2	2	2	2	2	2	2	2	2	2	2	14057.392578125	14944.5498046875	14181.2001953125	15623.240234375	17256.5234375	16907.939453125	15171.0673828125	10923.4736328125	8096.06689453125	8639.7421875	11280.7529296875	11505.6962890625	10271.7685546875	8657.001953125	11968.095703125	11191.4814453125	7668.310546875	10480.3466796875	12585.0234375	12881.3125	12223.6572265625	12044.8623046875	14711.951171875	12296.1015625	12094.638671875	11528.435546875	12870.697265625	12413.3388671875	12320.859375	11655.4541015625	10133.8916015625
P14317	HCLS1	Hematopoietic lineage cell-specific protein	P14317	HCLS1_HUMAN	4	4	4	4	4	4	4	4	4	4	4	4	4	4	4	4	4	4	4	4	4	4	4	4	4	4	4	4	4	4	4	8741.6259765625	7780.720703125	6966.091796875	9649.0107421875	8486.40234375	9054.9931640625	8155.4814453125	7740.42138671875	8564.23828125	7522.68408203125	8582.8662109375	7975.3525390625	7945.509765625	8870.5654296875	9439.6171875	9986.6806640625	9894.9814453125	8862.5146484375	7992.4501953125	8552.2861328125	8934.962890625	6593.6005859375	8709.7158203125	6232.6171875	8368.34765625	8059.9814453125	7038.4619140625	7672.23486328125	7628.998046875	7023.62255859375	8428.0009765625
P14324	FDPS	Farnesyl pyrophosphate synthase	P14324	FPPS_HUMAN	10	10	10	10	10	10	10	10	10	10	9	10	10	10	10	10	10	10	10	10	10	10	10	10	10	9	10	10	10	10	10	55793.03125	56050.703125	56617.75390625	59198.6953125	57936.40625	57883.05859375	55439	38567.56640625	33676.35546875	36023.203125	36220.4765625	34329	35041.71484375	36662.05859375	49347.77734375	48767.32421875	52227.765625	49073.63671875	51240.3125	49787.2265625	49232.48046875	44437.625	44151.21875	43742.4375	46375.94921875	44166.03515625	44131.69140625	46445.46875	44252.2890625	45354.0390625	44499.78125
P14550	AKR1A1	Aldo-keto reductase family 1 member A1	P14550	AK1A1_HUMAN	12	12	12	12	12	12	12	12	12	12	12	12	12	12	12	12	12	12	12	12	12	12	11	12	12	12	12	12	12	12	12	41964.72265625	47692.44921875	43460.1328125	42888.55859375	44682.38671875	43127.62109375	42102.9140625	39242.05078125	37794.68359375	39561.21484375	40141.34375	36173.55859375	41010.6640625	39150.4140625	38954.8828125	40917.31640625	40469.87890625	39914.51953125	43274.54296875	40878.1796875	44415.578125	38630.765625	37262.703125	42645.84765625	39939.25	36389.8515625	39292.0390625	35830.1171875	40685.3125	40136.74609375	40238.73046875
P14618	PKM	Pyruvate kinase PKM	P14618	KPYM_HUMAN	21	22	20	20	21	21	20	22	21	22	22	22	22	21	22	22	22	22	21	21	20	21	21	22	21	21	20	21	22	22	21	60375.4453125	65621.9296875	61944.4140625	60175.02734375	60891.4140625	61150.40234375	57248.984375	68558.0234375	75182.6015625	77031.15625	76760.9140625	72843.4921875	77585.78125	75999.34375	66119.8671875	67744.3671875	71049.859375	72075.7578125	66859.1953125	68460.2578125	68972.5390625	68796.4375	71077.7578125	71520.125	71989.96875	76479.046875	70504.1953125	76375.09375	67603.859375	67892.09375	65596.3359375
P14625	HSP90B1	Endoplasmin	P14625	ENPL_HUMAN	12	12	12	11	12	12	12	13	12	13	12	13	13	13	13	13	12	13	12	13	13	13	13	13	13	13	13	13	13	13	12	15280.9912109375	18039.41796875	16758.1328125	16821.4765625	15521.904296875	17060.07421875	15383.814453125	21462.255859375	23963.822265625	23323.599609375	21432.142578125	22048.669921875	21961.740234375	24354.02734375	21553.921875	21609.109375	21426.685546875	21589.9296875	20164.556640625	23109.56640625	23068.44921875	21045.478515625	20275.0390625	23021.369140625	21562.306640625	23976.380859375	19909.724609375	22342.462890625	21984.125	19788.3046875	19404.796875
P14735	IDE	Insulin-degrading enzyme	P14735	IDE_HUMAN	18	19	19	19	18	19	18	18	17	17	18	19	17	18	19	19	19	19	18	19	19	18	17	18	18	17	19	18	19	19	19	53756.875	49887.6875	51404.22265625	50253.05859375	48543.16796875	50737.796875	50520.19921875	33364.8359375	34804.3984375	33949.91796875	29664.056640625	34417.05859375	34305.84375	33180.8671875	38680.94140625	39338.2734375	40906.05859375	39996.55078125	42131.80078125	39539.625	39664.68359375	40474.1328125	37451.23828125	37727.61328125	40502.78125	34138.5078125	41325.8125	38124.37890625	38058.84375	39283.92578125	37677.1328125
P14770	GP9	Platelet glycoprotein IX	P14770	GPIX_HUMAN	3	3	3	3	2	3	3	3	3	3	3	3	3	3	3	3	3	3	3	3	3	3	3	3	3	3	3	3	3	3	3	5102.25048828125	3932.444580078125	5099.14306640625	4947.96484375	4500.80810546875	4063.07275390625	4346.91357421875	8054.53466796875	6830.6669921875	8186.802734375	6037.1953125	8174.0302734375	6198.015625	6825.4443359375	6718.6396484375	9856.0439453125	7173.6162109375	8208.6669921875	5877.046875	9486.248046875	9156.5361328125	7730.89453125	7532.720703125	8308.896484375	7076.9375	8170.06640625	8093.0732421875	6799.115234375	5041.94775390625	7966.2861328125	6882.9697265625
P14780	MMP9	Matrix metalloproteinase-9	P14780	MMP9_HUMAN	5	5	5	5	5	4	5	5	5	5	5	5	4	5	5	5	5	5	4	5	5	5	4	4	3	5	5	3	5	5	5	62672.30859375	79679.1015625	77852.9140625	76928.6328125	75675.953125	66577.96875	82139.4609375	80153.8125	85731.9140625	76330.953125	69796.3203125	80219.140625	75026.296875	70175.625	77124.7265625	70823.09375	89191.6328125	75874.8515625	85844.6015625	74173.109375	81531.0703125	79548.171875	86876.3984375	74941.109375	82653.140625	76892.7265625	73505.515625	74863.7265625	73720.2421875	65959.1796875	78504.7890625
P14868	DARS1	Aspartate--tRNA ligase, cytoplasmic	P14868	SYDC_HUMAN	13	11	13	13	13	13	12	13	13	13	13	12	13	13	13	13	13	13	13	13	12	13	12	13	13	13	13	13	13	12	13	40855.67578125	42795.26171875	40933.046875	43054.53125	43372.84765625	42746.0703125	43515.79296875	34976.80859375	36207.69140625	38323.453125	38560.66796875	34264.68359375	37096.4921875	36998.58203125	34489.78125	36700.46484375	35094.515625	37818.03515625	35564.33203125	35947.14453125	36172.8046875	43146.5	34578.98828125	37424.36328125	40757.171875	41303.32421875	43162.21875	40802.3046875	36622.87890625	38005.77734375	37973.5703125
P15144	ANPEP	Aminopeptidase N	P15144	AMPN_HUMAN	2	2	2	2	2	2	2	2	2	2	2	1	2	2	0	2	2	1	1	1	2	1	2	2	1	1	1	2	2	2	2	3793.293212890625	5122.4912109375	4290.2197265625	2620.203857421875	3925.19091796875	5207.2236328125	5122.458984375	4192.23779296875	3072.19775390625	4325.74072265625	3278.271484375	2771.1064453125	2831.868408203125	3151.22705078125	NaN	2629.04541015625	2650.3271484375	1841.2916259765625	2229.47802734375	2816.252197265625	3757.375732421875	2959.47021484375	3676.58740234375	289.3818664550781	3230.4697265625	2409.51416015625	2605.569091796875	2878.491943359375	3721.025146484375	3043.668701171875	3887.76123046875
P15169	CPN1	Carboxypeptidase N catalytic chain	P15169	CBPN_HUMAN	13	13	13	13	13	13	13	13	13	13	13	13	13	13	12	13	13	13	13	13	13	13	13	13	13	13	13	13	13	13	13	45913.2890625	49836.625	50490.84375	44074.22265625	46762.27734375	49197.12890625	52011.234375	71694.2265625	74096.9296875	71050.1640625	69878.5703125	79143.859375	73780.9921875	75796.328125	50099.9765625	48282.9765625	50212.39453125	51541.84765625	48902.58203125	48503.76953125	51811.27734375	63656.984375	65816.84375	67285.65625	61074.21484375	66626.9296875	61028.06640625	68535.8203125	58293.875	58631.17578125	59068.52734375
P15170	GSPT1	Eukaryotic peptide chain release factor GTP-binding subunit ERF3A	P15170	ERF3A_HUMAN	4	4	4	4	4	4	4	4	4	4	4	4	4	4	4	4	4	4	4	4	4	4	4	4	4	4	4	4	4	4	4	21886.439453125	20090.384765625	18851.560546875	21970.166015625	17203.416015625	20703.09765625	20354.708984375	13290.966796875	16674.75390625	13069.298828125	15097.634765625	14002.9130859375	10463.5732421875	13727.45703125	13270.1162109375	14552.3037109375	15573.6083984375	15000.013671875	12106.1396484375	16507.123046875	13501.6826171875	15465.3876953125	14609.8544921875	14614.4814453125	15170.869140625	13777.4677734375	13929.2607421875	14615.748046875	16647.91796875	14057.046875	12992.728515625
P15311	EZR	Ezrin	P15311	EZRI_HUMAN	14	14	14	14	14	14	14	12	13	13	11	12	13	12	13	14	14	14	12	13	12	11	13	12	12	13	14	13	13	14	14	57066.125	55565.19921875	55486.12890625	54262.41796875	53147.94140625	54371.39453125	54143.5546875	37819.7109375	37412.578125	33715.32421875	36437.94140625	36290.5	35897.15625	36958.046875	32028.48046875	30256.330078125	32840.625	31120.087890625	29983.193359375	32918.22265625	30886.947265625	32647.8984375	33023.24609375	32904.45703125	31266.38671875	29798.310546875	33593.890625	31447.587890625	37521.59375	39342.875	37128.734375
P15374	UCHL3	Ubiquitin carboxyl-terminal hydrolase isozyme L3	P15374	UCHL3_HUMAN	13	13	13	13	12	13	13	12	13	12	12	12	12	10	13	13	13	13	13	13	13	13	12	12	12	13	12	13	13	13	13	119840.3515625	133941.140625	120986.765625	121623.203125	124383.2578125	129859.7265625	120782.6484375	89792.6875	90918.5859375	92113.515625	104533.9140625	90242.15625	90137.203125	98154.6015625	100978.6328125	99467.625	103535.9921875	97432.5078125	100460.5390625	96985.3671875	99637.0234375	96025.2109375	99097.1796875	91386.6875	93603.5	82627.5078125	87802.9375	91178.9609375	98685.9453125	96965.046875	96671.9921875
P15531	NME1	Nucleoside diphosphate kinase A	P15531	NDKA_HUMAN	7	7	7	7	7	7	7	7	7	7	7	7	7	7	7	7	7	7	7	7	7	7	7	7	7	7	7	7	7	7	7	280892.9375	285686.28125	284304.90625	275478.03125	264902.59375	268361.15625	272208.65625	260476.109375	252924.5	259899.875	250138.453125	243074.65625	273500.375	259346.625	278809.71875	280216.15625	281497.15625	285605.71875	289989.9375	283225.125	288693.59375	257695.90625	224109.421875	249996.484375	272448.125	254960.53125	260964.328125	265443.875	278044.90625	260781.953125	265625.0625
P15814	IGLL1	Immunoglobulin lambda-like polypeptide 1	P15814	IGLL1_HUMAN	4	4	4	4	4	4	4	4	4	4	4	4	4	4	4	4	4	4	4	4	4	4	4	4	4	4	4	4	4	4	4	139379.046875	137695.421875	135674.21875	128028.625	143214.671875	132276.71875	143314.75	373349.0625	329602.125	364807.46875	330981.53125	360704.78125	326186.8125	310156.84375	396931.8125	396054.03125	392713.15625	375388.6875	398263.6875	369116	431242.6875	314834.53125	222913.53125	316231.28125	323326.53125	313608.4375	245494.984375	314403.75	300679.34375	303847.8125	308551.03125
P16070	CD44	CD44 antigen	P16070	CD44_HUMAN	6	6	6	6	6	6	6	6	6	6	6	6	6	6	6	5	6	6	6	6	6	6	6	6	6	6	6	6	6	6	6	50330.83984375	46201.44921875	46854.07421875	45396.95703125	46407.33984375	45950.72265625	43466.12109375	47264.0859375	48725.05078125	46109.390625	49129.5078125	45508.04296875	42819.2578125	49934.62890625	35312.76953125	31645.8203125	36751.6484375	32980.26171875	29888.44921875	32494.4453125	34257.20703125	34634.7734375	35449.7265625	32823.27734375	29732.763671875	35466.92578125	35406.6953125	32500.525390625	36619.55859375	36294.203125	40581.9296875
P16083	NQO2	Ribosyldihydronicotinamide dehydrogenase [quinone]	P16083	NQO2_HUMAN	0	0	1	1	0	0	0	7	7	6	7	6	6	7	2	0	1	0	1	2	2	7	7	7	6	6	7	6	6	6	5	NaN	NaN	1739.580078125	12322.3984375	NaN	NaN	NaN	19669.673828125	19136.876953125	19185.568359375	20809.595703125	20102.251953125	21033.47265625	19165.337890625	7130.3564453125	NaN	1977.154296875	NaN	3212.18994140625	4488.7099609375	3522.60107421875	19276.767578125	17670.376953125	18220.72265625	19183.6484375	18055.458984375	19296.001953125	19346.208984375	10680.5322265625	10954.4765625	12402.1064453125
P16152	CBR1	Carbonyl reductase [NADPH] 1	P16152	CBR1_HUMAN	20	20	20	20	20	20	20	19	20	18	19	19	20	20	20	20	19	20	20	20	20	20	20	20	20	20	20	19	20	20	20	136719.296875	142090.15625	138186.75	135604.3125	135149.71875	135104.234375	135098.15625	107666.625	115209.3359375	107871.2734375	113641.25	107929.859375	107258.0859375	107740.328125	138414.390625	137542.640625	138517.484375	138181.96875	138399.296875	137242.171875	141388.125	115358.3828125	111447.765625	112285.8359375	111919.546875	115032.9765625	117015.1953125	116028.265625	123530.671875	122156.96875	121000.859375
P16157	ANK1	Ankyrin-1	P16157	ANK1_HUMAN	179	178	179	180	178	179	179	176	178	176	179	179	177	177	179	179	178	179	176	175	175	175	180	171	172	174	176	177	178	178	179	1528642.875	1544839.75	1507325	1528832.125	1492828.125	1498636.375	1528672.625	1261273.625	1278289.125	1217662.125	1230964.875	1217141.625	1255393.875	1244769.125	1319637.75	1301961.875	1347295.5	1304612.875	1287438.875	1305834.625	1302435.5	1260085.25	1260476.375	1245539.125	1248024.625	1177146.875	1241562.5	1216651.625	1294897.75	1287212.75	1296675.25
P16284	PECAM1	Platelet endothelial cell adhesion molecule	P16284	PECA1_HUMAN	1	1	1	1	0	0	0	1	1	1	1	1	1	1	1	1	1	1	1	1	1	1	1	0	0	0	0	1	1	1	1	3847.720458984375	3118.51220703125	4652.16162109375	4339.9814453125	NaN	NaN	NaN	7035.36279296875	5777.36865234375	5536.9326171875	5257.0361328125	6027.30615234375	4810.99462890625	3879.806640625	6610.8720703125	5835.06982421875	4151.90234375	5800.490234375	5467.92333984375	5366.349609375	6388.38037109375	4988.005859375	4313.58056640625	NaN	NaN	NaN	NaN	4456.703125	4457.953125	3632.822265625	5688.3896484375
P16401	H1-5	Histone H1.5	P16401	H15_HUMAN	7	7	7	7	7	7	7	7	7	7	7	7	7	7	7	7	7	7	7	7	7	7	7	7	7	7	7	7	7	7	7	92927.671875	84257	88521.8046875	91578.7578125	84242.8359375	90905.3515625	88598.640625	123562.6328125	124277.8828125	128396.3671875	118131.859375	127361.8125	121601.9921875	128146.7578125	105658.875	109759.859375	101221.4453125	103992.4375	105521.8359375	105439.546875	97991.3359375	76695.6796875	83147.9921875	75804.03125	81779.2265625	86593.015625	79739.359375	78013.5234375	92169.5234375	97048.828125	99200.3984375
P16452	EPB42	Protein 4.2	P16452	EPB42_HUMAN	66	66	66	66	67	65	65	66	65	65	63	66	65	65	66	66	66	66	65	66	66	66	65	64	66	63	66	64	66	66	66	878666.3125	873714.625	869779.5	906569.3125	878299.75	900513	906860.375	747184.625	729171.5625	700648.875	677539.375	723566.875	711904	748457.25	764895	791042.3125	761742.875	785064.5	769934.4375	770320	763180.125	735827.9375	756146.125	724728.75	738839.4375	716614.875	752201.5625	697754.6875	753715.9375	758946.875	767732.9375
P16520;P62873;P62879;Q9HAV0	GNB3;GNB1;GNB2;GNB4	Guanine nucleotide-binding protein G(I)/G(S)/G(T) subunit beta-3;Guanine nucleotide-binding protein G(I)/G(S)/G(T) subunit beta-1;Guanine nucleotide-binding protein G(I)/G(S)/G(T) subunit beta-2;Guanine nucleotide-binding protein subunit beta-4	P16520;P62873;P62879;Q9HAV0	GBB3_HUMAN;GBB1_HUMAN;GBB2_HUMAN;GBB4_HUMAN	1	1	1	1	1	1	1	0	1	1	1	1	1	1	1	1	1	1	1	1	1	1	1	1	1	1	1	0	1	1	1	4478.39599609375	3437.314453125	3938.8603515625	5664.19482421875	4258.2900390625	2449.365966796875	2203.124267578125	NaN	626.628662109375	3338.567626953125	1790.7554931640625	3434.82568359375	5179.33837890625	2735.52734375	5267.72607421875	3082.8623046875	4881.21875	3332.6025390625	2001.195556640625	2282.126708984375	2347.2333984375	2039.288818359375	1713.9383544921875	2796.966552734375	727.1041870117188	1305.820556640625	2268.773681640625	NaN	2862.267578125	3425.118408203125	5203.1552734375
P16671	CD36	Platelet glycoprotein 4	P16671	CD36_HUMAN	1	1	1	1	1	0	1	1	1	1	1	1	1	1	1	1	1	1	1	1	1	1	1	1	1	1	1	1	1	1	1	8783.3984375	7582.05126953125	9417.12890625	7120.19775390625	5880.21142578125	NaN	7001.88623046875	18347.296875	18152.86328125	17454.58984375	20056.87890625	17172.830078125	15262.5498046875	21651.392578125	19955.525390625	21175.96875	20842.62109375	22230.6484375	22473.38671875	21042.59375	18158.05078125	15350.3525390625	16983.69140625	17662.017578125	15470.818359375	15276.009765625	15990.0751953125	14327.0712890625	12807.814453125	16075.853515625	17875.462890625
P16930	FAH	Fumarylacetoacetase	P16930	FAAA_HUMAN	13	13	14	12	14	13	15	15	15	12	17	16	14	13	18	18	18	18	18	17	18	16	17	17	17	15	17	18	18	17	18	45078.625	51006.5859375	48750.4453125	49155.78515625	49254.0625	50191.89453125	50049.66796875	47122.53515625	47694.43359375	42349.60546875	42758.203125	43757.05078125	47360.0859375	49045.34375	153106.875	139792.625	152091.3125	145824.984375	151685.34375	153472.796875	149536.3125	92725.5	96121.3046875	97596.2265625	99054.2734375	92419.625	95431.1953125	94556.4140625	84473.7265625	84339.296875	87318.2265625
P16949	STMN1	Stathmin	P16949	STMN1_HUMAN	1	1	1	1	1	1	1	1	1	1	1	1	1	1	1	1	1	1	1	1	1	1	1	1	1	1	1	1	1	1	1	45712.28515625	26335.318359375	31475.826171875	39614.83203125	34946.19921875	33733.28125	39059.41796875	38179.73828125	35875.84765625	32555.36328125	42888.81640625	34907.53515625	39553	34911.21484375	42813.828125	36161.625	40244.1953125	39590.44140625	35453.015625	38390.72265625	34019.6796875	22911.11328125	20238.845703125	27069.896484375	24126.53515625	21895.529296875	27118.9140625	21295.736328125	36213.828125	31037.287109375	37738.33203125
P16989	YBX3	Y-box-binding protein 3	P16989	YBOX3_HUMAN	5	5	5	5	5	5	5	5	5	5	5	5	5	5	5	5	5	5	5	5	5	5	5	5	5	5	5	5	5	5	5	23277.6875	25017.185546875	24313.787109375	23979.009765625	23706.265625	21532.6640625	24020.5390625	24811.197265625	23139.681640625	24450.494140625	26045.681640625	23896.939453125	26476.98828125	26470.69921875	30445.9921875	29553.142578125	30032.083984375	29032.314453125	30454.94140625	29547.84765625	31072.9140625	17576.283203125	15971.4814453125	17268.404296875	16382.6123046875	15394.5986328125	16298.3095703125	16735.447265625	22231.8984375	23907.455078125	21900.0859375
P17174	GOT1	Aspartate aminotransferase, cytoplasmic	P17174	AATC_HUMAN	20	20	20	20	20	20	19	20	20	20	20	20	20	20	20	20	20	20	20	20	20	20	19	20	20	19	20	20	20	20	20	133375.140625	129075.40625	130811.5078125	129711.765625	133058.75	136406.75	134098.28125	112676.921875	110227.8125	105435.4296875	111779.8125	110940.96875	109276.4609375	111491.1953125	134371.109375	126622.6328125	130056.6640625	130811.921875	132891.453125	130636.015625	134628.953125	121491.015625	116189.0078125	119136.9921875	119846.109375	113070.375	118513.6015625	116446.46875	121303.375	122333.484375	121390.0546875
P17213	BPI	Bactericidal permeability-increasing protein	P17213	BPI_HUMAN	3	3	3	3	3	3	3	3	3	3	3	3	3	3	3	3	3	3	3	3	3	3	3	3	3	3	3	3	3	3	3	16722.43359375	17445.7109375	19409.1875	17840.896484375	19464.056640625	18272.90234375	19272.556640625	14925.763671875	13585.02734375	14091.130859375	16123.091796875	14663.4892578125	12676.158203125	15541.71484375	12381.27734375	12038.19140625	11683.3671875	11498.9892578125	11201.759765625	11973.7978515625	12330.91796875	12056.7255859375	12976.453125	10577.8017578125	11997.908203125	12712.4228515625	10770.15234375	11870.310546875	13155.7744140625	13654.4228515625	13298.40625
P17612	PRKACA	cAMP-dependent protein kinase catalytic subunit alpha	P17612	KAPCA_HUMAN	5	5	5	5	5	5	5	5	5	5	5	5	5	5	5	5	5	5	5	5	5	5	5	5	5	5	5	5	5	5	5	17468.40234375	18804.5	19284.771484375	19994.810546875	18823.400390625	19396.265625	20910.666015625	25228.701171875	24995.681640625	21291.720703125	22830.564453125	20684.314453125	28652.17578125	26656.20703125	29921.498046875	28254.30859375	27954.556640625	31630.55078125	32129.810546875	31456.30078125	30326.2109375	21630.330078125	18345.78515625	25029.025390625	25187.978515625	24585.767578125	26648.654296875	25058.2265625	25020.689453125	23197.27734375	22462.421875
P17812	CTPS1	CTP synthase 1	P17812	PYRG1_HUMAN	3	3	3	3	3	3	3	3	3	3	3	3	3	3	3	3	3	3	3	3	3	3	3	3	3	3	3	3	3	3	3	25056.80078125	26822.2890625	28548.044921875	23019.224609375	26808.279296875	27289.140625	24125.33203125	16103.087890625	15192.4609375	13306.87890625	12371.08203125	14051.072265625	15818.8330078125	15228.466796875	16931.9921875	17126.681640625	18660.26171875	17836.34375	15487.00390625	17360.611328125	19680.2421875	17979.533203125	19170.6328125	17704.072265625	20379.423828125	19714.296875	22508.2578125	19772.73828125	14839.224609375	18110.455078125	18739.32421875
P17858	PFKL	ATP-dependent 6-phosphofructokinase, liver type	P17858	PFKAL_HUMAN	37	37	37	37	37	37	37	34	34	30	30	32	28	31	33	37	35	37	36	35	35	35	33	35	33	35	35	35	36	36	36	62657.6015625	65080.04296875	63601.99609375	63921.32421875	63305.30078125	66955.1875	64865.67578125	24399.833984375	22436.923828125	24111.193359375	23670.00390625	23092.296875	22751.9765625	24273.76171875	37543.4140625	42866.5390625	38788.19921875	43360.81640625	41880.734375	40248.88671875	39205.640625	38962.28515625	35498.09375	36913.40625	36354.98046875	39900.65234375	38252.5	36616.140625	42052.6796875	40485.93359375	40509.84375
P17927	CR1	Complement receptor type 1	P17927	CR1_HUMAN	1	1	1	1	1	1	1	1	1	1	1	1	1	1	1	0	0	1	1	1	1	1	1	1	0	0	0	1	1	1	1	5448.05419921875	4867.296875	4525.02685546875	4205.7490234375	2935.454833984375	3624.594482421875	4089.2802734375	4453.8203125	4712.16845703125	5357.62939453125	6119.478515625	3030.79052734375	4946.603515625	5803.85595703125	1166.3802490234375	NaN	NaN	1794.246337890625	3072.9130859375	798.0595092773438	370.5963134765625	1198.12060546875	1664.0013427734375	1315.80908203125	NaN	NaN	NaN	1675.35205078125	3805.954833984375	2891.545166015625	2890.0185546875
P17931	LGALS3	Galectin-3	P17931	LEG3_HUMAN	10	10	10	9	10	10	10	9	10	10	9	9	9	9	10	10	10	10	10	10	10	10	10	9	10	10	10	10	9	10	9	92846.890625	83743.6328125	87878.6796875	86647.8515625	81419.375	84318.6875	88890.953125	51538.03515625	44269.76171875	47118.20703125	47910.5234375	44715.32421875	44221.515625	46912.38671875	71593.953125	59951.11328125	68809.6640625	56992.14453125	63145.82421875	67059.2578125	64382.7734375	47204.5703125	47471	40646.125	45018.06640625	44241.171875	45184.85546875	47383.171875	60882.41796875	55655.2890625	56263.55859375
P17936	IGFBP3	Insulin-like growth factor-binding protein 3	P17936	IBP3_HUMAN	5	5	5	5	5	5	5	5	5	5	5	5	5	5	5	5	5	5	5	5	5	5	4	5	4	5	4	4	5	5	5	41788.15625	37521.90234375	35725.81640625	37066.1328125	40255.30078125	33644.01171875	32820.93359375	36171.3984375	30953.080078125	36625.52734375	35344.1015625	36208.78125	33065.578125	35960.69921875	32795.01171875	30172.07421875	30178.4296875	27381.21875	31908.609375	31022.212890625	40838.30078125	25153.939453125	27797.861328125	26044.810546875	26469.04296875	26650.4296875	19754.798828125	26096.4609375	29406.91015625	33987.98828125	35089.21875
P17980	PSMC3	26S proteasome regulatory subunit 6A	P17980	PRS6A_HUMAN	25	25	25	25	25	25	24	25	25	25	25	25	23	25	25	25	25	25	25	25	25	25	25	24	25	25	25	25	25	24	25	163927.84375	168110	166934.109375	160888.015625	166678.90625	161339.234375	161911.375	138537.34375	132593.59375	139072.109375	145198.96875	131764.859375	144663.328125	140037.265625	150772	152222.546875	152860.6875	149559.046875	151368.5	152358.34375	150302.515625	135364.71875	138782.390625	136306.375	139934.796875	134978.1875	133609.15625	138020.46875	146060.75	146765.3125	142404.765625
P17987	TCP1	T-complex protein 1 subunit alpha	P17987	TCPA_HUMAN	28	28	28	28	27	28	28	27	28	28	28	27	28	28	27	28	27	28	27	27	26	28	28	27	28	28	28	28	28	28	28	96669.1796875	97826.4921875	101079.1640625	102820.921875	103216.6328125	105390.875	102408.484375	71110.8359375	69363.9453125	68588.9375	71353.7265625	68187.171875	71013.53125	71159.3203125	70462.1015625	80213.28125	69305.859375	77857.9453125	74157.484375	73685.6328125	72287.5234375	90717.28125	80385.2734375	83419.0390625	82021.8359375	85402.9921875	88722.9609375	80349.3125	76466.7109375	78275.140625	81870.3984375
P18124	RPL7	Large ribosomal subunit protein uL30	P18124	RL7_HUMAN	1	1	1	1	0	1	1	1	1	1	1	1	1	1	1	1	1	1	1	1	1	1	1	1	1	1	1	1	1	1	1	2930.460693359375	2774.00341796875	2993.6669921875	3180.207763671875	NaN	2103.080078125	3335.306884765625	1385.27490234375	3928.83056640625	2936.452880859375	2550.017822265625	3404.651123046875	3104.88818359375	2637.484619140625	6339.80419921875	5952.21826171875	4839.91552734375	5235.208984375	5673.73779296875	6428.3193359375	5202.69580078125	2500.518798828125	1365.3514404296875	2796.5166015625	2067.418212890625	3220.332275390625	2650.45068359375	2200.85400390625	4559.349609375	2188.355712890625	2999.25
P18206	VCL	Vinculin	P18206	VINC_HUMAN	45	49	48	46	47	47	45	48	49	47	48	47	47	49	48	49	49	49	50	49	49	49	46	49	48	47	48	48	49	49	49	61027.26953125	63328.7421875	65017.1953125	63507.3125	63226.24609375	63518.0703125	62764.9609375	82220.625	84443.5234375	93218.0859375	87626.7109375	85901.953125	84458.8828125	85168.625	88989.578125	92511.375	90421.1328125	92353.2421875	89567.0703125	91373.421875	88723.1953125	79907.1640625	81469.109375	81284.0234375	76838.5625	83844.59375	75534.8671875	82652.6953125	79252.5625	79135.0078125	78303.4921875
P18428	LBP	Lipopolysaccharide-binding protein	P18428	LBP_HUMAN	9	8	7	8	7	8	7	9	9	9	9	9	9	8	8	8	8	8	8	8	8	8	8	8	8	8	8	8	8	8	8	32570.109375	30642.6015625	30753.86328125	32398.560546875	35459.16015625	29745.716796875	34112.33203125	72908.25	76265.375	77079.5625	74502.2734375	84270.296875	77379.4765625	75399.2109375	39432.953125	40764.3046875	34716.125	39538.15234375	44560.69921875	39808.8828125	40375.94921875	38974.84765625	36909.15625	39220.75	38626.28125	35670.30859375	36489.19921875	36436.60546875	47585.328125	45598.05859375	42258.375
P18577;Q02161	RHCE;RHD	Blood group Rh(CE) polypeptide;Blood group Rh(D) polypeptide	P18577;Q02161	RHCE_HUMAN;RHD_HUMAN	4	4	4	4	4	4	4	4	4	4	4	4	4	4	4	4	4	4	4	4	4	4	4	4	4	4	4	4	4	4	4	75165.9921875	75283.578125	78771.7421875	77416.625	78687.5390625	73602.6875	77740.296875	68752.890625	72122.953125	66693.09375	71204.5625	71252.3125	73029.0703125	74146.4375	75416.1484375	76897.015625	68091.578125	83084.6171875	81327.7734375	83208.203125	81545.3046875	78396.9609375	64372.2578125	92715.84375	83322.109375	79642.1484375	77988.6484375	72745.8046875	80771.171875	73973.7421875	71567.671875
P18669	PGAM1	Phosphoglycerate mutase 1	P18669	PGAM1_HUMAN	19	19	19	19	19	19	19	19	19	18	19	19	19	19	19	19	19	19	19	19	18	19	19	19	19	19	19	19	19	19	19	222372.234375	229002.015625	225493.828125	226676.859375	213415.265625	227666.328125	223175.890625	157555.21875	156189.53125	154801.28125	152839.546875	152646.578125	153699.71875	158636.40625	161420.15625	171110.609375	169267.203125	164192.359375	161441.671875	159278.140625	159833.609375	179026	196723.71875	184549.40625	183056.75	169784.640625	183600.546875	182814.109375	177734.640625	178091.5625	177906.453125
P19256	CD58	Lymphocyte function-associated antigen 3	P19256	LFA3_HUMAN	2	2	2	2	2	2	2	2	2	2	2	2	2	2	2	2	2	2	2	2	2	2	2	2	2	2	2	2	2	2	2	24049.626953125	26170.943359375	25323.669921875	24891.716796875	31418.90625	28041.169921875	25633.302734375	28748.818359375	26970.037109375	24693.365234375	26816.896484375	25126.162109375	27222.498046875	27574.666015625	28497.41015625	25120.896484375	25431.763671875	28132.93359375	24543.759765625	28293.142578125	26532.1015625	22500.19921875	27007.36328125	21282.91015625	22345.4609375	23309.388671875	22844.673828125	19542.88671875	24963.00390625	25447.83984375	25915.591796875
P19367	HK1	Hexokinase-1	P19367	HXK1_HUMAN	3	3	3	3	3	3	3	3	3	3	3	3	3	3	3	3	3	3	3	3	3	3	3	3	2	3	3	3	3	3	3	10090.783203125	10197.779296875	10954.857421875	9111.2529296875	10193.1396484375	9801.1005859375	9530.7568359375	9878.1103515625	7960.3486328125	9437.638671875	10835.982421875	11063.015625	10870.328125	10534.2314453125	11003.4521484375	9495.8056640625	10230.0126953125	10956.6611328125	10689.7861328125	9052.47265625	10381.2109375	9524.99609375	9291.056640625	9659.0634765625	8784.7197265625	9609.9228515625	10078.822265625	7693.1865234375	8976.2177734375	8874.4677734375	9314.775390625
P19474	TRIM21	E3 ubiquitin-protein ligase TRIM21	P19474	RO52_HUMAN	3	3	3	3	3	3	3	3	3	3	3	3	3	3	3	2	2	3	3	3	3	3	2	2	3	3	2	3	3	3	3	13359.0908203125	16313.486328125	14390.23046875	15394.3828125	17075.095703125	15570.119140625	14169.8642578125	9758.2041015625	10451.7177734375	9094.060546875	10523.65234375	9330.0537109375	10100.5419921875	10274.673828125	8680.072265625	9341.556640625	9352.8583984375	7501.37451171875	8139.90380859375	6908.79150390625	7794.25927734375	9184.0224609375	7216.0625	10417.626953125	7749.97509765625	9598.8837890625	10057.9345703125	8425.9609375	9363.1533203125	9194.998046875	11981.9921875
P19652	ORM2	Alpha-1-acid glycoprotein 2	P19652	A1AG2_HUMAN	11	11	11	11	11	10	11	11	11	11	11	11	11	11	11	11	11	11	11	11	11	11	11	11	11	11	11	11	11	11	11	343229.75	337494.59375	329082	336277.21875	354123.5625	344013.46875	336357.84375	430050.90625	466269.875	449311.09375	493393.03125	493332.1875	467182.875	466223.875	388744.53125	411675.34375	421085.0625	420746.375	422527.875	395107.59375	416925	452269.625	398843	506617.3125	453303.96875	505145.53125	456252.96875	466982.9375	430012.40625	421985.375	404657.65625
P19823	ITIH2	Inter-alpha-trypsin inhibitor heavy chain H2	P19823	ITIH2_HUMAN	58	58	59	59	59	57	58	58	58	59	58	58	58	60	59	60	59	59	57	57	57	59	59	58	58	57	58	59	58	58	60	550924.375	553270.375	554983.3125	558125.5625	567585.25	556919.0625	546087.75	747164.875	756577.5	802322.4375	742622.4375	800927.3125	766229.375	742720.75	595247.3125	622597.375	596141.5625	634114.875	610233.3125	624427.6875	589747.0625	676167.3125	630455.375	670046.625	643538.875	717589.3125	650814.3125	671895.0625	653349.25	651403.9375	642692.125
P19827	ITIH1	Inter-alpha-trypsin inhibitor heavy chain H1	P19827	ITIH1_HUMAN	55	53	54	53	54	55	54	55	55	55	55	55	56	55	55	56	56	56	55	55	55	55	54	53	53	53	54	53	56	56	55	465270.0625	471972.125	458727.625	459932.40625	480467.9375	476413.53125	458491.46875	680506.6875	679175.8125	731383.625	675587.1875	710582.0625	689084.1875	681969.625	549088.875	596940.5	542985.3125	575810.125	566032.3125	567213.5625	546956.75	583901	543850.0625	571840.6875	536473.9375	608775.8125	564560.25	555768.375	558011.75	573250.6875	564533.5625
P19971	TYMP	Thymidine phosphorylase	P19971	TYPH_HUMAN	1	1	1	1	0	1	0	1	1	1	1	1	1	1	1	1	1	1	1	1	1	1	1	1	1	1	1	1	1	1	1	3883.176025390625	3982.36328125	4705.3359375	5062.8583984375	NaN	4534.5087890625	NaN	7076.5126953125	8092.19140625	7608.2646484375	7493.91845703125	7447.66552734375	9591.0419921875	7966.57666015625	5819.65625	5788.890625	4702.56787109375	7873.396484375	2606.943359375	4929.8466796875	5544.1513671875	6487.49560546875	8808.3076171875	5735.58203125	5817.22314453125	1535.5640869140625	5481.3447265625	6183.0166015625	4767.95166015625	8262.9619140625	6415.1591796875
P20020	ATP2B1	Plasma membrane calcium-transporting ATPase 1	P20020	AT2B1_HUMAN	1	1	1	1	1	1	1	1	1	1	1	1	1	1	1	1	1	1	1	1	1	1	1	1	1	1	1	1	1	1	1	9760.578125	7485.548828125	9475.072265625	10384.47265625	10320.5576171875	7504.14990234375	7059.8994140625	8185.64794921875	7273.390625	8983.8798828125	8924.8916015625	10651.427734375	10093.412109375	8937.099609375	9697.939453125	10984.8681640625	11079.9013671875	8850.0986328125	7822.912109375	10750.3515625	10518.95703125	9738.5341796875	9097.0234375	7699.73681640625	10264.3193359375	8163.482421875	11197.802734375	9262.4951171875	9225.794921875	10057.818359375	9114.765625
P20042	EIF2S2	Eukaryotic translation initiation factor 2 subunit 2	P20042	IF2B_HUMAN	5	6	6	6	6	5	6	6	6	5	6	6	6	6	6	6	6	6	6	6	6	5	6	6	5	6	6	6	6	6	5	12133.3779296875	11535.4921875	13183.619140625	12811.7890625	11461.6455078125	11858.8203125	10675.57421875	12341.5146484375	14991.6318359375	13718.7470703125	12214.5654296875	13679.77734375	13885.099609375	14530.2294921875	20102.208984375	18219.4375	18704.552734375	18887.787109375	18769.705078125	18436.611328125	17475.6875	13252.16796875	13541.3984375	12115.787109375	13388.83203125	8773.6982421875	12415.80078125	11575.900390625	13770.83203125	12675.826171875	12759.1005859375
P20073	ANXA7	Annexin A7	P20073	ANXA7_HUMAN	26	26	26	25	25	26	26	26	26	26	26	26	26	26	26	26	26	26	26	26	26	26	26	24	24	25	26	26	26	26	26	129594.2109375	130006.3828125	130381.5703125	130876.1328125	134605.8125	130384.9296875	132653.59375	112911.609375	111149.84375	109581.46875	113781.2734375	107351.84375	113126.9140625	112749.640625	122120.5078125	122613.6953125	122930.7890625	118912.4140625	123505.203125	121003.75	120553.5703125	106610.9140625	108687.71875	103521.234375	108234.53125	104688.484375	104441.09375	101640.3984375	115520.6484375	110589.9453125	112027.546875
P20160	AZU1	Azurocidin	P20160	CAP7_HUMAN	4	4	4	4	4	4	4	4	4	4	4	4	4	4	4	4	4	3	4	4	4	4	4	4	4	4	4	4	4	4	4	20576.083984375	13646.4755859375	10448.435546875	8064.20703125	11359.1728515625	13553.9599609375	11894.142578125	18474.974609375	20875.404296875	15867.2236328125	24798.30078125	20607.060546875	18957.419921875	27643.69921875	30693.521484375	8266.5419921875	25590.37890625	11041.259765625	18265.224609375	15516.78125	24072.142578125	21130.01171875	10795.30859375	16381.81640625	25202.244140625	18486.8203125	14001.498046875	36620.1484375	19105.388671875	19576.5859375	16663.599609375
P20339	RAB5A	Ras-related protein Rab-5A	P20339	RAB5A_HUMAN	5	5	6	6	5	5	6	6	6	6	6	5	5	6	5	5	5	5	5	5	6	5	4	6	5	5	5	6	6	5	6	56724.6015625	58947.43359375	56322.8515625	56477.41796875	58313.11328125	64871.046875	60945.55078125	45700.21484375	42481.6171875	47804.25390625	41409.33203125	48361.5703125	44505.00390625	54023.82421875	50493.2734375	52405.5703125	52280.765625	61585.7890625	54392.80859375	54018.72265625	54113.671875	49976.12890625	41937.31640625	54047.99609375	56949.265625	54891.14453125	50589.10546875	52471.81640625	53160.90625	55251.98046875	50717.2734375
P20340	RAB6A	Ras-related protein Rab-6A	P20340	RAB6A_HUMAN	7	7	7	7	7	7	7	7	7	7	7	7	7	7	7	7	7	7	7	7	7	7	6	7	7	7	7	7	7	7	7	42448.76171875	43757.26953125	43848.05859375	45206.50390625	45231.71484375	45376.21875	42469.03125	38169.65625	41778.66015625	40152.09375	39771.2578125	39740.87890625	41322.60546875	42438.859375	42679.50390625	42785.4453125	41898.92578125	44837.50390625	42146.88671875	40701.55078125	42271.0078125	34061.234375	28910.767578125	37159.59375	36524.6640625	36064.78125	35771.39453125	33292.69921875	42896.9609375	40570.69140625	41701.71875
P20618	PSMB1	Proteasome subunit beta type-1	P20618	PSB1_HUMAN	16	16	16	16	16	16	16	16	16	16	16	16	16	16	16	16	16	16	16	16	16	16	16	16	16	16	16	16	16	16	16	129983.84375	124545.1875	129444.15625	124533.71875	127929.890625	122736.8046875	125057.0078125	110418.34375	116782.4609375	118893.2578125	119241.8046875	113608.6875	118727.453125	116736.96875	115156.8359375	111958.03125	116694.4453125	111231.578125	115472.28125	115187.3515625	116129.1171875	113793.0078125	111117.609375	116380.671875	119160.5546875	115348.359375	107649.65625	112683.4453125	110912.3515625	114089.90625	115202.734375
P20700	LMNB1	Lamin-B1	P20700	LMNB1_HUMAN	1	1	1	1	1	1	1	1	1	1	1	1	1	1	1	1	1	1	1	1	1	1	1	1	1	1	1	1	1	1	1	3798.881103515625	5771.61376953125	6021.4921875	5980.80712890625	4923.533203125	5119.39306640625	5490.580078125	7018.1328125	6997.58447265625	6405.80322265625	6220.11181640625	6958.51611328125	6842.02001953125	7771.4326171875	6354.10107421875	5452.2001953125	7669.18505859375	5746.5791015625	7158.9033203125	4671.1083984375	6087.4169921875	5050.57275390625	4150.466796875	3865.174560546875	3116.68896484375	4121.32421875	5384.45458984375	5642.525390625	3929.071533203125	6202.77978515625	4614.7138671875
P20711	DDC	Aromatic-L-amino-acid decarboxylase	P20711	DDC_HUMAN	1	1	1	1	1	1	1	1	1	1	1	1	1	1	1	1	1	1	1	1	1	1	1	1	1	1	1	1	1	1	1	109830.640625	95186.40625	104236.40625	101967.2421875	105626.5546875	96780.2890625	102170.1328125	96575.3046875	77840.359375	89137.203125	104100.7890625	78397.46875	86276	88987.8828125	105201.328125	84517.6015625	110102.3515625	86137.6171875	92348.1015625	99874.921875	115535.1328125	96464.375	75625.109375	87235.4921875	119874.5390625	87582.6171875	90149.8203125	106507.9375	87182.734375	97898.2890625	92297.734375
P20742	PZP	Pregnancy zone protein	P20742	PZP_HUMAN	18	20	19	18	15	13	16	50	50	51	51	51	50	50	31	31	34	35	33	34	36	10	10	10	8	8	11	14	49	49	48	54159.125	46276.1875	45588.51953125	40240.5234375	40004.0390625	45005.734375	49228.1015625	759246.0625	773299.875	795787.6875	787861.125	816213.75	791021.875	784343.875	128911.7109375	89652.7421875	93043.3515625	98261.703125	91664.0234375	96526.359375	114748.9140625	37970.16796875	69549.140625	29042.908203125	24566.13671875	86502.2265625	42354.25390625	31332.005859375	269216.0625	289993.5625	261899.40625
P20810	CAST	Calpastatin	P20810	ICAL_HUMAN	23	24	24	24	24	23	24	24	24	24	25	24	24	25	24	24	24	24	23	23	24	24	24	23	22	24	24	24	24	24	24	243113.609375	241863.28125	242738.375	242222.375	239096.796875	240101.5	235813.21875	229837.703125	225772.109375	225580.421875	232223.21875	210165.109375	225259.28125	216204.546875	222343.359375	226855.796875	232658.046875	224063.234375	213405.234375	222595.4375	217448.78125	186627.75	205040.109375	197456.453125	194373.8125	183428.421875	202031.5	179763.8125	211665.90625	213653.359375	214761.75
P20851	C4BPB	C4b-binding protein beta chain	P20851	C4BPB_HUMAN	10	10	10	10	9	10	10	10	10	10	10	10	10	10	10	10	10	10	10	10	10	10	10	10	10	10	10	10	10	10	10	20784.27734375	20413.8984375	19293.431640625	20245.52734375	19107.00390625	20626.064453125	19172.953125	21144.5	22973.390625	25728.251953125	22689.822265625	27569.2578125	24274.126953125	21177.5546875	26955.98046875	24111.9296875	25538.259765625	22730.015625	26755.40234375	26458.08203125	25582.51171875	34410.62109375	28704.771484375	36066.125	33509.78125	36169.703125	32070.998046875	33698.2890625	25899.0859375	23261.169921875	25254.25
P21266	GSTM3	Glutathione S-transferase Mu 3	P21266	GSTM3_HUMAN	3	3	3	3	3	3	3	1	3	3	3	1	3	2	3	3	3	3	3	3	3	2	2	3	3	2	3	2	3	3	3	18473.763671875	17997.650390625	20884.849609375	17622.2578125	17143.162109375	16004.640625	17302.599609375	4124.8056640625	2941.877197265625	2518.1962890625	4141.919921875	5116.74951171875	4794.40087890625	5134.05859375	21832.15234375	16969.541015625	18878.37890625	17096.416015625	20191.1796875	19286.07421875	23284.724609375	11245.58203125	10080.140625	11450.1552734375	12365.93359375	12960.2197265625	11402.01953125	11778.138671875	14318.5947265625	11775.73046875	13282.216796875
P21281	ATP6V1B2	V-type proton ATPase subunit B, brain isoform	P21281	VATB2_HUMAN	11	11	11	11	11	11	11	11	11	10	11	11	10	11	11	11	11	10	11	11	11	11	11	11	11	10	11	11	11	11	11	49531.3359375	46684.8359375	52404.2734375	48415.82421875	48869.61328125	46489.203125	46645.11328125	38589.6953125	39738.69140625	37086.12109375	41568.08984375	37449.3984375	40474.828125	42870	41431.29296875	41315.91015625	41531.2578125	40981.2578125	42276.23046875	38880.6953125	38074.44140625	41138.359375	42848.9765625	42253.3671875	40357.30859375	38451.734375	39843.28515625	41393.83203125	41697.265625	41427.9296875	40184.83984375
P21291	CSRP1	Cysteine and glycine-rich protein 1	P21291	CSRP1_HUMAN	3	3	3	3	3	3	3	3	3	2	3	3	3	3	3	3	3	3	3	3	3	3	3	3	3	3	3	3	3	3	3	11870.654296875	16445.912109375	16535.767578125	15204.1259765625	12683.1904296875	12906.1787109375	12092.3154296875	12225.591796875	12305.1552734375	12731.83203125	13038.458984375	12415.091796875	13243.2021484375	12053.44921875	20797.70703125	18997.08984375	18459.955078125	18466.3828125	16594.47265625	20635.73046875	14329.1171875	16808.451171875	15410.2109375	17516.685546875	15683.150390625	11129.7705078125	14982.806640625	15779.4775390625	11376.8740234375	15682.447265625	13451.8779296875
P21333	FLNA	Filamin-A	P21333	FLNA_HUMAN	140	140	141	141	136	139	139	143	141	143	143	144	142	141	142	142	143	142	141	142	141	142	143	138	140	142	142	143	144	142	144	112363.7421875	111980.578125	113427.78125	111024.2734375	110715.015625	112496.7265625	111755.7265625	152807.03125	153432.390625	163204.890625	154235.421875	158512.9375	152782.921875	156065.71875	155163.84375	155657.765625	155410.46875	155513.015625	154627.453125	156829.75	156061.953125	143828.265625	147796.53125	149090.296875	142672.75	151043.5	139826.671875	149582.9375	139657.890625	141057.109375	139270.265625
P21399	ACO1	Cytoplasmic aconitate hydratase	P21399	ACOHC_HUMAN	1	1	1	1	1	1	1	1	1	1	1	1	1	1	0	1	1	0	0	1	1	1	1	1	1	1	1	1	1	1	1	4300.2724609375	5514.4951171875	5545.158203125	3985.156982421875	4775.9541015625	1789.5576171875	3006.562255859375	3514.925537109375	3308.014404296875	3144.78369140625	4754.91357421875	6294.43701171875	3808.126953125	5123.09716796875	NaN	1343.3509521484375	1902.4677734375	NaN	NaN	1801.2965087890625	2531.1962890625	2514.95458984375	5609.20166015625	4243.62841796875	2362.528564453125	2020.0911865234375	3981.8564453125	2640.32763671875	2677.163330078125	2370.084228515625	3520.96337890625
P21796	VDAC1	Voltage-dependent anion-selective channel protein 1	P21796	VDAC1_HUMAN	1	1	1	0	0	1	1	1	1	1	1	1	1	1	1	1	1	1	1	1	1	1	0	1	1	1	1	1	1	1	1	2331.625	2430.876953125	2113.01953125	NaN	NaN	1811.23291015625	1547.7412109375	2402.94677734375	2732.269287109375	2758.588623046875	2338.670654296875	3014.754150390625	1982.1434326171875	2971.706298828125	3095.924560546875	2959.770751953125	2658.434326171875	3058.10595703125	2745.803466796875	3051.16357421875	2918.80908203125	2831.7529296875	NaN	2261.955322265625	3250.966064453125	3599.396728515625	2939.089111328125	1996.4852294921875	2822.58203125	2448.27587890625	2837.4228515625
P21926	CD9	CD9 antigen	P21926	CD9_HUMAN	3	4	4	3	3	3	3	3	3	4	3	4	3	3	3	4	4	3	4	4	4	4	3	3	4	4	4	4	4	3	2	10832.2109375	10880.4482421875	10615.3017578125	10723.951171875	10822.390625	11706.966796875	12573.87890625	10946.09375	12881.34765625	12696.94921875	11988.880859375	13694.2587890625	13248.2822265625	12453.3671875	14448.9228515625	17968.99609375	14901.513671875	17296.78125	13962.6875	15051.72265625	14707.49609375	11191.4794921875	14565.859375	13922.873046875	13369.0244140625	14489.7958984375	9836.0986328125	15173.486328125	12490.5771484375	10677.109375	13288.5390625
P21964	COMT	Catechol O-methyltransferase	P21964	COMT_HUMAN	1	1	1	1	1	1	1	1	1	1	1	1	1	1	1	1	1	1	1	1	1	0	0	0	0	0	0	0	1	1	1	3303.943359375	5048.49365234375	4804.4833984375	2642.100341796875	4445.3955078125	4758.01318359375	5171.23974609375	4304.6435546875	2809.76806640625	3251.95556640625	4495.65234375	3782.44287109375	4838.82763671875	6939.2705078125	8272.4052734375	10581.390625	8589.04296875	9498.748046875	11090.3759765625	9042.4384765625	9156.384765625	NaN	NaN	NaN	NaN	NaN	NaN	NaN	3022.3544921875	3702.326171875	5565.47314453125
P21980	TGM2	Protein-glutamine gamma-glutamyltransferase 2	P21980	TGM2_HUMAN	42	41	42	41	41	42	42	42	42	42	42	42	41	42	41	42	41	42	42	42	41	42	41	42	41	42	42	41	42	42	42	265053.21875	275622.28125	267522.625	269010.6875	269386.1875	267657.875	267405.25	259584.015625	252072.0625	253914.859375	248062.625	245208.078125	258602.078125	257717.40625	247627.421875	257612.328125	244009.703125	252479.65625	254944.03125	252667.703125	251745.609375	227634.21875	229174.15625	227057.484375	230525.234375	222192.3125	234005.71875	219210.78125	243744.984375	241215.890625	241539.53125
P22061	PCMT1	Protein-L-isoaspartate(D-aspartate) O-methyltransferase	P22061	PIMT_HUMAN	25	24	24	25	25	24	24	24	24	24	23	24	24	24	25	25	25	25	25	25	25	24	24	24	25	25	25	25	25	24	25	315917.84375	329735.21875	319814.5625	316727.375	319583.15625	323356.03125	331646.03125	318544.375	322457.28125	321857.125	326704.625	321084.8125	321660.15625	330058.15625	327299.40625	323866.6875	322391.125	321587.21875	324502.25	324174.84375	319820.8125	299357.1875	322289.03125	301361.9375	298966.53125	286766.15625	301982.625	295290.5	308420.375	310276.875	305457.8125
P22102	GART	Trifunctional purine biosynthetic protein adenosine-3	P22102	PUR2_HUMAN	2	1	2	2	2	2	2	2	2	2	2	2	2	2	2	2	2	2	2	2	2	2	2	2	2	2	2	2	2	2	2	10398.4921875	10989.8388671875	13246.681640625	13808.6484375	11318.2119140625	9873.4189453125	13016.30078125	14769.0908203125	15746.3232421875	12924.728515625	13975.787109375	14314.6298828125	14062.943359375	12298.478515625	15723.388671875	13463.8896484375	15017.099609375	14060.1416015625	14024.5478515625	15107.0146484375	14442.283203125	15372.8486328125	14343.5537109375	12723.5732421875	18442.98828125	15755.6669921875	17228.390625	16619.37109375	12465.2734375	11491.6103515625	13495.556640625
P22234	PAICS	Bifunctional phosphoribosylaminoimidazole carboxylase/phosphoribosylaminoimidazole succinocarboxamide synthetase	P22234	PUR6_HUMAN	22	22	23	23	22	22	23	22	22	22	22	22	22	22	23	23	22	23	22	23	23	23	22	23	23	23	23	22	22	23	23	90367.21875	93996.9140625	94218.59375	88721.5390625	90998.2109375	86926.3359375	87874.03125	60982.58203125	63677.74609375	62646.1015625	61752.36328125	59039.546875	62433.2734375	58339.015625	95912.0546875	95977.7890625	94246.09375	95981.59375	94335.625	96123.375	95593.5390625	90908.625	89004.046875	90828.9375	92445.828125	86318.421875	88726.0546875	88773.8984375	82178.65625	81983.75	82375.4296875
P22314	UBA1	Ubiquitin-like modifier-activating enzyme 1	P22314	UBA1_HUMAN	31	31	31	31	32	33	31	33	34	33	33	33	33	33	33	34	34	34	33	33	33	33	34	32	33	33	33	33	34	33	33	184340.8125	187599.109375	190431.921875	189928.671875	188242.1875	183971.234375	184256.9375	193027.875	192458.109375	192281.078125	196001.484375	192783.65625	194471.484375	193673.0625	208252.28125	206638.609375	207864.265625	207785.6875	209618.703125	200584.6875	209890.671875	166113.421875	179407.078125	165189.703125	168452.765625	163152.640625	168731.59375	163409.203125	185532.21875	184449.6875	183947.578125
P22352	GPX3	Glutathione peroxidase 3	P22352	GPX3_HUMAN	9	9	9	9	9	9	9	9	9	9	8	9	9	9	9	9	9	9	9	9	9	9	9	9	9	9	9	9	9	9	9	112766.6484375	114033.8671875	110165.7578125	110138.5	97874.90625	114824.609375	108527.8125	100689.5546875	107581.546875	108043.4296875	105007.3671875	104982.984375	102003.6640625	108816.7578125	121557.7890625	103565.28125	124413.421875	111337.2734375	112253.3671875	117819.265625	118779.578125	135990.53125	121861.03125	152066.5625	147513.0625	137785.78125	140016.21875	158869.234375	116151.84375	120681.125	116185.90625
P22392	NME2	Nucleoside diphosphate kinase B	P22392	NDKB_HUMAN	20	21	21	21	21	21	20	21	21	21	21	21	19	21	21	21	21	21	21	21	21	18	19	19	20	20	21	20	20	20	21	407213.75	411458.21875	409472.875	408086.4375	397487.90625	399315.53125	399010.53125	338940.28125	336323	332746.3125	355820.84375	329722.90625	336025.625	350640.34375	370308.71875	373391.625	383016.9375	374409.28125	375159.84375	376818.03125	373853.71875	346498.21875	331098.40625	355628.125	348136.96875	332254.46875	342738.5625	332307.40625	362730.6875	359508.53125	355018.40625
P22612	PRKACG	cAMP-dependent protein kinase catalytic subunit gamma	P22612	KAPCG_HUMAN	0	0	0	1	0	0	0	1	0	0	1	1	0	1	0	1	1	1	0	0	1	0	0	0	1	0	0	1	0	1	0	NaN	NaN	NaN	8306.947265625	NaN	NaN	NaN	4901.35888671875	NaN	NaN	5929.92138671875	5287.34375	NaN	7018.25341796875	NaN	10630.1806640625	11008.880859375	15340.4599609375	NaN	NaN	7832.5966796875	NaN	NaN	NaN	4017.996337890625	NaN	NaN	3182.607421875	NaN	9556.3896484375	NaN
P22626	HNRNPA2B1	Heterogeneous nuclear ribonucleoproteins A2/B1	P22626	ROA2_HUMAN	4	4	4	4	4	4	4	4	4	4	4	4	4	4	4	4	4	4	4	4	4	4	4	4	4	4	4	4	4	4	4	13933.322265625	15304.705078125	16114.7724609375	15464.955078125	18626.302734375	15108.8720703125	14033.53515625	19258.3984375	18721.7109375	19793.625	14155.5126953125	19148.322265625	18942.80859375	18731.57421875	17905.50390625	16201.041015625	17018.447265625	18006.2109375	18728.99609375	17347.8046875	16177.1279296875	14393.576171875	15013.0859375	15190.880859375	12310.34765625	16325.9912109375	14310.9716796875	12336.052734375	15876.03515625	15691.6337890625	15640.4140625
P22692	IGFBP4	Insulin-like growth factor-binding protein 4	P22692	IBP4_HUMAN	1	1	1	1	1	0	1	1	1	1	1	1	1	1	1	1	1	1	1	1	1	1	0	1	1	0	1	1	1	1	1	3942.64599609375	2158.027099609375	3344.211181640625	1747.746826171875	1414.883544921875	NaN	5597.5126953125	8307.134765625	8433.1005859375	9193.3359375	7511.3310546875	7304.1328125	4796.20751953125	8250.1611328125	6395.6875	5653.81494140625	3073.824951171875	3196.909423828125	4554.431640625	6391.89453125	3543.362060546875	3560.907958984375	NaN	5678.0537109375	5708.337890625	NaN	4457.27197265625	2891.359619140625	5162.67626953125	3952.126220703125	5049.33984375
P22695	UQCRC2	Cytochrome b-c1 complex subunit 2, mitochondrial	P22695	QCR2_HUMAN	1	0	1	1	1	1	1	1	1	1	1	1	1	1	1	1	1	1	1	1	1	1	1	1	1	1	1	1	1	1	1	1576.0374755859375	NaN	2097.9091796875	2054.028564453125	2792.682861328125	2278.000244140625	2342.910888671875	2711.48828125	3177.056640625	3120.9775390625	2515.09228515625	2669.64111328125	2852.54443359375	3191.0849609375	2637.488525390625	3301.356201171875	2902.70361328125	2451.946044921875	1921.6290283203125	2838.359375	2263.203369140625	1390.0469970703125	3510.396484375	2577.68212890625	3522.281005859375	2203.306640625	2722.743896484375	2519.6201171875	2685.1806640625	2357.38134765625	1686.20166015625
P22792	CPN2	Carboxypeptidase N subunit 2	P22792	CPN2_HUMAN	8	7	8	8	8	8	8	8	8	8	6	8	8	8	8	8	8	8	7	7	8	8	8	8	8	8	8	8	8	8	8	104358.1484375	112004.46875	119976.9921875	112377.515625	106163.546875	112698.9609375	112049.875	161124.59375	159763.671875	157774.234375	149583.796875	152339.984375	152476.375	153391.375	122105.0234375	126420.9609375	116834.3359375	128722.03125	111927.453125	121217.7890625	118339.046875	130204.1640625	137946.3125	125135.9453125	121551.203125	128263.5234375	124948.3203125	124662.578125	126937.4375	136524.53125	126878.6796875
P22891	PROZ	Vitamin K-dependent protein Z	P22891	PROZ_HUMAN	1	1	1	1	1	1	1	1	1	1	1	1	1	1	1	1	1	1	1	1	1	1	1	1	1	1	1	1	1	1	1	19741.47265625	18996.263671875	18478.150390625	23853.474609375	17157.734375	20526.974609375	19170.9140625	39583.921875	35438.76171875	34549.7890625	29515.4609375	34818.11328125	31049.650390625	31178.22265625	21211.861328125	24275.47265625	24892.36328125	22384.12890625	24897.130859375	23976.837890625	22640.841796875	32781.93359375	36094.02734375	31773.625	31468.443359375	33395.76171875	31832.58984375	36258.203125	26276.767578125	29271.23046875	27613.02734375
P23083	IGHV1-2	Immunoglobulin heavy variable 1-2	P23083	HV102_HUMAN	5	5	5	5	5	4	5	5	5	4	5	5	4	5	5	4	5	5	5	4	5	4	4	4	5	5	4	5	5	5	5	54929.171875	57452.80859375	58753.2265625	49931.953125	58288.26171875	59191.02734375	56136.3671875	76164.34375	74273.9609375	83339.9453125	80713.9921875	85049.6171875	82815.4140625	80668.71875	91193.8671875	94682.890625	91001.0546875	94720.390625	88530.4453125	91137.1015625	87397.09375	104989.453125	96429.953125	118397.6328125	104097.6953125	119051.296875	125618.421875	101919.6328125	87444.3671875	82238.7109375	76459.6015625
P23142	FBLN1	Fibulin-1	P23142	FBLN1_HUMAN	13	14	13	13	14	13	14	15	15	15	15	15	15	15	14	14	13	13	13	13	13	15	14	14	15	15	15	14	15	15	15	38368.19921875	40155.42578125	39031.015625	36204.58203125	35814.05859375	35956.890625	35140.92578125	49727.98828125	50348.00390625	55363.296875	55334.72265625	59305.21875	52489.6171875	54010.03125	26578.837890625	25187.68359375	26301.611328125	25113.611328125	26826.763671875	28020.34765625	29045.701171875	45135.94921875	43680.45703125	50780.09765625	45196.01953125	51165.40234375	48969.71484375	47220.2265625	39286.46484375	41102.41796875	41867.98046875
P23229	ITGA6	Integrin alpha-6	P23229	ITA6_HUMAN	2	1	1	2	1	2	1	2	2	2	2	1	2	2	2	2	2	2	2	2	2	2	2	2	2	2	2	1	2	2	2	638.462646484375	1879.0084228515625	2249.31689453125	674.2587280273438	2157.32958984375	2706.071044921875	2394.85888671875	5656.41015625	4590.4541015625	4883.58935546875	6219.9921875	3176.86474609375	4729.224609375	5425.4033203125	4780.79931640625	5353.224609375	5111.59814453125	6062.82177734375	4746.05126953125	7592.4501953125	6818.703125	805.1934204101562	5966.947265625	743.2987670898438	714.1827392578125	6936.53369140625	4068.619384765625	3082.388671875	7457.88330078125	753.176513671875	740.3359375
P23276	KEL	Kell blood group glycoprotein	P23276	KELL_HUMAN	17	17	17	17	17	17	17	17	17	17	16	17	17	17	17	17	17	17	17	17	17	17	17	17	16	17	16	17	17	16	16	31062.462890625	32168.654296875	31090.865234375	34848.70703125	31098.7421875	32797.0859375	32021.435546875	31128.25390625	29374.9296875	26001.71875	26973.845703125	27470.421875	25270.3828125	29876.044921875	33969.32421875	30998.171875	32079.873046875	32848.7265625	32002.1875	33799.53125	33258.921875	28190.84375	27952.853515625	24708.55078125	27504.46484375	25124.728515625	25841.4453125	28090.97265625	27910.818359375	28580.884765625	28403.2421875
P23284	PPIB	Peptidyl-prolyl cis-trans isomerase B	P23284	PPIB_HUMAN	5	5	5	5	5	5	5	5	5	5	5	5	5	5	5	5	5	5	5	5	5	5	5	5	5	5	5	5	5	5	5	23002.880859375	25350.47265625	23843.95703125	20988.044921875	23154.04296875	21445.666015625	22490.30078125	29533.1640625	27438.3359375	31860.29296875	29608.61328125	27018.642578125	27342.318359375	29969.91015625	25215.955078125	25784.8828125	24966.95703125	25095.51953125	28129.599609375	24321.689453125	25995.529296875	26541.7421875	21765.166015625	26700.294921875	27467.62890625	27836.990234375	27383.0078125	29208.521484375	23395.228515625	25255.033203125	25394.876953125
P23381	WARS1	Tryptophan--tRNA ligase, cytoplasmic	P23381	SYWC_HUMAN	21	21	21	21	21	21	21	21	21	21	21	21	21	21	21	20	21	20	21	21	21	21	21	21	21	21	21	20	21	20	21	50009.89453125	49888.609375	51693.25	50661.99609375	50588.83984375	49953.08984375	48773.34375	42648.328125	41447.94140625	43882.015625	42033.77734375	42659.4609375	41018.2421875	43369.41015625	44161.03125	44393.42578125	46066.90234375	41995.30859375	44839.90234375	46279.73046875	44024.109375	46970.6171875	46959.16796875	47716.5234375	48167.1953125	43373.16796875	47993.4375	45241.17578125	46219.87109375	43906.734375	44464
P23526	AHCY	Adenosylhomocysteinase	P23526	SAHH_HUMAN	31	31	30	31	31	31	31	31	31	30	30	31	31	30	31	31	31	30	30	30	31	31	31	29	31	30	29	30	31	31	31	282866.25	285668.46875	272947	277927.3125	277111.75	288839.46875	267263.0625	212676.890625	212046.890625	206050.359375	210178.9375	203017.703125	209859.8125	217243.703125	235619.59375	245508.0625	241488.3125	254974.75	238052.578125	247793.640625	239141.609375	241284.0625	199614.90625	225234.515625	235108.65625	233690.75	240660.75	228212.453125	232463.96875	229933.90625	227439.734375
P23528	CFL1	Cofilin-1	P23528	COF1_HUMAN	23	23	23	23	23	23	23	23	23	23	23	23	23	23	23	23	23	23	23	23	23	23	23	23	22	21	23	22	22	23	23	218268.96875	225643.96875	212787.9375	214032.046875	208013.4375	213985.890625	217741.390625	190311.21875	189536	201964.375	189594.09375	177603.03125	190127.9375	185297.421875	198982.28125	211625.53125	197157.3125	199194.578125	200193.75	198506.8125	189659.03125	191610.140625	213726	180761.015625	195389.71875	191731.296875	195787.421875	184452.75	200227.9375	199044.796875	196899.5
P23588	EIF4B	Eukaryotic translation initiation factor 4B	P23588	IF4B_HUMAN	7	8	8	8	8	8	8	8	8	8	8	8	8	8	8	8	8	8	8	8	8	8	8	8	8	8	8	8	8	8	8	39610.19140625	35712.875	37423.4609375	37075.93359375	38464.22265625	40344.8984375	38350.8984375	36010.8125	34437.4140625	31465.78515625	35656.59375	33587.30859375	33246.16796875	36093.19921875	40037.1796875	38769.29296875	39408.3984375	41098.6640625	38863.55078125	38078.3984375	37500.9609375	36232.078125	36262.625	35997.51171875	36881.2421875	33631.49609375	36012.9921875	33561.14453125	35216.9140625	34239.671875	38349.08203125
P23634	ATP2B4	Plasma membrane calcium-transporting ATPase 4	P23634	AT2B4_HUMAN	16	16	16	16	16	16	15	15	16	16	15	16	16	16	15	16	16	16	16	16	16	16	16	16	16	15	16	16	15	16	16	32879.88671875	34821.15234375	36350.44140625	33122.26953125	32975.03125	35000.56640625	33810.078125	34181.71484375	34186.390625	35193.5390625	37094.9453125	34506.5	38825.00390625	35757.23046875	38363.00390625	40767.796875	38122.328125	39247.87109375	38498.8046875	38219.26953125	39756.703125	35562.83984375	34161.31640625	33940.63671875	36170.8515625	35533.796875	36175.7890625	33812.8671875	35982.109375	34847.42578125	35282.3359375
P23743	DGKA	Diacylglycerol kinase alpha	P23743	DGKA_HUMAN	1	1	1	1	1	1	1	1	1	1	1	1	1	1	1	1	1	1	1	1	1	1	1	1	1	1	1	1	1	1	1	9611.9091796875	9458.4169921875	8716.4580078125	8678.4091796875	9453.6923828125	10991.0673828125	9128.6240234375	9147.7646484375	11193.6103515625	11342.98046875	12138.822265625	11437.7109375	10257.8056640625	11524.28125	11155.419921875	9444.9541015625	10514.203125	11669.169921875	10770.2724609375	11000.1962890625	11889.4482421875	5901.548828125	6203.1552734375	8226.7490234375	6903.39404296875	8125.318359375	8096.91162109375	10016.0908203125	11534.2724609375	11259.216796875	10008.5458984375
P23919	DTYMK	Thymidylate kinase	P23919	KTHY_HUMAN	10	10	10	10	10	10	10	9	10	9	10	9	10	10	10	10	10	10	10	10	10	10	9	10	10	10	10	10	10	10	10	34245.515625	39280.44921875	34366.11328125	37162.52734375	36112.4765625	34102.0078125	31420.439453125	25599.37890625	25576.201171875	24781.15625	25866.849609375	25296.408203125	25579.498046875	26407.306640625	39284.9140625	34502.3515625	36996.13671875	36764.93359375	35287.9296875	36124.93359375	39711.62890625	37855.9609375	39958.14453125	41843.1875	39104.7734375	40824.6171875	39789.87890625	40087.6015625	31229.310546875	32535.734375	31450.54296875
P23921	RRM1	Ribonucleoside-diphosphate reductase large subunit	P23921	RIR1_HUMAN	11	11	11	11	11	11	11	8	8	6	8	6	5	5	5	6	5	5	3	4	3	6	4	2	7	5	5	4	7	8	8	27514.58203125	27492.591796875	28878.0546875	29120.533203125	27525.4296875	28996.671875	28887.619140625	10226.994140625	10268.2138671875	10474.6943359375	8808.4501953125	9892.4140625	10049.384765625	10186.048828125	6780.302734375	7225.02734375	7002.2451171875	7283.43212890625	6781.73046875	8116.06982421875	7464.37548828125	8158.2451171875	6193.39306640625	7634.86474609375	7593.34912109375	7729.88134765625	7842.6181640625	7772.099609375	13306.2900390625	13493.6884765625	12913.7275390625
P24158	PRTN3	Myeloblastin	P24158	PRTN3_HUMAN	3	4	4	3	4	4	3	5	5	5	5	5	5	5	4	5	4	5	4	5	4	5	4	5	5	5	5	4	4	4	4	28511.9765625	25145.484375	26218.1171875	26431.853515625	23691.16796875	29414.732421875	30795.654296875	44608.1171875	47076.36328125	47910.16796875	40248.91796875	49296.62109375	49734.10546875	45153.12109375	38452.02734375	34214.38671875	38106.09765625	37746.73046875	37938.4296875	41991.734375	37268.6640625	24563.005859375	26138.64453125	29505.01171875	27159.033203125	31566.48828125	28169.88671875	30068.83984375	34273.87109375	35825.87109375	29755.021484375
P24666	ACP1	Low molecular weight phosphotyrosine protein phosphatase	P24666	PPAC_HUMAN	10	10	11	10	10	10	10	11	11	11	11	11	11	11	10	11	11	11	11	10	11	10	11	9	11	10	11	11	10	11	10	264535.65625	258386.296875	271305.125	279380.875	270703.28125	279819.5	270139.65625	279968.40625	273294.65625	284433.90625	268106.625	261869.484375	281252.6875	282433.375	277841.78125	292466.5	280033.90625	274763.71875	282011.71875	269735.40625	294893.5	281114.59375	267538.53125	295253.15625	271874.71875	271258.25	296164.84375	269349.25	268209.90625	273822.4375	283850.875
P24844	MYL9	Myosin regulatory light polypeptide 9	P24844	MYL9_HUMAN	4	4	4	4	4	4	3	4	4	4	4	4	4	4	4	4	4	4	4	3	3	4	4	3	4	3	4	4	4	4	4	8590.515625	12110.0625	13115.71484375	12812.931640625	6613.92626953125	11489.046875	7630.95068359375	14847.1796875	18960.216796875	23586.625	20822.462890625	15360.1806640625	20462.48828125	15634.6279296875	18695.103515625	19442.9375	20791.7578125	17755.013671875	17669.1875	21341.107421875	18103.87890625	12604.4755859375	16333.9462890625	14570.32421875	14431.3193359375	12586.42578125	15074.0322265625	14592.6953125	13981.1689453125	13591.7724609375	17269.646484375
P24941	CDK2	Cyclin-dependent kinase 2	P24941	CDK2_HUMAN	3	4	3	3	3	3	4	3	3	3	4	3	3	3	4	4	3	4	4	3	3	3	3	3	3	3	3	4	4	4	3	16329.5087890625	17275.830078125	18393.462890625	16644.755859375	17601.6328125	16379.4736328125	14278.625	11353.1865234375	10357.125	8942.3828125	9876.275390625	8827.7041015625	8894.087890625	9923.9755859375	15567.9169921875	15177.474609375	12948.3115234375	14972.587890625	15500.7451171875	14915.68359375	14810.3095703125	8703.11328125	8367.291015625	8864.8681640625	9438.044921875	10823.4736328125	8594.2763671875	8780.904296875	8984.15625	12976.931640625	12935.8720703125
P25311	AZGP1	Zinc-alpha-2-glycoprotein	P25311	ZA2G_HUMAN	34	34	35	35	34	33	34	35	35	35	34	35	33	35	35	35	35	35	34	33	35	34	35	33	35	34	33	35	35	34	34	253586.84375	260506.5	260410.453125	253732.0625	243666.90625	268133.40625	257167.953125	339826.40625	348223.71875	368654.96875	345032.75	362508.40625	331995.875	348935.78125	285849.25	291386.0625	297459.90625	300470.125	281363.96875	290852.3125	285616.46875	356308.25	380634.34375	351988.75	333044.78125	358309.875	344005.28125	366179.8125	315582.875	309516.28125	311838.46875
P25325	MPST	3-mercaptopyruvate sulfurtransferase	P25325	THTM_HUMAN	20	20	20	20	20	20	20	20	21	20	19	20	20	20	20	20	20	20	20	20	21	21	20	20	20	20	19	20	20	20	20	163545.59375	156583.46875	156611.765625	158254.578125	159886.296875	161904.71875	159459.828125	146026.328125	143557.78125	139738	140064.859375	141399.53125	142110.625	142040	149808.46875	144967.3125	147792.953125	142389.96875	141436.5625	145348.890625	142435.8125	145018.015625	155632	141968.640625	149689.0625	142304.328125	144628.03125	143789.53125	140768.125	152583.25	147165.703125
P25685	DNAJB1	DnaJ homolog subfamily B member 1	P25685	DNJB1_HUMAN	7	7	7	7	7	7	7	7	7	7	6	7	7	7	6	7	7	7	7	7	7	7	6	7	7	5	6	6	7	7	6	39570.41015625	37589.703125	35297.90234375	36668.9375	37345.00390625	35604.390625	37873.2265625	29856.3359375	29182.755859375	29738.466796875	29692.017578125	29138.36328125	32821.6796875	30310.310546875	32093.9375	32647.85546875	31252.029296875	29873.78515625	30849.744140625	34079.4453125	31316.396484375	21380.24609375	23389.8203125	25032.642578125	23423.572265625	23524.130859375	25372.14453125	25479.11328125	28928.142578125	30279.802734375	29750.6640625
P25686	DNAJB2	DnaJ homolog subfamily B member 2	P25686	DNJB2_HUMAN	9	9	9	9	9	9	9	9	9	9	9	9	9	9	9	9	9	9	9	8	9	9	9	9	9	8	9	9	9	9	9	49920.4765625	45582.37109375	45399.26171875	45156.36328125	42437.53515625	45342.62890625	44981.50390625	40716.5078125	41408.46484375	42193.69140625	43834.94140625	43217.4765625	43637.3828125	42924.296875	46838.28515625	43676.875	48119.65625	44406.73828125	45056.171875	46278.5703125	46248.81640625	39950.9765625	42867.26171875	38002.4375	40809.20703125	38530.97265625	37587.3828125	38396.12109375	41750.24609375	42450.125	41063.3671875
P25705	ATP5F1A	ATP synthase subunit alpha, mitochondrial	P25705	ATPA_HUMAN	6	9	8	8	8	9	7	8	9	8	8	8	9	9	8	8	9	9	8	8	8	8	8	9	8	9	8	9	9	8	7	21255.490234375	19405.078125	21604.763671875	19845.259765625	19823.69921875	21825.4140625	20350.84765625	28011.509765625	29820.35546875	33681.38671875	32221.53125	29966.1875	29901.0859375	30718.54296875	29821.83984375	29195.107421875	26289.466796875	27617.578125	26088.58984375	25841.703125	29166.328125	27366.619140625	28736.212890625	28137.51953125	27141.138671875	32234.1171875	26858.2734375	29511.080078125	25341.61328125	25791.490234375	28370.318359375
P25786	PSMA1	Proteasome subunit alpha type-1	P25786	PSA1_HUMAN	27	27	26	27	26	26	27	27	26	27	26	26	27	26	26	26	27	27	26	26	27	26	27	26	26	26	26	27	27	26	26	233392.6875	233776.9375	237381.859375	234812.84375	235411.515625	229177.3125	236097.921875	207305.75	213627.796875	205732.828125	202362.71875	202946.390625	204776.734375	209222.609375	214417.3125	208683.3125	212435.75	205205.171875	205217.703125	205620.5	210297.015625	210135.453125	214444.75	209229.203125	209942.359375	198253.453125	205505.796875	201103.5625	207017.28125	207007.265625	209412.796875
P25787	PSMA2	Proteasome subunit alpha type-2	P25787	PSA2_HUMAN	15	15	15	15	15	15	15	14	15	15	14	14	15	15	14	15	15	15	15	15	14	15	15	15	15	15	15	15	15	15	15	111580.015625	112908.6640625	107390.9609375	107586.421875	113837.7421875	105879.6640625	107687.078125	100799.03125	102517.65625	92202.5078125	102771.140625	96148.6484375	99428.453125	97821.5859375	101490.9375	99763.484375	95989.4765625	97597.6484375	97917.015625	95619.5859375	98697.5234375	104947.0546875	88410.28125	102197.1875	107240.890625	103719.921875	100135.7109375	99819.1875	97531.671875	101511.328125	104934.5390625
P25788	PSMA3	Proteasome subunit alpha type-3	P25788	PSA3_HUMAN	11	11	12	11	11	11	11	12	12	12	12	11	12	11	12	12	12	12	11	11	11	11	11	12	12	12	11	12	11	11	12	70375.3125	74357.421875	66170.0390625	68633.7578125	70558.8828125	72726.7890625	73442.6484375	60879.5078125	62748.578125	58642.30078125	61169.5859375	57957.09375	60144.04296875	58994.52734375	62183.0703125	60531.3671875	58903.36328125	59472.48046875	62716.4453125	58871.6015625	61104.26171875	58907.2578125	54101.421875	59129.26171875	63768.02734375	61406.9140625	61166.546875	60184.20703125	61131.58203125	62613.83203125	61393.8125
P25789	PSMA4	Proteasome subunit alpha type-4	P25789	PSA4_HUMAN	15	15	15	15	15	15	15	15	15	15	15	15	15	15	15	15	15	15	15	15	15	15	15	15	15	15	15	15	15	15	15	88293.671875	86846.6640625	89563.46875	88936.6640625	87899.3203125	83394.265625	81479.875	73360.59375	79734.140625	82231.40625	78611.6796875	73273.7265625	79362.1171875	76409.390625	74801.8359375	73985.2734375	76903.8515625	75730.421875	73941.9765625	74920.203125	71264.9140625	83707.9609375	66897.453125	77189.3671875	84216.6015625	80043.21875	78717.0859375	78337.140625	79511.0546875	77028.65625	79462.15625
P25815	S100P	Protein S100-P	P25815	S100P_HUMAN	2	2	2	2	2	2	2	2	2	2	2	2	2	2	2	2	2	2	2	2	2	2	2	2	2	2	2	2	2	2	2	30761.126953125	28192.77734375	33629.546875	34284.09765625	23905.365234375	29611.2578125	31168.314453125	33785.1171875	36923.625	31759.212890625	38789.08203125	38830.95703125	30731.8203125	35883.953125	22474.291015625	26847.96484375	27071.62109375	24836.2109375	28836.30859375	28735.21484375	27426.41015625	21228.03515625	15534.166015625	18542.1953125	19988.515625	27172.27734375	26423.931640625	21440.60546875	25763.162109375	27366.095703125	26277.28515625
P26038	MSN	Moesin	P26038	MOES_HUMAN	22	22	22	22	22	22	22	22	22	22	21	21	22	22	22	22	22	22	21	21	22	20	21	21	21	21	22	22	22	22	22	85631.9296875	85563.4140625	84140.59375	83928.671875	84982.6171875	82858.1015625	81433.53125	73835.4609375	73377.8671875	78303.2890625	76232.5859375	69705.9921875	76701.25	77648.6328125	72757.109375	77100.109375	76165.5625	77423.8984375	79357.765625	76681.890625	78575.6796875	76929.2109375	72178.25	76469.1171875	77658.640625	75771.84375	76385.3203125	75705.4765625	74023.65625	75565.046875	69595.09375
P26447	S100A4	Protein S100-A4	P26447	S10A4_HUMAN	14	13	14	14	15	15	13	13	15	13	14	15	14	13	15	15	15	14	14	14	13	13	14	14	14	12	14	13	15	15	15	733091.3125	725832.125	720206.0625	726521.5	753708.25	749692.3125	735966.5625	693493.875	709450.625	683668.875	701064.6875	724484.9375	703475.375	715713.1875	743078.3125	752966.5	743395.75	759595.375	764797.25	739798.625	743319.375	606095.0625	689831.6875	613463.875	612059.5625	594355.1875	612397.5625	626238.1875	688870.125	677958.5625	676394.8125
P26599	PTBP1	Polypyrimidine tract-binding protein 1	P26599	PTBP1_HUMAN	5	5	5	5	5	5	5	5	5	5	5	5	5	5	5	5	5	5	4	5	5	5	4	5	5	5	5	5	5	5	5	28158.85546875	26796.4375	28450.37890625	29089.56640625	27178.509765625	29215.4765625	30178.833984375	28741.80859375	28322.474609375	27584.55078125	26078.576171875	27281.29296875	26801.3828125	28266.484375	27434.583984375	23524.078125	25068.40625	25002.880859375	23083.7421875	25596.623046875	25555.2421875	24616.619140625	23778.234375	24922.490234375	26906.705078125	24411.31640625	24126.6640625	23349.392578125	25618.94921875	24569.955078125	25488.802734375
P26641	EEF1G	Elongation factor 1-gamma	P26641	EF1G_HUMAN	2	2	2	2	2	2	2	2	2	2	2	2	2	2	2	2	2	2	2	2	2	2	2	2	2	2	2	2	2	2	2	13764.384765625	12860.8916015625	13018.23828125	13514.0791015625	13017.333984375	13274.025390625	14255.150390625	14419.154296875	14738.9736328125	14125.3076171875	12415.912109375	14822.2861328125	11252.4072265625	14604.7138671875	11128.736328125	9230.7373046875	10334.2021484375	10632.7509765625	9392.4541015625	9607.3720703125	9096.6552734375	13452.0771484375	13184.7783203125	13423.2890625	13948.2998046875	12653.029296875	12886.9130859375	13816.0693359375	11091.291015625	12230.232421875	11654.443359375
P26927	MST1	Hepatocyte growth factor-like protein	P26927	HGFL_HUMAN	5	7	5	6	4	5	5	6	6	7	7	7	7	7	6	5	6	6	6	6	7	7	6	7	7	7	7	7	7	7	6	11553.6796875	7728.44287109375	10943.9619140625	10838.2763671875	8330.9892578125	11126.1005859375	9918.1044921875	24901.197265625	23420.591796875	23730.5390625	25231.6171875	24977.27734375	27533.212890625	27261.908203125	26623.306640625	26139.99609375	25861.619140625	26910.392578125	25312.994140625	27348.11328125	24827.71875	23700.041015625	25900.623046875	25765.568359375	23036.890625	26044.873046875	23246.728515625	24883.654296875	21463.53125	20701.92578125	20752.43359375
P27105	STOM	Stomatin	P27105	STOM_HUMAN	20	20	20	20	20	20	20	20	20	20	20	20	20	20	20	20	20	20	20	20	20	20	19	20	20	20	20	20	20	20	20	594672.25	601397.25	619301.875	611962.6875	591257.1875	607870.8125	592135.375	550084.0625	542129.5	561926.5	560390.75	522533.34375	545689.375	539485.25	486148.84375	505134.0625	485572.34375	523382.78125	500297	502537.25	500316.125	539462.25	554210.4375	532578.375	562276.625	512787.71875	561054.75	507439.59375	543244.4375	528107.25	545348.75
P27169	PON1	Serum paraoxonase/arylesterase 1	P27169	PON1_HUMAN	13	13	14	14	14	14	14	14	14	14	14	14	14	14	14	14	14	14	14	14	14	14	13	14	14	14	14	14	14	14	14	359327.5	362237.03125	346669.875	356932.65625	368756.03125	358050.15625	353187.0625	470912.375	471344.5	483733.125	480670.125	501072.96875	485691.09375	480151.15625	420630.75	441649.75	412031.65625	430163.0625	413214.9375	426343.4375	426847.25	489233.53125	415932.65625	509827.9375	499561.4375	536530.5	501867.90625	502417.09375	432697.96875	445253.34375	440030.3125
P27348	YWHAQ	14-3-3 protein theta	P27348	1433T_HUMAN	10	10	10	10	10	10	10	10	9	10	10	10	10	10	10	10	10	10	10	10	10	10	10	9	10	10	10	9	10	10	10	90442.2109375	100446.5234375	91093.796875	93843.390625	85748.3203125	91353.2265625	89228.1171875	77532.5625	80608.3203125	77697.1015625	74923.546875	73461.859375	81782.953125	78360.0859375	85049.9375	87554.6328125	88401.0546875	86843.28125	88050.7734375	84369.84375	84476.28125	65602.5390625	67619.703125	71438.7109375	69356.71875	64743.94140625	69304.1015625	62750.2421875	82212.1328125	76502.234375	78186.8984375
P27448	MARK3	MAP/microtubule affinity-regulating kinase 3	P27448	MARK3_HUMAN	1	1	1	1	1	1	1	1	1	1	1	1	1	1	1	1	1	1	1	1	1	1	1	1	1	1	1	1	1	1	1	13548.9853515625	13568.8115234375	12953.0234375	12336.802734375	12203.0791015625	11871.8017578125	12332.33203125	11814.2822265625	11547.91015625	13293.4228515625	13808.701171875	12368.91796875	12228.05859375	14252.787109375	13800.9736328125	12621.119140625	11942.83984375	12852.5390625	12420.220703125	12326.728515625	11623.6650390625	10585.0185546875	11446.5322265625	9617.1943359375	11165.8310546875	10648.9482421875	11912.2470703125	12412.3291015625	12653.6513671875	12263.9951171875	12050.0224609375
P27797	CALR	Calreticulin	P27797	CALR_HUMAN	17	17	17	17	15	16	16	17	17	17	17	16	17	17	16	17	17	17	16	17	16	16	15	16	17	17	17	16	17	17	17	38586.55078125	39778.63671875	40091.18359375	38852.89453125	36977.08984375	41226.94140625	40237.46484375	51169.52734375	48077.2265625	50228.6015625	50470.734375	50731.49609375	49188.9140625	48381.4296875	45936.4609375	44745.03515625	45779.1796875	48185.00390625	45374.25	49933.84375	47464.83984375	45061.16796875	44164.36328125	47602.171875	44909.94140625	47356.8203125	45105.14453125	48287.875	44449.5078125	45058.91015625	43393.94921875
P27918	CFP	Properdin	P27918	PROP_HUMAN	8	8	8	8	8	8	7	7	8	8	7	8	8	8	8	8	8	8	8	8	8	8	6	8	7	7	8	8	8	8	8	16475.08984375	16943.189453125	15772.00390625	12890.8876953125	12651.1953125	12918.7314453125	14486.98046875	13234.662109375	14765.294921875	16564.396484375	17777.28125	17033.912109375	14546.275390625	19690.615234375	13057.033203125	10459.9208984375	12177.5654296875	10453.58984375	13269.1181640625	12451.7470703125	13412.7822265625	12886.2890625	14302.8603515625	15472.2001953125	12042.58984375	14855.08984375	15474.728515625	14091.431640625	13811.984375	13831.244140625	11852.8779296875
P28066	PSMA5	Proteasome subunit alpha type-5	P28066	PSA5_HUMAN	18	19	18	18	18	19	18	17	19	19	20	18	20	19	17	18	18	18	18	17	17	19	19	20	18	19	19	19	18	19	18	132931.515625	140642.375	139307.90625	131664.5625	135243.703125	135028.5625	130726.3359375	124215.8984375	123087.640625	131215.03125	133592.09375	125661.9921875	132260.515625	124855.6640625	122805.1484375	121155.3984375	116763.6640625	117915.21875	118592.71875	119072.9453125	126339.296875	121805.3828125	112302.203125	123775.5859375	122412.75	127680.15625	122658.7734375	117934.8671875	122259.6953125	122448.3828125	126036.078125
P28070	PSMB4	Proteasome subunit beta type-4	P28070	PSB4_HUMAN	6	6	6	6	6	6	6	6	6	6	6	6	6	6	6	6	6	6	6	6	6	6	6	6	6	6	6	6	6	6	6	126584.0625	135939.328125	138229.046875	130143.3046875	132527.8125	121370.3125	129056.390625	116577.7578125	118718.421875	129081.2734375	127017.546875	111759.125	126101.2421875	121476.0234375	115095.5703125	119483.7265625	118645.7734375	111514.0234375	113073.5625	110489.9296875	114283.7890625	122976.3125	107977.4765625	122471.2890625	122317.328125	114307.5390625	121776.25	118086.9453125	117336.96875	123359.4375	116704.5625
P28072	PSMB6	Proteasome subunit beta type-6	P28072	PSB6_HUMAN	9	9	9	9	9	9	9	8	9	8	9	8	9	9	9	9	9	9	8	9	8	8	7	9	8	9	9	8	8	9	9	130080.515625	150604.890625	143035.25	152899.53125	123346.203125	139242.3125	127098.828125	116284.640625	120653.0859375	112162.25	118891.375	78630.359375	112452.1796875	123680.5625	113694.3203125	126643.546875	119332.8125	126383.5234375	116266.046875	108510.8828125	113556.84375	114356.515625	102767.84375	114863.109375	106211.2109375	121645.28125	117853.09375	111394.3125	115627.390625	124003.078125	113101.796875
P28074	PSMB5	Proteasome subunit beta type-5	P28074	PSB5_HUMAN	18	19	18	18	18	17	18	19	18	17	17	18	18	19	16	19	18	19	19	19	18	18	17	18	19	19	19	17	18	18	17	63654.296875	65802.953125	67571.0703125	69649.9453125	68905.03125	67639	67864.25	62333.5234375	61889.7265625	63256.29296875	55644.56640625	59104.35546875	57873.25390625	61582.2109375	59080.53515625	64860.16796875	56652.7890625	62087.4296875	60255.6484375	59868.4921875	61539.3671875	63833.75390625	50212.0625	59761.48828125	61688.6875	61677.80078125	64290.16796875	57744.71875	58853.21484375	62971.1328125	63659.2578125
P28161	GSTM2	Glutathione S-transferase Mu 2	P28161	GSTM2_HUMAN	6	6	6	6	6	6	6	6	6	6	6	6	6	6	6	6	6	6	6	6	6	6	6	6	6	6	6	6	6	6	6	31971.568359375	31041.810546875	31870.31640625	32249.166015625	30213.505859375	29249.96484375	30487.708984375	29376.396484375	27907.203125	29852.955078125	28649.869140625	27464.51171875	28620.259765625	31789.076171875	33035.7734375	33337.453125	33513.3984375	30778.236328125	34462.28125	35363.75390625	32394.572265625	20389.447265625	16184.7353515625	19544.314453125	18409.2890625	19810.224609375	18092.666015625	16319.44921875	27051.5625	26920.490234375	28823.0234375
P28289	TMOD1	Tropomodulin-1	P28289	TMOD1_HUMAN	18	18	18	18	18	18	18	18	18	18	18	18	18	18	18	18	18	18	18	18	18	18	18	18	18	18	18	18	18	18	18	153480.578125	158391.28125	152736.421875	151695.328125	150720.640625	147103.484375	151075.296875	127111.15625	127963.0546875	121851.03125	130801.6171875	121986.65625	126379.734375	125186.8828125	132491.90625	128679.6875	134931.59375	132012.09375	131367.15625	132607.140625	130401.7890625	123105.0390625	132805.09375	119420.28125	123176.03125	116738.6875	124211.3671875	122230.7265625	130124.515625	131827.484375	129958.328125
P28482	MAPK1	Mitogen-activated protein kinase 1	P28482	MK01_HUMAN	6	6	6	6	6	6	6	6	6	6	6	6	6	6	6	6	6	6	6	6	6	6	6	6	6	6	6	6	6	6	6	46625.25390625	46712.2890625	44390.56640625	46560.234375	46722.08203125	45401.578125	46980.8359375	36220.1171875	39298.765625	35644.296875	33485.70703125	40624.390625	35999.2890625	34697.0078125	39685.05078125	38221.04296875	43015.296875	39947.44921875	37597.16015625	38815.59765625	40417.3671875	33309.58984375	33532.22265625	32647.283203125	36205.15234375	36748.87890625	34160.42578125	35125.58203125	36110.9609375	41011.46484375	39549.234375
P28676	GCA	Grancalcin	P28676	GRAN_HUMAN	2	2	2	2	2	2	2	2	2	2	2	2	2	2	2	2	2	2	2	2	2	2	2	2	2	2	2	2	2	2	2	26702.123046875	22871.2578125	26486.857421875	25713.181640625	21409.021484375	23805.4140625	17889.37890625	23110.421875	25690.607421875	30232.62109375	29186.548828125	25215.33984375	28203.958984375	23288.603515625	22446.5859375	25715.9921875	22722.15625	26528.80859375	25741.044921875	23941.9765625	26077.560546875	21347.26953125	17179.1484375	16777.431640625	19614.873046875	18004.9296875	17471.89453125	18584.833984375	22985.404296875	21878.693359375	22649.806640625
P28838	LAP3	Cytosol aminopeptidase	P28838	AMPL_HUMAN	4	4	4	4	4	4	4	4	4	4	4	4	4	4	4	4	4	4	3	4	4	4	4	4	4	4	4	4	4	4	4	9523.83203125	9662.6494140625	12041.7861328125	9535.484375	10281.02734375	8678.8466796875	9705.537109375	12827.8115234375	8861.57421875	13666.046875	11209.1669921875	10457.265625	12204.896484375	11292.0068359375	8734.3427734375	7612.6240234375	5953.779296875	5941.8046875	7386.96728515625	7672.27294921875	6576.685546875	9957.2255859375	16172.6982421875	10476.6015625	11180.6748046875	10612.2333984375	11322.4384765625	9700.32421875	7982.513671875	10365.15234375	9307.771484375
P29144	TPP2	Tripeptidyl-peptidase 2	P29144	TPP2_HUMAN	44	44	44	44	43	44	44	44	43	44	43	43	44	43	44	44	44	44	43	44	43	44	43	43	44	44	44	43	44	43	44	60674.0546875	61921.77734375	61724.84375	62561.0625	61645.05859375	60049.50390625	60104.79296875	55350.05078125	53214.64453125	53014.09765625	54620.46484375	53117.56640625	53298.8359375	55138.09375	60262.8671875	59779.66796875	58467.71484375	61277.80859375	62161.48046875	61201.32421875	60300.67578125	58509.04296875	54478.96484375	55979.18359375	59115.75390625	56694.703125	59724.48828125	56726.28125	54946.6796875	56066.1015625	54818.953125
P29320	EPHA3	Ephrin type-A receptor 3	P29320	EPHA3_HUMAN	1	1	1	1	1	1	0	1	1	1	1	1	1	1	1	1	1	1	1	1	1	1	1	1	1	1	1	1	1	1	1	1711.7911376953125	495.3294677734375	1940.6678466796875	1148.3594970703125	572.9537353515625	1164.8511962890625	NaN	11904.474609375	7992.34619140625	6496.4404296875	11168.830078125	10668.1083984375	9338.0244140625	10086.7578125	6667.3447265625	5321.36279296875	5694.048828125	5749.576171875	5206.8095703125	7484.88330078125	6059.73828125	9009.431640625	11499.7919921875	9922.732421875	9452.6494140625	10909.1982421875	10741.3603515625	9506.0712890625	8043.35693359375	7296.69580078125	5262.51806640625
P29350	PTPN6	Tyrosine-protein phosphatase non-receptor type 6	P29350	PTN6_HUMAN	0	1	1	1	0	0	0	1	1	1	1	1	1	1	1	1	1	1	1	1	1	1	0	1	1	1	1	1	1	0	0	NaN	6825.35693359375	6908.70947265625	4711.66259765625	NaN	NaN	NaN	6004.64794921875	7208.3935546875	6944.9150390625	8327.79296875	10099.341796875	7974.73974609375	8064.70556640625	7785.20166015625	6712.5	6114.3095703125	5949.65283203125	9852.201171875	5373.97509765625	7879.0859375	4661.353515625	NaN	7537.8681640625	9653.08203125	8165.9892578125	7793.14892578125	5185.47265625	8471.25	NaN	NaN
P29401	TKT	Transketolase	P29401	TKT_HUMAN	33	32	34	33	33	34	33	32	34	32	33	31	33	31	34	33	34	33	34	34	34	33	33	32	34	34	34	33	33	34	34	254114	249188.3125	255597.953125	251440.78125	253663.703125	242686.890625	246158.765625	218328.359375	212545.359375	213593.046875	217133.765625	205348.8125	220516.140625	215742.875	265830.21875	259802.8125	263496.4375	256230.78125	254940.296875	257507.984375	272604.5	223959.234375	221223.46875	225930.5625	223220.96875	216549.78125	221746.078125	224837.84375	231003.296875	233643.46875	233547.75
P29622	SERPINA4	Kallistatin	P29622	KAIN_HUMAN	17	17	18	17	17	18	18	18	18	19	18	19	18	19	18	18	18	19	19	19	17	19	18	17	19	18	19	18	18	18	19	59088.83203125	54344.5078125	53548.234375	56459.19921875	56926.0390625	62211.94140625	54793.421875	65768.953125	67749.640625	63183.8203125	61023.6015625	74084.8671875	67246.3203125	67124.765625	60744.58984375	61666.65234375	58796.484375	65336.73046875	62802.60546875	60916.48828125	62340.5625	71082.5	65100.57421875	71767.859375	66980.1328125	74704.703125	65825.421875	71518	61665.60546875	60619.859375	66927.6484375
P30041	PRDX6	Peroxiredoxin-6	P30041	PRDX6_HUMAN	46	46	47	46	47	47	46	46	46	46	46	47	46	46	46	46	46	46	46	46	45	46	47	46	46	46	46	46	46	46	46	2232614.75	2211508.5	2205570.25	2157051.25	2160890	2193049.25	2208517.5	1853897.25	1866629.75	1801661	1828547.25	1856488.5	1861318.875	1886140.375	2003829	1997949.125	2037424.25	2005317.375	2017521.25	2008045.75	1987038.875	1931862.5	1989469.875	1894911.375	1938267.75	1905613.5	1926906.375	1892424	1968886.625	1946555	1963287.5
P30043	BLVRB	Flavin reductase (NADPH)	P30043	BLVRB_HUMAN	42	43	42	43	43	43	42	40	42	40	41	42	43	40	43	43	42	43	42	41	41	42	40	41	43	42	42	39	42	42	43	6089813	6220176.5	6214192.5	6111249.5	6003999.5	5985557.5	6054417	5245372	5224020	5233231.5	5139243	5039039	5201796.5	5279914	5199233.5	5339520.5	5205229.5	5323065	5335213.5	5214583	5228875	4932990	4797411	4898175.5	4966281	4714138.5	4986275	4723596	5215654	5335045	5179370.5
P30044	PRDX5	Peroxiredoxin-5, mitochondrial	P30044	PRDX5_HUMAN	7	7	7	7	7	7	7	7	7	7	7	7	7	7	7	7	7	7	7	7	7	7	7	7	7	7	7	7	7	7	7	36369.07421875	36842.5859375	36735.19140625	32071.81640625	37896.58984375	30229.4921875	34125.33984375	40372.3125	43958.47265625	44496.71484375	45886.421875	40839.24609375	38705.6328125	37693.04296875	42257.38671875	45343.25	37784.81640625	39964.09375	35019.47265625	39396.37109375	41515.58203125	49726.05859375	46697.23828125	49740.87109375	50841.46875	49682.6328125	50718.97265625	49773.203125	44211.8125	43492.76171875	42399.6953125
P30046	DDT	D-dopachrome decarboxylase	P30046	DOPD_HUMAN	15	15	15	15	14	15	15	15	15	14	14	14	14	15	15	15	15	15	15	15	15	14	13	15	15	15	15	15	15	15	15	254060.28125	248645.515625	243032.265625	241753.828125	231445.015625	244338.53125	236445.578125	231215.59375	231087.09375	218362.28125	228876.328125	226969.296875	225436.25	236544.640625	265897.78125	244763.0625	261778.5625	253141.90625	253852.90625	263009.96875	261951.109375	216830.59375	216531.03125	226057.5	231799.53125	203866.421875	225976.140625	220625.859375	233374.5625	236096.015625	231907.40625
P30048	PRDX3	Thioredoxin-dependent peroxide reductase, mitochondrial	P30048	PRDX3_HUMAN	1	2	1	2	2	1	1	2	2	2	2	2	2	2	2	2	2	2	2	2	2	2	2	2	2	2	2	2	2	2	2	10015.5908203125	7954.6962890625	10662.2861328125	9642.765625	10591.7138671875	12473.7294921875	11304.99609375	18485.40625	18825.765625	21258.53125	21193.822265625	15562.837890625	19746.203125	16477.99609375	14955.154296875	15763.732421875	10896.45703125	14774.9384765625	13186.7265625	14896.923828125	15650.1826171875	15568.8994140625	13075.1220703125	11720.2333984375	18076.4453125	16148.1669921875	15386.2119140625	17892.158203125	14220.955078125	14935.66015625	13933.07421875
P30085	CMPK1	UMP-CMP kinase	P30085	KCY_HUMAN	9	9	9	9	9	9	9	9	9	9	9	8	8	9	9	9	9	9	9	9	9	9	9	9	8	9	9	9	9	9	8	57751.2890625	55565.36328125	56040.39453125	57407.90625	55916.6484375	56105.625	56697.1640625	43395.58984375	42671.80078125	37834.79296875	39321.4921875	41514.41796875	38573.46484375	40944.90625	46967.88671875	44550.84375	45240.14453125	46667.75	45748.6328125	46281.7578125	43812.83984375	49256.19140625	47694.80859375	49268.94921875	51431.96875	47724.7109375	49307.21484375	47261.28125	44708.33984375	44648.9921875	47785.55859375
P30086	PEBP1	Phosphatidylethanolamine-binding protein 1	P30086	PEBP1_HUMAN	22	22	22	22	22	22	22	22	22	21	21	22	22	22	22	22	22	22	22	22	22	22	22	22	22	22	22	22	22	22	22	408144.1875	398790.9375	401063.96875	398525.28125	393733.78125	394540.46875	401597.90625	338832.28125	335282.25	335411.5	333978.65625	330895.78125	331092.28125	331356.46875	355846.9375	347093.65625	357791.34375	352550.84375	353150.65625	364248.96875	354807.78125	341466.9375	364111.71875	340411.9375	347695.75	322331.875	344184.96875	335253.5625	349823.875	356831.625	349228.40625
P30101	PDIA3	Protein disulfide-isomerase A3	P30101	PDIA3_HUMAN	16	16	16	16	16	16	16	16	16	16	16	16	16	16	16	16	16	16	16	16	16	16	16	16	16	16	16	16	16	16	16	37380.76953125	38478.80078125	38438.27734375	37661.69921875	36270.87109375	35369.5703125	40018.98828125	49447.58984375	50283.56640625	52655.34765625	50218.59765625	47940.20703125	49093.015625	47938.62109375	48820.3984375	48711.44921875	47197.55078125	47523.51953125	44861.01171875	46183.30859375	49859.859375	44812.86328125	48595.1640625	46211.0234375	45063.625	44704.9453125	42659.96875	46957.4140625	43845.48046875	44039.40234375	44819.8203125
P30153	PPP2R1A	Serine/threonine-protein phosphatase 2A 65 kDa regulatory subunit A alpha isoform	P30153	2AAA_HUMAN	26	26	26	26	26	26	26	26	26	26	26	26	26	26	26	26	26	26	26	26	26	26	26	26	26	26	26	26	26	26	26	150000.6875	146969.515625	146186.78125	150423.796875	145224.578125	149901.609375	148877.890625	136542.265625	137133.265625	133489.515625	131122.953125	129781	137019.15625	136919.546875	143772.609375	146318.1875	146226.5625	141232.78125	146344.203125	144744.109375	146840.78125	128474.3515625	129483.03125	130180.4296875	128233.8515625	121275.2578125	126621.796875	119780.8671875	134680.375	136034.296875	134286.09375
P30154	PPP2R1B	Serine/threonine-protein phosphatase 2A 65 kDa regulatory subunit A beta isoform	P30154	2AAB_HUMAN	3	3	3	3	3	3	3	3	3	3	3	3	3	3	3	3	3	3	3	3	3	3	3	2	3	3	3	3	3	3	3	14956.9599609375	20205.84375	16391.744140625	16128.17578125	19228.810546875	16808.740234375	18267.94921875	11197.5732421875	10936.2998046875	13708.7548828125	11676.587890625	12606.4970703125	13355.2763671875	12842.6357421875	13068.171875	13469.7998046875	14239.7783203125	12711.4619140625	13432.6591796875	14616.40625	12734.365234375	11632.423828125	12855.814453125	13387.52734375	13236.0419921875	8643.5791015625	9680.0966796875	10994.8603515625	15381.6015625	11530.0634765625	12333.09375
P30520	ADSS2	Adenylosuccinate synthetase isozyme 2	P30520	PURA2_HUMAN	1	1	1	1	1	1	1	0	1	0	0	0	0	0	0	0	1	1	0	0	0	1	0	0	0	0	0	0	0	0	1	10886.216796875	10034.42578125	7665.9296875	11164.3212890625	6497.7861328125	10571.7158203125	10029.45703125	NaN	5241.615234375	NaN	NaN	NaN	NaN	NaN	NaN	NaN	13590.7080078125	7463.41552734375	NaN	NaN	NaN	1761.633544921875	NaN	NaN	NaN	NaN	NaN	NaN	NaN	NaN	6978.2138671875
P30566	ADSL	Adenylosuccinate lyase	P30566	PUR8_HUMAN	17	17	18	18	17	17	17	17	17	18	18	18	17	18	17	17	18	17	17	18	17	17	17	17	17	17	17	18	17	18	18	140291.65625	138688.25	139223.203125	137623.6875	139146.671875	135312.9375	136105.0625	128299.7578125	127685.9609375	122196.3046875	123314.5625	127234.890625	120920.9609375	126709.40625	125935.2890625	127933.71875	127932.3046875	127933.015625	127023.7421875	125754.765625	128562.15625	125875.1953125	129075.3359375	121586.90625	121918.1171875	118827.2421875	121234.4140625	121051.71875	125139.203125	126779.78125	122324.4453125
P30613	PKLR	Pyruvate kinase PKLR	P30613	KPYR_HUMAN	28	28	28	28	28	28	28	28	28	28	28	28	28	28	28	28	28	28	28	28	28	28	28	28	28	28	28	28	28	28	28	212273.5	211268.890625	215733.359375	208343.078125	215271.21875	209521.296875	213954.484375	165377.484375	163885.515625	158002.15625	169247.859375	163953.8125	166733.5	165078.90625	160545.1875	161315.46875	165182.546875	163783.390625	157400.25	163755.90625	160051.203125	148967.09375	149457.203125	145580.90625	148410.75	140842.34375	147707.28125	146459.390625	165843.453125	165063.515625	163387.109375
P30626	SRI	Sorcin	P30626	SORCN_HUMAN	5	5	5	5	5	5	5	5	5	5	5	5	5	5	5	5	5	5	5	5	5	5	5	5	5	5	5	5	5	5	5	259105.65625	254510.3125	239863.953125	253552.53125	245981.796875	251213.640625	252230.796875	233952.65625	230711.984375	221856.640625	224341.859375	221037.46875	221043.515625	238800.453125	230171.203125	237698.375	230545.296875	241011.90625	233604.875	239575.046875	236137.71875	208046.984375	209467.40625	209242.203125	201754.984375	203071.328125	198945.3125	195570.625	236100.15625	221123.515625	220771.953125
P30711	GSTT1	Glutathione S-transferase theta-1	P30711	GSTT1_HUMAN	1	0	0	1	0	0	0	7	7	7	7	7	7	7	0	0	0	0	0	0	0	0	0	0	0	0	0	0	5	5	7	388.87091064453125	NaN	NaN	369.4129638671875	NaN	NaN	NaN	24456.578125	37347.953125	11689.2802734375	19624.181640625	35707.27734375	29346.025390625	33783.45703125	NaN	NaN	NaN	NaN	NaN	NaN	NaN	NaN	NaN	NaN	NaN	NaN	NaN	NaN	4116.45361328125	5404.20556640625	8238.3154296875
P30740	SERPINB1	Leukocyte elastase inhibitor	P30740	ILEU_HUMAN	17	17	17	17	17	17	17	17	17	16	16	17	17	17	17	17	17	16	16	17	17	17	17	17	16	17	17	17	17	17	17	38021.7734375	37277.5859375	37504.828125	35138.67578125	36811.26171875	34712.92578125	36246.671875	35350.42578125	35137.89453125	33830.98828125	33921.9140625	35462.69921875	35370.34375	35351.65625	32425.6875	33714.578125	33954.01171875	32832.9609375	34511.28125	33284.3828125	31886.193359375	37468.2734375	35745.34765625	38681.0078125	39878.5234375	39311.6640625	38959.546875	38577.1796875	34791.30859375	35462.3828125	34115.15625
P31146	CORO1A	Coronin-1A	P31146	COR1A_HUMAN	9	9	9	9	9	9	9	9	9	8	9	9	9	9	9	9	9	9	9	9	9	9	9	9	9	9	9	9	9	9	9	41148.7890625	42813.56640625	40593.51171875	40057.5703125	42519.08203125	41148.75	40646.02734375	59986.875	55843.0625	63063.6640625	54304.9609375	60618.67578125	57538.90625	59830.04296875	57822.1875	56719.85546875	50399.19140625	55419.67578125	60986.6875	56400.765625	57121.84765625	47635.25390625	40204.9609375	50642.80859375	49551.33984375	52578.71484375	48365.16015625	50979.9921875	49941.328125	51536.01171875	49637.2734375
P31150	GDI1	Rab GDP dissociation inhibitor alpha	P31150	GDIA_HUMAN	10	10	10	10	9	10	10	10	10	10	10	10	10	10	9	10	10	10	10	10	10	10	10	10	10	10	10	10	10	10	10	48022.1171875	52681.21484375	51154.64453125	48075.66015625	50625.1015625	48669.7265625	48731.14453125	40742.0078125	43784.01953125	45093.71875	43220.6484375	39415.61328125	44428.5234375	40605.82421875	45948.7734375	44952.53515625	45370.21484375	44398.21875	44386.88671875	46989.70703125	47155.41015625	41800.71484375	45342.078125	38140.97265625	39095.40234375	38932.68359375	38666.19921875	38879.6171875	40926.90625	41639.22265625	43668.98046875
P31153	MAT2A	S-adenosylmethionine synthase isoform type-2	P31153	METK2_HUMAN	4	4	4	4	4	4	4	4	4	4	4	4	4	4	4	4	4	4	4	4	4	4	4	4	4	4	4	4	4	4	4	13621.48046875	15097.212890625	14077.66015625	13741.05859375	14875.1240234375	11345.2744140625	15347.126953125	12260.087890625	15090.5869140625	11482.0634765625	8988.5302734375	12590.8388671875	11133.8505859375	11885.205078125	11718.513671875	12162.68359375	12333.4404296875	12299.2294921875	10833.6298828125	12507.2119140625	11981.5927734375	10292.1904296875	13972.2158203125	9747.4599609375	9323.162109375	8523.599609375	9628.35546875	10582.888671875	12179.6806640625	13505.0380859375	13128.6015625
P31939	ATIC	Bifunctional purine biosynthesis protein ATIC	P31939	PUR9_HUMAN	34	34	34	33	34	34	34	34	34	32	30	31	31	33	34	33	34	34	31	32	34	34	34	32	33	33	32	34	33	34	34	133834.53125	140780.71875	139077.28125	136825.046875	139094.40625	137961.046875	137748.828125	110268.0625	109322.6484375	109563.578125	110001.9609375	107103.65625	107399.34375	107564.46875	109616.4921875	110983.34375	112258.7421875	111607.015625	110031.78125	110512.6640625	108535.640625	137495.09375	137363.25	133443.03125	135595.59375	130792.8046875	132571.546875	131287.0625	118665.390625	119169	117759.9453125
P31942	HNRNPH3	Heterogeneous nuclear ribonucleoprotein H3	P31942	HNRH3_HUMAN	1	1	1	1	1	1	1	1	1	1	1	1	1	1	1	1	1	1	1	1	1	1	1	1	1	1	1	1	1	1	1	11407.0869140625	9422.76171875	13554.294921875	11116.365234375	9600.2958984375	7235.0322265625	8728.7822265625	8801.0634765625	11591.6884765625	9432.0712890625	11870.33203125	6092.25048828125	8856.830078125	10864.5078125	10796.7294921875	7265.68017578125	6627.46728515625	8629.15625	7116.005859375	8018.72021484375	12763.244140625	7735.0234375	10654.6611328125	10216.2197265625	7556.94140625	8351.96875	9306.9560546875	9731.7216796875	10405.005859375	10014.935546875	5704.16748046875
P31943	HNRNPH1	Heterogeneous nuclear ribonucleoprotein H	P31943	HNRH1_HUMAN	4	4	4	4	4	4	4	4	4	4	4	3	4	4	4	4	4	4	4	4	4	4	4	3	4	3	4	4	4	4	4	16646.0234375	19468.09765625	19592.328125	18587.650390625	18858.306640625	17739.046875	18232.765625	14604.041015625	16194.5224609375	17102.427734375	17477.302734375	15753.8017578125	15581.892578125	16113.228515625	16997.935546875	16480.900390625	18283.412109375	16435.513671875	16597.958984375	16042.0009765625	17376.544921875	14870.2353515625	14941.1708984375	13656.6806640625	14059.658203125	14343.55859375	13514.9658203125	14468.1025390625	15303.7646484375	15848.6171875	15888.58203125
P31946	YWHAB	14-3-3 protein beta/alpha	P31946	1433B_HUMAN	5	5	5	5	5	5	5	5	5	5	5	5	5	5	5	5	5	5	5	5	5	5	5	5	5	5	5	5	5	5	5	108680.7890625	107886.53125	107895.078125	109841.1875	106003.8046875	99267.3671875	107481.7421875	94322.25	98255.765625	90141.0390625	93870.109375	89950.015625	101911.4453125	97559.984375	112875.671875	107563.0859375	111189.4375	105241.4140625	105389.8125	110722.84375	112162.625	94644.296875	85624.75	94219.4609375	98695.4296875	96381.375	96763.1640625	93552.5	95200.5859375	104387.1484375	98467.1171875
P31948	STIP1	Stress-induced-phosphoprotein 1	P31948	STIP1_HUMAN	59	59	59	59	58	58	59	59	59	57	58	59	59	59	59	59	59	59	59	59	59	59	59	58	58	59	59	58	59	59	59	205416.9375	201777.09375	203236.53125	201453.75	196939.90625	204991.078125	202553.25	193915.84375	191298.03125	194045.6875	194036.4375	189257.515625	199106.171875	200083.234375	237433.328125	233470.25	237472.703125	239928.984375	241024.390625	242390.859375	236776.296875	172918.546875	176163.734375	176952.953125	174522.703125	169550.4375	178676.765625	175199.03125	200272.5	199532.078125	196353.75
P32119	PRDX2	Peroxiredoxin-2	P32119	PRDX2_HUMAN	86	85	86	86	85	86	86	86	86	85	86	86	86	86	86	86	86	86	85	86	85	86	85	84	86	85	86	84	86	85	85	13423747	13446046	13507990	13557750	13657497	13466189	13413475	12297619	12179152	12104499	12180426	11948046	12065792	12080024	12965840	12986352	13014270	13053457	12941032	12951338	13081171	11394696	12098146	11014692	11555826	11064628	11574607	11161982	12220856	12303434	12452455
P32121	ARRB2	Beta-arrestin-2	P32121	ARRB2_HUMAN	1	1	1	1	1	1	1	1	1	1	1	1	1	1	0	0	0	1	1	1	1	1	0	0	0	1	1	0	1	1	0	4783.44580078125	2725.189453125	4265.1474609375	4083.007568359375	4135.62060546875	4092.337158203125	3096.504638671875	2994.3876953125	3691.4111328125	4339.822265625	3242.7080078125	2853.198974609375	3352.439453125	4898.8427734375	NaN	NaN	NaN	6032.28955078125	2515.68896484375	2914.521240234375	3688.556884765625	2858.151123046875	NaN	NaN	NaN	2566.089111328125	1484.3641357421875	NaN	2187.32666015625	2721.26171875	NaN
P33176	KIF5B	Kinesin-1 heavy chain	P33176	KINH_HUMAN	3	3	3	3	3	3	3	3	3	3	3	3	3	3	3	3	3	3	3	3	3	3	3	3	3	3	3	3	3	3	3	29417.94140625	24335.03515625	28257.7734375	27570.640625	29492.4765625	27319.056640625	24920.255859375	23366.85546875	22280.986328125	24903.83984375	23957.81640625	24131.853515625	25883.732421875	22477.0234375	28303.974609375	27055.4140625	29288.908203125	25413.90625	27669.287109375	26172.21484375	27637.208984375	20953.58984375	23954.037109375	21818.109375	23679.5390625	22463.873046875	20998.373046875	23370.0234375	22931.171875	23219.609375	24481.59765625
P33241	LSP1	Lymphocyte-specific protein 1	P33241	LSP1_HUMAN	1	1	1	1	1	1	1	1	1	1	1	1	1	1	1	1	1	1	1	1	1	1	1	1	1	1	1	1	1	1	1	7325.8896484375	5531.7978515625	5278.4287109375	4278.9677734375	3877.41845703125	6091.70947265625	5414.4658203125	3334.861328125	3923.65771484375	5543.70654296875	9353.869140625	3438.641357421875	4571.3095703125	5179.69287109375	4315.11279296875	5316.2763671875	3431.8232421875	6459.82470703125	4690.6884765625	4312.08935546875	3788.03857421875	4145.26953125	7172.0517578125	3179.755615234375	3003.356201171875	2625.216064453125	3092.49560546875	3870.228759765625	3726.199951171875	5412.859375	5489.88916015625
P34932	HSPA4	Heat shock 70 kDa protein 4	P34932	HSP74_HUMAN	28	27	28	28	28	27	28	28	27	28	28	27	26	28	28	28	28	27	27	27	28	27	27	27	28	28	27	27	27	27	27	88366	93372.5703125	90454.3125	87735.4375	86873.1796875	86901.765625	88578.9296875	78773.984375	79883.9765625	80870.890625	85641.4921875	73320.4921875	80802.8984375	79725.6328125	90896.8203125	94204.4921875	90555.703125	91908.3125	94620.875	93558.6953125	92478.6953125	86797.1640625	87875.8359375	85251.46875	89322.4296875	87059.984375	91165	84875.8203125	84963.0703125	84874.546875	84789.6015625
P35236	PTPN7	Tyrosine-protein phosphatase non-receptor type 7	P35236	PTN7_HUMAN	2	2	2	1	2	2	2	1	1	1	1	1	1	1	1	1	1	2	2	2	2	2	1	1	2	2	2	1	2	2	1	15848.4931640625	15642.212890625	14608.6787109375	11751.83984375	14033.3876953125	15144.927734375	16896.470703125	4471.38427734375	5290.2431640625	5863.79345703125	6440.12451171875	4829.3837890625	4945.39453125	5004.44140625	8168.85595703125	8242.6865234375	8047.82666015625	11191.6787109375	10105.7333984375	9990.876953125	11623.6083984375	7416.8994140625	10477.1962890625	8540.9296875	2116.07421875	2094.416259765625	7489.28564453125	9487.0185546875	11319.8388671875	11762.775390625	8570.6435546875
P35241	RDX	Radixin	P35241	RADI_HUMAN	26	26	26	26	25	26	26	26	25	25	26	25	24	26	25	24	25	25	26	26	25	26	26	26	25	25	26	26	26	26	25	176819.671875	170212.765625	180575.859375	181546.84375	175456.859375	176223.75	181035.4375	134550.625	136373	120307.53125	123085.4140625	130700.859375	128294.359375	127241.34375	132901.296875	124778.71875	134177.515625	132115.359375	131975.59375	130741.34375	137576.28125	136918.140625	132504.3125	129431.8125	139835.171875	138393.78125	140549.28125	139365.578125	135103.90625	144105.625	139660.453125
P35527	KRT9	Keratin, type I cytoskeletal 9	P35527	K1C9_HUMAN	3	3	3	3	2	2	3	3	3	3	3	2	3	3	3	3	3	3	3	2	3	3	2	3	3	2	3	3	3	3	3	2360.092529296875	4978.60693359375	7322.728515625	3708.64404296875	4140.8828125	2111.25244140625	5479.8037109375	4473.21533203125	4800.482421875	3591.232666015625	4401.27001953125	2611.708984375	4420.80517578125	3863.47607421875	5285.20361328125	6961.1923828125	2446.22509765625	3534.607666015625	3803.162353515625	2927.658203125	4479.10888671875	5689.4189453125	3441.33251953125	2757.6953125	3750.9404296875	3433.779052734375	5552.78857421875	4026.718994140625	4546.32421875	3752.41845703125	4234.65625
P35542	SAA4	Serum amyloid A-4 protein	P35542	SAA4_HUMAN	10	10	10	10	10	10	10	10	10	10	10	10	10	10	10	10	10	10	10	10	10	10	10	10	10	10	10	10	10	10	10	232076.765625	224400.15625	230703.6875	215313.734375	216331.59375	220504.53125	226363.875	228385.0625	239432.8125	238105.5625	228827.828125	242164.71875	219333.15625	235330.5625	311788.8125	306423.40625	324376.34375	309119.5625	301071.78125	301027.46875	291010.0625	273932.75	287615.28125	301294.5625	281388.34375	285991.625	283538.46875	295542.96875	270054.59375	269453.71875	262081.515625
P35579	MYH9	Myosin-9	P35579	MYH9_HUMAN	124	123	123	124	124	122	124	125	126	125	123	125	124	124	126	125	126	126	123	125	126	124	125	120	124	123	123	125	124	126	125	124509.234375	128252.921875	128772.296875	126127.6015625	127146.625	127720.953125	124840.9609375	144481.796875	145337.328125	155625.421875	149080.453125	145896.890625	146804.71875	145923.125	165854.0625	169171.984375	165555.234375	171066.5	165425.28125	166910.25	166884.0625	139120.609375	141662.984375	140992.78125	137368.53125	147727.328125	139670.5625	143416.8125	144534.390625	142091.546875	142155.5625
P35580	MYH10	Myosin-10	P35580	MYH10_HUMAN	7	8	8	7	7	6	6	3	4	3	5	5	2	3	8	8	8	8	8	8	8	3	5	4	3	2	2	6	6	7	7	8117.162109375	7909.7392578125	7987.09033203125	7273.9033203125	7600.7451171875	8701.330078125	7805.80224609375	3079.78759765625	3791.985595703125	3045.088623046875	5585.39599609375	4456.58740234375	1308.106689453125	5860.85546875	12115.1376953125	13849.8203125	12806.0908203125	11033.0126953125	12115.6044921875	14279.0205078125	15107.3310546875	4746.42138671875	5736.77978515625	5708.41748046875	4650.16455078125	5495.02880859375	6805.50048828125	5985.74853515625	8273.0302734375	7077.794921875	8680.751953125
P35611	ADD1	Alpha-adducin	P35611	ADDA_HUMAN	28	28	28	28	28	28	28	28	28	27	28	28	28	28	28	28	28	28	28	28	28	28	28	27	28	28	28	28	28	28	28	137821.640625	139019.734375	141568.90625	141422.75	140120.96875	142331.84375	143917.6875	116240.3046875	114213.9375	118442.296875	117991.40625	111810.0390625	118248.8359375	118587.953125	122138.015625	126451.125	119377.40625	122339.953125	121711.4765625	120556.1484375	121222.6171875	111898.9609375	113394.5078125	108272.0703125	115733.53125	106436.9140625	114966.9765625	110756.8203125	120100.9140625	118786.8203125	119105.2578125
P35612	ADD2	Beta-adducin	P35612	ADDB_HUMAN	38	39	39	38	39	39	39	39	39	38	39	38	38	39	39	39	39	39	39	39	38	38	39	39	37	38	37	38	39	39	38	212274.40625	217253	210664.546875	210508.703125	206476.8125	208041.796875	213897.734375	176703.125	179752.546875	176300.1875	180839.796875	171744.03125	178642.25	177676.96875	186102.96875	187269.296875	185987.609375	188162.859375	184912.328125	192862.1875	186893.609375	170230.640625	169368.953125	167275.703125	174497.890625	163325.234375	171775.71875	166729.296875	180645.140625	177724.859375	178306.109375
P35613	BSG	Basigin	P35613	BASI_HUMAN	7	7	7	7	7	7	7	7	7	7	7	7	7	7	7	7	7	7	7	7	7	7	7	7	7	7	7	7	7	7	7	50507.48828125	53784.796875	52153.515625	50625.828125	50415.97265625	50542.44140625	49431.453125	46135.96875	45588.703125	44704.84375	50637	47329.04296875	52177.9921875	49566.7421875	59039.82421875	61253.515625	60551.11328125	58014.51953125	62262.03515625	59789.1875	62481.3515625	49020.40625	49181.73828125	46061.02734375	50261.0078125	46647.3671875	48145.74609375	45321.21484375	49705.421875	50857.44140625	46709.56640625
P35754	GLRX	Glutaredoxin-1	P35754	GLRX1_HUMAN	3	3	3	3	3	3	3	2	3	3	2	2	2	3	3	3	3	3	3	3	3	2	3	2	3	2	3	3	3	3	3	110968.21875	100067.4609375	132412.65625	116707.296875	106807.9765625	113109.2890625	106718.7265625	46334.046875	44722.93359375	56118.6640625	54748.23046875	42597.61328125	47224.89453125	39461.33203125	94554.6640625	109764.5	94560.9921875	81157.1796875	80576.625	84544.65625	117395.515625	73887.875	68796.03125	71791.2109375	68920.4765625	72248.5234375	83572.1796875	71624.015625	94221.96875	75566.8671875	82774.84375
P35813	PPM1A	Protein phosphatase 1A	P35813	PPM1A_HUMAN	9	9	9	9	9	8	9	9	9	9	9	9	9	9	9	9	9	9	9	8	9	9	9	9	9	9	9	9	9	9	9	20601.23046875	18575.638671875	15654.4189453125	21025.005859375	20006.9140625	20470.0078125	16246.013671875	18731.943359375	18139.23828125	20364.1328125	16606.0078125	19435.125	20023.623046875	17853.46875	18560.578125	22132.921875	20800.951171875	18088.98828125	21454.1484375	22669.353515625	23273.0625	23614.11328125	16751.435546875	22512.755859375	21897.166015625	20873.357421875	22098.416015625	22589.171875	20569.353515625	19867.841796875	22811.884765625
P35858	IGFALS	Insulin-like growth factor-binding protein complex acid labile subunit	P35858	ALS_HUMAN	25	25	26	26	25	25	26	26	26	26	26	26	26	26	25	26	25	26	25	26	25	25	25	25	24	25	25	23	25	25	25	114754.9140625	109113.8203125	114616.0234375	112354.8046875	110787.5703125	115041.9609375	118520.9140625	149439.453125	153035.5	155254.625	136642.265625	166837.328125	148242.171875	151151.21875	113573.46875	106405.0546875	113645.7265625	108090.484375	114974.6484375	116679.40625	110732.15625	82001.328125	82661.3203125	86255.375	83993.1953125	87847.375	83063.5390625	89374.2734375	109102.6171875	116459.8984375	116620.2109375
P35908	KRT2	Keratin, type II cytoskeletal 2 epidermal	P35908	K22E_HUMAN	2	2	2	1	0	0	2	2	2	2	2	2	2	2	2	2	1	1	2	2	2	2	2	2	2	2	2	2	2	2	2	233.23065185546875	4278.86669921875	3791.9970703125	54.39228439331055	NaN	NaN	3677.078369140625	3735.390869140625	401.80889892578125	5959.17822265625	4260.25732421875	1773.3231201171875	319.1108093261719	4472.77490234375	369.945068359375	7903.9599609375	357.9564208984375	462.1007995605469	129.65760803222656	191.7087860107422	254.94992065429688	6650.59716796875	232.20469665527344	255.19351196289062	5188.029296875	4167.20068359375	2667.585205078125	3595.3330078125	319.69305419921875	3645.1845703125	236.66331481933594
P35998	PSMC2	26S proteasome regulatory subunit 7	P35998	PRS7_HUMAN	25	25	25	25	25	25	25	25	25	25	24	25	25	25	25	25	25	25	25	25	24	24	25	24	25	25	25	25	25	25	25	74561.6015625	75272.0390625	72694.296875	70598.9609375	73506.671875	74237.046875	71096.9921875	60273.9375	59441.9609375	61039.52734375	66164.578125	58097.11328125	64954.4609375	62926.9609375	65328.53515625	65387.16015625	65315.04296875	66430.8671875	69813.7421875	67363.828125	66686.78125	57894.3125	57681.5859375	61163.51953125	61660.9921875	58429.4375	62345.0625	59292.27734375	63426.359375	63799.51953125	63737.38671875
P36507	MAP2K2	Dual specificity mitogen-activated protein kinase kinase 2	P36507	MP2K2_HUMAN	7	7	7	7	6	7	7	7	7	7	7	7	7	7	7	7	7	7	7	7	7	7	7	7	7	7	6	6	7	7	7	38260.1328125	39279.05078125	38887.421875	38162.9453125	34414.640625	37412.50390625	40845.9375	29395.71484375	28438.26953125	28504.064453125	26119.64453125	29149.369140625	27315.8984375	29990.07421875	31508.3203125	31769.486328125	33595.4296875	34047.10546875	35634.0078125	32532.3984375	31216.583984375	29853.255859375	29308.427734375	27598.994140625	29845.173828125	26146.5234375	26535.634765625	26379.40625	29497.255859375	33338.84375	30561.970703125
P36543	ATP6V1E1	V-type proton ATPase subunit E 1	P36543	VATE1_HUMAN	4	4	4	4	4	4	4	4	4	4	4	4	4	4	4	4	4	4	4	4	4	4	4	4	4	4	4	4	4	4	4	28977.80078125	29752.853515625	25349.6796875	26596.9453125	25327.048828125	27520.275390625	27422.03125	22903.017578125	20363.826171875	23392.896484375	22328.64453125	20515.560546875	22761.12109375	20723.205078125	24499.880859375	22481.408203125	21269.876953125	21904.4375	25186.056640625	22591.34765625	23871.744140625	21378.123046875	22350.478515625	25240.88671875	24203.259765625	20108.76953125	22504.224609375	22345.767578125	20474.7734375	23835.18359375	22654.8828125
P36871	PGM1	Phosphoglucomutase-1	P36871	PGM1_HUMAN	7	6	7	6	7	6	6	7	7	7	7	7	7	7	7	7	7	7	7	7	7	7	7	7	6	7	6	7	7	5	7	9967.2998046875	9035.2998046875	9006.3310546875	9554.564453125	10876.4658203125	10593.3603515625	8780.8955078125	14957.8095703125	13634.958984375	15195.4140625	14705.03515625	14237.6005859375	14331.9072265625	15245.9560546875	12926.703125	12145.7763671875	13753.4423828125	12113.5224609375	11559.94921875	13344.8193359375	13558.1787109375	14162.640625	13359.05859375	13588.1923828125	13361.865234375	12297.69140625	12511.2451171875	12820.7939453125	12629.904296875	11919.5712890625	13852.5146484375
P36915	GNL1	Guanine nucleotide-binding protein-like 1	P36915	GNL1_HUMAN	2	2	2	2	2	2	2	2	2	2	2	2	2	2	2	2	2	2	2	2	2	2	2	2	2	2	2	2	2	2	2	12970.31640625	14536.9326171875	15163.1201171875	13930.8349609375	13739.9072265625	14171.01953125	12495.4130859375	11805.5771484375	12728.921875	12265.337890625	12168.14453125	12565.388671875	13480.1845703125	12388.20703125	14267.2646484375	13954.0361328125	13861.4013671875	13810.4189453125	14166.2841796875	12849.78515625	13232.263671875	8004.1240234375	10218.1494140625	9892.3740234375	10539.9599609375	10004.533203125	10870.59765625	10557.076171875	11473.44140625	12446.9150390625	14336.939453125
P36955	SERPINF1	Pigment epithelium-derived factor	P36955	PEDF_HUMAN	21	21	21	21	22	21	20	22	21	21	21	21	21	21	21	21	21	21	21	21	20	21	22	21	21	21	21	21	21	21	21	117937.9765625	118283.421875	119682.9140625	115956.203125	116346	118406.84375	115209.4296875	133363.125	140063.484375	149126.390625	142638.28125	142147.1875	139507.484375	133125.140625	101566.5625	103386.453125	101864.03125	99457.859375	96640.7578125	98598.671875	100746.2734375	124718.7109375	129930.171875	129975.1640625	129423.359375	136120.40625	128083.6171875	135047.40625	124447.984375	122532.8203125	119776.875
P36959	GMPR	GMP reductase 1	P36959	GMPR1_HUMAN	12	13	13	12	13	13	12	12	12	13	12	11	13	13	13	13	13	13	13	13	13	13	11	13	12	13	13	13	13	13	13	89711.125	89289.5625	87251.2890625	85709.359375	80274.9296875	81930.8125	84009.75	77787.203125	75833.1171875	73907.390625	82343.2109375	72234.265625	79871.15625	74933.1171875	73153	74931.921875	71958.6796875	71700.1640625	72183.015625	74156.5390625	75004.6484375	83393.625	70863.515625	80648.2421875	77607.5078125	83123.9609375	81171.046875	76973.296875	72309.875	76542.8828125	72903.34375
P36969	GPX4	Phospholipid hydroperoxide glutathione peroxidase GPX4	P36969	GPX4_HUMAN	8	8	8	8	7	8	8	8	8	8	8	8	8	8	8	8	8	8	8	8	8	8	8	8	8	8	8	8	8	8	8	22552.990234375	22547.568359375	23712.234375	25401.3046875	22500.841796875	23505.2265625	25430	15406.19921875	15596.47265625	15116.6259765625	15876.46875	15062.2158203125	16073.05078125	15449.119140625	13598.447265625	15049.076171875	15785.6611328125	14929.5537109375	14476.021484375	16021.1484375	13984.578125	17385.37109375	22009.189453125	18172.201171875	19359.412109375	19078.384765625	20246.990234375	19914.03515625	17093.771484375	18067.2734375	17679.150390625
P36980	CFHR2	Complement factor H-related protein 2	P36980	FHR2_HUMAN	3	3	3	3	3	3	3	3	3	3	3	3	3	3	2	3	3	3	3	2	3	3	3	3	3	3	3	3	3	3	3	19156.958984375	21850.734375	20858.658203125	18093.0234375	16388.45703125	18274.0078125	15542.5888671875	31005.77734375	29890.921875	27490.916015625	32131.3203125	30638.546875	28742.091796875	30071.462890625	6373.26806640625	2544.36669921875	7292.771484375	2410.52587890625	7108.5927734375	7572.27734375	6400.93603515625	17234	19343.021484375	19967.939453125	15865.1015625	18646.208984375	19425.49609375	15870.3916015625	18601.689453125	18447.513671875	19469.34765625
P37802	TAGLN2	Transgelin-2	P37802	TAGL2_HUMAN	17	17	17	17	17	16	17	17	17	17	17	17	17	17	17	17	17	17	17	17	17	17	17	16	17	17	17	17	17	17	17	196630.21875	203783.546875	213250.390625	204444.46875	203855.171875	202599.125	202805.828125	219412.40625	221849.234375	211635.03125	220858	217062.078125	214512.15625	221210.96875	237675.234375	244428.3125	239606	242255.765625	239852.125	239323.21875	233850.921875	209378.390625	228436.5625	218832.21875	208135.65625	213195.8125	202622.140625	216146.453125	213436.9375	219280.171875	210363.828125
P37837	TALDO1	Transaldolase	P37837	TALDO_HUMAN	28	28	28	28	28	28	27	28	28	28	28	27	28	28	28	28	27	28	28	28	28	28	27	28	28	27	27	27	28	28	28	355813.28125	352172.75	347900.40625	346782.625	348975.34375	342281.375	358489.4375	288854.1875	283033.34375	281756.8125	277362.875	287058.8125	282117.875	283931.6875	289175.8125	273178.09375	284577.90625	277786.28125	272060.46875	279565.71875	285748.1875	285694.34375	293072.6875	268868	281370.78125	268023.59375	275610.71875	279076.34375	291540.1875	285880.09375	291528.0625
P37840	SNCA	Alpha-synuclein	P37840	SYUA_HUMAN	22	22	22	22	22	22	22	22	22	22	22	22	22	22	22	21	21	22	22	22	22	22	22	22	22	22	22	22	22	22	22	934425.9375	834423.0625	846979.125	934163.625	919895.75	922814.375	905247.5	918817	909253	891306	1009457.125	869076.0625	934515.6875	874095.0625	856244.5625	881379.875	895294.0625	896253.375	825472.4375	831191.875	823924.8125	685274.375	830457.3125	708574.3125	854320.1875	701976.25	764390.625	746304.4375	850431.75	851903.3125	855138.8125
P38606	ATP6V1A	V-type proton ATPase catalytic subunit A	P38606	VATA_HUMAN	22	23	22	22	23	23	23	22	23	22	22	23	23	23	23	22	22	23	23	23	23	23	22	23	23	23	23	23	23	23	23	60130.98828125	56846.51953125	58317.046875	59035.39453125	59230.69921875	56494.734375	56461.80078125	45953.23828125	46187.89453125	46467.00390625	49830.328125	46151.765625	49135.90625	46422.55078125	52110.30859375	51097.625	52587.6171875	51531.5078125	50507.7265625	51684.90234375	51375.75	53271.125	45510.046875	52781.01953125	56901.21484375	52962.26953125	53093.3828125	52642.1015625	47710.30078125	51906.58203125	51772.12890625
P38919	EIF4A3	Eukaryotic initiation factor 4A-III	P38919	IF4A3_HUMAN	1	1	1	1	1	1	1	1	1	1	1	1	1	1	1	1	1	1	1	1	1	1	1	1	1	1	1	1	1	1	1	5579.36181640625	7291.63623046875	7123.02978515625	6584.505859375	7437.8740234375	5218.91357421875	5140.447265625	3431.6416015625	3443.3740234375	4570.55419921875	5026.08251953125	4383.25146484375	4370.29541015625	2678.10595703125	3925.82861328125	3474.90478515625	2796.77783203125	5812.755859375	5483.625	5500.10693359375	4363.80517578125	4018.578369140625	3726.05322265625	3978.94970703125	2704.6259765625	3632.063232421875	3571.8974609375	2298.477783203125	6849.9873046875	3569.422607421875	4541.744140625
P39687	ANP32A	Acidic leucine-rich nuclear phosphoprotein 32 family member A	P39687	AN32A_HUMAN	2	2	2	2	2	2	2	2	2	2	2	2	2	2	2	2	2	2	2	2	2	2	2	2	2	2	2	2	2	2	2	27705.392578125	32486.32421875	33268.2265625	30537.87109375	29775.095703125	32425.287109375	29439.146484375	37731.96484375	34742.17578125	35804.35546875	34785.125	32621.05078125	35325.66796875	34911.9375	34688.4375	36829.98046875	33960.890625	38835.33203125	36969.484375	38971.5859375	32753.0078125	33224.24609375	37911.015625	36065.50390625	32724.896484375	35732.48046875	36619.20703125	28785.822265625	36653.31640625	35642.28125	36426.6953125
P40197	GP5	Platelet glycoprotein V	P40197	GPV_HUMAN	1	1	1	1	1	1	1	1	1	1	1	1	1	1	1	1	1	1	1	1	1	1	1	1	1	1	1	1	1	1	1	8470.0595703125	12152.9775390625	10067.869140625	8510.388671875	10495.8828125	9924.2021484375	9645.828125	13243.1513671875	8001.6474609375	11936.80859375	12847.7998046875	9424.0234375	13961.10546875	12980.9052734375	15160.59765625	15192.076171875	14166.3271484375	13640.32421875	7106.35205078125	9350.169921875	13537.205078125	13256.033203125	14402.966796875	10538.9560546875	11121.603515625	12409.7529296875	12224.2978515625	12652.8955078125	15225.0439453125	13198.2119140625	13337.4921875
P40227	CCT6A	T-complex protein 1 subunit zeta	P40227	TCPZ_HUMAN	27	27	27	27	27	27	26	27	27	26	26	27	27	27	26	25	24	27	27	27	25	27	25	27	26	27	27	27	26	27	26	116845.4296875	116540.609375	115814.90625	116744.7734375	121588.8671875	112024.46875	117995.9921875	86307.15625	86346.1796875	83926.3984375	85939.828125	80367.25	85566.4375	84425.1015625	84248.046875	86718.59375	87934.4375	83286.46875	85504.0390625	82588.9765625	85045.828125	96275.7734375	94725.265625	94940.46875	97700.484375	92350.9609375	95657.875	96489.6171875	90672.3046875	94984.625	91006.0625
P40925	MDH1	Malate dehydrogenase, cytoplasmic	P40925	MDHC_HUMAN	22	22	22	22	22	22	22	22	22	21	22	22	22	22	22	22	22	22	22	22	22	21	21	22	22	21	22	22	22	22	22	503962.90625	526243.0625	506036.40625	509776	474772	497848.03125	491720.15625	439582.375	454495.625	435850.625	433184.75	415213.375	427375.75	438317.1875	462082.03125	453911.59375	472501.53125	470661.6875	461468.65625	461318.78125	463692.46875	430918.78125	458254.3125	433902.90625	432386.09375	419595	439030.78125	426072.25	452963.78125	456533.71875	450870.15625
P41091	EIF2S3	Eukaryotic translation initiation factor 2 subunit 3	P41091	IF2G_HUMAN	2	2	2	2	2	2	2	2	2	2	2	2	2	2	2	2	2	2	2	2	2	2	2	2	2	2	2	2	2	2	2	11734.044921875	12853.6298828125	12428.146484375	10790.53125	13086.822265625	14130.556640625	13836.95703125	14257.625	11393.3349609375	13269.2998046875	14733.90625	14889.5859375	15476.3388671875	14760.4716796875	16352.361328125	17321.537109375	16799.90625	17223.1171875	17787.85546875	16347.2978515625	16923.998046875	12829.5048828125	10759.673828125	12462.5068359375	14021.0869140625	11531.5751953125	12404.9560546875	12092.2294921875	13183.5009765625	14457.1748046875	12009.4501953125
P41218	MNDA	Myeloid cell nuclear differentiation antigen	P41218	MNDA_HUMAN	5	5	5	5	5	5	5	5	5	5	5	5	5	5	4	5	5	5	5	5	5	5	5	5	5	5	5	4	5	5	5	17352.236328125	18441.796875	18557.8828125	18942.943359375	17054.216796875	17615.427734375	18715.779296875	24462.69921875	21288.005859375	22809.818359375	23912.880859375	22253.94921875	21596.275390625	24635.27734375	20263.3359375	20427.046875	16771.2109375	21219.3828125	20351.9375	19675.05859375	18679.595703125	16142.5283203125	16331.8193359375	16356.666015625	15851.9609375	17585.96875	15883.158203125	15631.9365234375	18917.931640625	17393.833984375	17686.623046875
P41222	PTGDS	Prostaglandin-H2 D-isomerase	P41222	PTGDS_HUMAN	2	2	2	2	2	2	2	2	2	2	2	2	2	2	2	2	2	2	2	2	2	2	2	1	2	2	2	2	2	2	2	17555.646484375	17911.794921875	18291.396484375	21693.935546875	20465.865234375	19398.376953125	18251.912109375	25677.220703125	23303.77734375	27225.744140625	25258.4296875	28491.740234375	25153.23046875	22334.509765625	17561.7109375	15460.9990234375	18302.458984375	16880.556640625	16098.2236328125	17943.1953125	17067.802734375	21069.6640625	23229.65234375	21633.04296875	20341.20703125	23103.9609375	20735.73828125	23977.82421875	22363.716796875	19519.42578125	22281.541015625
P42330;Q04828	AKR1C3;AKR1C1	Aldo-keto reductase family 1 member C3;Aldo-keto reductase family 1 member C1	P42330;Q04828	AK1C3_HUMAN;AK1C1_HUMAN	6	5	5	6	6	5	6	6	6	6	6	6	6	6	6	6	6	6	6	6	6	6	6	6	6	6	6	6	6	6	5	8661.798828125	11168.453125	11445.6298828125	10413.193359375	10272.6162109375	9737.5400390625	11962.5595703125	20337.462890625	21580.052734375	17779.638671875	20443.416015625	17658.421875	21149.181640625	21027.001953125	16143.3994140625	16257.0576171875	17845.5234375	17348.294921875	16049.8173828125	17025.232421875	18629.1875	11926.2900390625	8546.9072265625	11465.306640625	9839.130859375	11700.7900390625	11608.2451171875	10882.3642578125	14532.1845703125	15000.302734375	13169.7421875
P42566	EPS15	Epidermal growth factor receptor substrate 15	P42566	EPS15_HUMAN	4	5	5	5	5	5	4	5	5	5	5	5	5	5	5	5	5	5	5	5	5	5	5	5	5	5	5	5	5	5	5	12670.8388671875	10837.083984375	12542.3759765625	11712.3486328125	12349.525390625	12966.962890625	11986.6259765625	13289.130859375	11872.83984375	12563.681640625	13031.3740234375	12724.09375	13808.1142578125	12064.0205078125	13286.544921875	13358.5986328125	12690.599609375	12168.4150390625	9798.0478515625	11287.4169921875	11452.7236328125	17534.501953125	14572.673828125	15497.5634765625	15474.5458984375	14528.3115234375	16174.630859375	15605.73046875	12193.609375	12864.4091796875	12087.974609375
P42574	CASP3	Caspase-3	P42574	CASP3_HUMAN	4	4	4	4	4	4	4	4	4	4	4	4	4	4	4	4	4	4	4	4	4	4	4	4	4	4	4	4	4	4	4	18744.771484375	19564.658203125	21862.537109375	20289.3828125	19435.263671875	19477.58203125	18615.90234375	15831.33984375	11216.2470703125	14546.1826171875	10954.9296875	12586.2607421875	12258.7919921875	18675.806640625	18927.00390625	18262.306640625	19194.904296875	16599.51953125	18754.4765625	15786.6826171875	16957.0234375	14368.5751953125	14610.5927734375	18239.11328125	16235.646484375	13666.806640625	16325.11328125	13678.1630859375	16162.697265625	15279.3251953125	16970.158203125
P43034	PAFAH1B1	Platelet-activating factor acetylhydrolase IB subunit beta	P43034	LIS1_HUMAN	18	18	18	18	18	18	18	18	18	17	17	18	18	18	18	18	18	18	18	18	18	18	16	18	18	17	18	18	18	18	18	53287.765625	51978.66015625	49185.98828125	51687.1484375	52236.41796875	54555.953125	54013.21484375	41679.09765625	40010.41796875	41675.375	39884.56640625	40506.8203125	40485.92578125	43695.28515625	45109.7890625	51031.08984375	45150.4375	47319.734375	48529.69921875	47176.86328125	46478.13671875	45338.1640625	44151.34375	38286.2578125	41623.828125	43279.734375	44122.9609375	39291.92578125	45517.48046875	43953.40625	44888.01171875
P43251	BTD	Biotinidase	P43251	BTD_HUMAN	5	5	5	5	5	4	4	5	5	5	5	5	5	5	5	5	5	5	5	5	5	4	3	5	5	5	5	4	4	5	5	24472.78515625	22870.083984375	18335.4453125	22280.619140625	21042.875	22678.927734375	20841.7734375	35985.88671875	41516.16015625	41558.8203125	38684.90234375	43074.5703125	38649.26171875	41676.58984375	24249.638671875	26715.892578125	26786.654296875	28118.095703125	27424.91796875	30036.763671875	28003.201171875	18385.626953125	20029.103515625	19880.77734375	19953.31640625	21225.720703125	20631.56640625	22567.02734375	26609.103515625	26951.119140625	26592.42578125
P43487	RANBP1	Ran-specific GTPase-activating protein	P43487	RANG_HUMAN	11	11	11	11	11	11	11	10	11	10	11	11	11	11	10	11	11	11	11	11	11	11	11	11	10	11	11	11	11	11	11	235566.8125	245716.78125	240889.671875	236941.734375	226776.453125	226950.625	227623.75	219948.265625	218341.9375	225542.15625	211605.6875	204589.59375	219108.734375	228005.28125	217947.53125	217957.328125	217527.28125	218063.40625	214096.046875	211224.578125	217588.734375	205550.109375	242581.78125	205395.328125	210602.125	196265	199172.828125	189366.359375	215746.71875	214200.015625	208551.90625
P43490	NAMPT	Nicotinamide phosphoribosyltransferase	P43490	NAMPT_HUMAN	7	7	7	7	7	7	7	7	7	7	7	7	7	7	7	7	7	7	7	7	7	7	7	6	7	7	7	7	7	7	7	21750.0390625	18346.69921875	20573.36328125	17876.76171875	20777.751953125	20579.205078125	19486.748046875	20469.6171875	17717.6875	15477.2958984375	19089.138671875	19855.1640625	19665.822265625	20422.34375	19590.93359375	18951.259765625	18767.943359375	17448.64453125	20023.435546875	17806.779296875	17791.259765625	15355.6279296875	18524.841796875	19454.021484375	19389.23828125	16299.373046875	18352.822265625	18483.38671875	19007.794921875	19221.439453125	17727.265625
P43652	AFM	Afamin	P43652	AFAM_HUMAN	38	39	38	38	37	38	37	39	39	39	39	39	38	38	37	39	39	39	38	38	38	38	38	37	38	38	38	38	39	39	39	278326.90625	269892.8125	261819.625	257648.4375	260692.421875	280479.75	272396.875	373880.53125	390049.625	381523.9375	366172.53125	432924.40625	377665.4375	395768.84375	350036.09375	328893.25	329003.3125	335800.4375	349862.0625	348587.5625	346854.625	357755.65625	331399.40625	382185	368042.8125	381675.6875	353097.65625	375435.90625	350312.90625	341859.875	342789.0625
P43686	PSMC4	26S proteasome regulatory subunit 6B	P43686	PRS6B_HUMAN	19	19	19	19	17	19	18	18	19	18	19	18	19	17	19	19	19	19	17	18	18	19	18	17	19	18	18	19	19	19	19	29439.5	30461.97265625	29243.708984375	30219.521484375	28738.818359375	31401.185546875	31119.564453125	23813.837890625	24787.9375	21201.35546875	23475.046875	22878.7109375	23773.751953125	22691.779296875	27969.087890625	26325.998046875	28241.8984375	26661.578125	27913.62890625	24884.259765625	26382.767578125	23274.95703125	26254.0390625	23875.5234375	24147.626953125	22080.634765625	22487.146484375	21672.375	25300.986328125	24539.4375	26436.861328125
P45974	USP5	Ubiquitin carboxyl-terminal hydrolase 5	P45974	UBP5_HUMAN	35	36	35	36	35	35	36	35	36	35	35	33	36	35	36	36	36	36	36	35	35	36	35	35	35	36	35	36	36	36	35	146524.046875	148053.953125	147478.921875	143740.3125	144868.1875	143634.046875	145814.5	118200.140625	118007.9765625	119570.3046875	120346.9140625	114447.796875	122150.71875	121609.6171875	128726.3671875	128919.2734375	131365.03125	129425.1796875	127288.265625	129452.1953125	128307.8671875	125922.953125	133923.6875	123145.3046875	124586.1484375	125019.625	126701.6328125	125332.484375	125314.609375	126817.84375	126373.640625
P46060	RANGAP1	Ran GTPase-activating protein 1	P46060	RAGP1_HUMAN	6	6	6	6	6	6	6	6	6	6	6	6	6	6	6	6	6	6	6	6	6	6	6	6	6	6	6	6	6	6	6	28562.29296875	28563.01953125	28807.0703125	25902.96484375	27600.0703125	26410.52734375	28233.78125	20039.1171875	20912.337890625	21679.748046875	21728.80078125	21046.658203125	22586.40625	21928.541015625	21785.072265625	23761.62890625	23000.80859375	23021.642578125	22679	22250.037109375	24274.908203125	22471.2109375	23803.771484375	22471.9765625	21969.841796875	21642.80859375	21651.734375	20824.26953125	22843.634765625	24763.37890625	24317.880859375
P46108	CRK	Adapter molecule crk	P46108	CRK_HUMAN	5	5	5	5	5	5	5	5	5	5	5	5	5	5	5	5	5	5	5	5	5	5	5	4	4	5	5	5	5	5	5	16336.7900390625	17525.41015625	16750.16796875	16194.2333984375	17028.525390625	14751.25390625	16039.337890625	14962.125	14534.5244140625	13251.462890625	15823.962890625	14735.7822265625	15881.33203125	12699.166015625	16804.9140625	15034.2685546875	16913.81640625	15016.5341796875	13634.921875	15768.3134765625	16676.529296875	13291.826171875	11990.56640625	14418.341796875	13659.802734375	12284.5791015625	14651.5166015625	14079.681640625	14612.6875	14417.1845703125	14772.962890625
P46109	CRKL	Crk-like protein	P46109	CRKL_HUMAN	9	9	9	9	9	9	8	8	9	9	9	8	9	9	9	9	9	9	9	9	9	9	8	9	8	9	9	9	8	8	9	37059.25390625	33400.51953125	33906.73828125	36809.30859375	34961.83984375	35947.34765625	37495.4140625	32065.619140625	33659.19140625	31854.189453125	35912.578125	34224.66796875	31824.5234375	33169.44921875	38711.015625	37522.5	40431.76953125	38878.640625	40748.71875	38019.91796875	37961.66015625	32022.951171875	35709.0546875	30532.62890625	31315.783203125	33898.80859375	30177.33203125	33388.6875	34906.55078125	35226.34375	33568.81640625
P46379	BAG6	Large proline-rich protein BAG6	P46379	BAG6_HUMAN	2	2	2	2	2	2	2	1	2	2	2	1	1	1	2	1	2	1	2	1	1	1	1	1	1	1	2	2	2	2	2	6919.03271484375	7179.27099609375	8376.4375	8525.2265625	7372.64111328125	8151.43701171875	6350.38037109375	5322.6025390625	6183.2607421875	6137.7890625	7636.96142578125	7174.44921875	5048.95947265625	4780.1884765625	5668.369140625	6364.31298828125	4221.56884765625	5001.05078125	5791.14208984375	7056.849609375	5688.87109375	5631.58935546875	4881.30126953125	6185.08447265625	6324.19287109375	4973.7734375	5852.53857421875	5933.67724609375	6338.380859375	3407.235595703125	7470.20166015625
P46439	GSTM5	Glutathione S-transferase Mu 5	P46439	GSTM5_HUMAN	1	1	1	1	1	1	1	1	1	0	1	1	1	1	1	1	1	1	1	1	1	0	0	0	0	0	0	0	1	1	1	18786.66015625	11094.4169921875	11934.4501953125	11224.30859375	13197.94921875	13526.3173828125	17688.470703125	11100.59375	8797.435546875	NaN	9556.4697265625	10754.2724609375	12385.7021484375	13656.75390625	14584.509765625	16033.9970703125	14952.939453125	17298.5625	17170.072265625	16829.763671875	17587.83203125	NaN	NaN	NaN	NaN	NaN	NaN	NaN	7262.71533203125	10596.6328125	6310.84716796875
P46459	NSF	Vesicle-fusing ATPase	P46459	NSF_HUMAN	24	25	24	25	24	24	24	24	24	25	24	24	24	24	24	24	24	25	24	24	24	25	24	24	24	24	24	24	24	25	25	49259.68359375	50548.734375	50026.1328125	50200.3359375	49034.93359375	46498.43359375	50147.78125	47379.77734375	46803.0078125	46465.58984375	50278.53125	48231.484375	48158.71484375	46616.25	46519.015625	46457.9765625	46719.171875	46398.56640625	45158.49609375	46020.0703125	47826.65625	44184.40625	41083.29296875	42974.828125	44462.65234375	40791.2265625	44394.01171875	44746.91796875	47013.06640625	45102.734375	45403.08984375
P46734	MAP2K3	Dual specificity mitogen-activated protein kinase kinase 3	P46734	MP2K3_HUMAN	8	8	8	8	8	8	8	8	8	8	8	8	8	8	8	8	8	8	8	8	8	8	8	8	8	8	8	8	8	8	8	33439.9375	35333.46875	35340.4296875	36756.0859375	36572.3046875	36132.96484375	35552.7734375	25248.26171875	24541.287109375	22601.22265625	22738.193359375	22109.4921875	21822.98828125	26039.59375	25913.904296875	25702.66796875	24425.0859375	25045.8359375	25136.728515625	24778.4375	26411.26953125	26399.95703125	28683.54296875	24750.763671875	27315.46875	26409.595703125	30501.3515625	26397.654296875	25719.869140625	27847.267578125	26779.892578125
P46781	RPS9	Small ribosomal subunit protein uS4	P46781	RS9_HUMAN	0	0	0	0	0	0	0	0	0	0	1	0	0	0	0	1	0	1	1	1	0	0	0	0	0	0	0	0	0	0	0	NaN	NaN	NaN	NaN	NaN	NaN	NaN	NaN	NaN	NaN	10.243352890014648	NaN	NaN	NaN	NaN	916.2149658203125	NaN	1285.09326171875	725.9547119140625	8.39716625213623	NaN	NaN	NaN	NaN	NaN	NaN	NaN	NaN	NaN	NaN	NaN
P46926	GNPDA1	Glucosamine-6-phosphate isomerase 1	P46926	GNPI1_HUMAN	9	9	9	9	9	8	9	8	9	8	8	8	9	9	7	9	8	8	8	9	8	9	6	9	8	9	9	8	9	8	9	29646.009765625	32673.98828125	34438.484375	34507.96875	31536.431640625	30467.958984375	32305.419921875	18043.234375	19758.25	18715.306640625	21697.208984375	18481.9296875	21792.978515625	19597.6328125	20978.787109375	26264.763671875	20514.76171875	25788.318359375	23628.8203125	22112.751953125	22920.8203125	18372.955078125	17289.931640625	18674.1953125	17457.595703125	19340.056640625	19348.005859375	17904.763671875	20964.572265625	23044.349609375	21981.083984375
P47755	CAPZA2	F-actin-capping protein subunit alpha-2	P47755	CAZA2_HUMAN	4	4	4	4	4	4	4	4	4	4	4	4	4	4	4	4	4	4	4	4	4	4	4	4	4	4	4	4	4	4	4	26558.78515625	27028.455078125	27335.5546875	29109.8359375	25989.650390625	25682.19140625	27338.73046875	23953.134765625	23389.87890625	23517.59375	23678.966796875	22178.109375	23284.72265625	24498.939453125	28360.248046875	27712.708984375	26369.13671875	27448.57421875	27138.189453125	28044.83203125	26236.86328125	27146.099609375	21319.12890625	23825.908203125	25482.79296875	24187.853515625	24652.744140625	23457.884765625	23324.953125	24273.8515625	24314.673828125
P47756	CAPZB	F-actin-capping protein subunit beta	P47756	CAPZB_HUMAN	14	14	14	14	14	14	14	14	14	14	14	14	14	14	14	13	14	14	14	14	14	14	14	13	14	14	14	14	14	14	14	75018.25	76590.9765625	76085.671875	75684.1015625	70536.671875	71046.34375	74471.3125	63901.17578125	64426.87890625	70328.3515625	66665.296875	63996.8359375	61952.375	66203.78125	75089.421875	74688.9140625	74667.75	73616.703125	73763.234375	73439.03125	71708.125	66904.5390625	67006.9609375	65258.7265625	66412.8515625	69225.3046875	70888.4609375	69167.953125	68865.1484375	68268.984375	67687.6484375
P48059	LIMS1	LIM and senescent cell antigen-like-containing domain protein 1	P48059	LIMS1_HUMAN	7	7	7	6	7	5	7	7	7	7	7	7	7	7	7	7	7	7	7	7	7	7	7	7	7	7	7	7	7	7	7	5706.74267578125	5286.54541015625	5689.5126953125	5143.53076171875	5035.869140625	4880.74658203125	5529.2724609375	7333.41552734375	7999.77734375	9300.83984375	8309.025390625	8918.2421875	7042.8740234375	8861.357421875	9945.7197265625	8534.1171875	8884.5546875	9058.3662109375	9194.8623046875	9544.103515625	10623.01171875	6312.76025390625	6876.60107421875	7469.66796875	6811.2177734375	9483.93359375	8074.91650390625	8792.12109375	7750.57421875	6940.6904296875	7001.12158203125
P48147	PREP	Prolyl endopeptidase	P48147	PPCE_HUMAN	5	6	6	5	6	5	6	6	5	5	6	5	6	6	5	5	5	6	6	6	6	5	5	6	6	6	6	6	6	5	5	22760.318359375	22665.169921875	22951.669921875	22091.9140625	24379.390625	23709.93359375	25048.939453125	16235.23828125	16063.1708984375	16944.703125	14577.134765625	17530.990234375	15197.126953125	17111.61328125	18366.9453125	18411.94140625	19325.498046875	18904.3984375	19099.623046875	19549.1171875	19868.728515625	18719.662109375	18707.53515625	18165.564453125	18114.380859375	19096.626953125	18892.275390625	18184.8125	18954.07421875	19117.59765625	18459.388671875
P48426	PIP4K2A	Phosphatidylinositol 5-phosphate 4-kinase type-2 alpha	P48426	PI42A_HUMAN	20	20	20	20	20	20	19	20	20	20	20	20	20	20	20	20	20	20	20	20	20	20	18	20	20	20	20	20	20	20	20	102116.921875	99222.9296875	100648.1328125	101003.8359375	100901.8125	100146.171875	100604.9921875	83645.8828125	81750.8515625	81631.3046875	84867.0390625	82616.3046875	84257.59375	84614.140625	93041.2421875	93706.25	94288.703125	93349.3671875	96312.9140625	95262.265625	94884.34375	92209.6015625	96835.3515625	92399.8828125	92391.375	89312.421875	93010.6015625	91412.703125	90558.1640625	90369.109375	90097.1796875
P48506	GCLC	Glutamate--cysteine ligase catalytic subunit	P48506	GSH1_HUMAN	39	39	37	39	39	40	38	40	41	39	39	39	40	40	39	40	38	39	40	39	39	39	40	39	40	39	40	40	40	39	40	181538.09375	179616.34375	177499.78125	178430.453125	175641.1875	174293.34375	176872.5	148368.265625	151942.1875	141718.53125	156050.171875	146145.9375	153667.109375	151484.515625	151613.0625	148780.578125	155844.671875	148453.578125	154145.578125	153100.984375	151000.8125	139814.984375	137716.15625	143588.265625	139975.65625	138153.8125	148128.328125	142934.1875	157751.328125	151620.234375	148987.84375
P48507	GCLM	Glutamate--cysteine ligase regulatory subunit	P48507	GSH0_HUMAN	10	10	10	10	9	10	9	10	10	10	10	10	10	10	10	10	10	10	10	9	10	10	10	10	10	10	10	10	10	10	10	113965.4296875	123160.1328125	120125.2265625	117443.25	113673.1484375	120531.40625	115372.6796875	112664.5625	115847.1796875	115196.25	118388.0546875	115040.28125	116581.5546875	114152.96875	113705.203125	117156.09375	120639.1953125	113779.8515625	119026.4140625	119537.5078125	118083.671875	104424.34375	107713.1328125	109383.2578125	108428.703125	102630.453125	107016.078125	103328.78125	117082.6953125	110820.6171875	111535.8515625
P48556	PSMD8	26S proteasome non-ATPase regulatory subunit 8	P48556	PSMD8_HUMAN	5	5	5	5	5	5	5	5	5	5	5	5	5	5	5	5	5	5	5	5	5	5	5	5	5	5	5	5	5	5	5	47360.96484375	46351.70703125	42370.26171875	44584.9375	44961.9140625	44495.54296875	45476.79296875	37756.28515625	41800.203125	34372.87890625	35878.92578125	34055.0078125	35895.3515625	38765.2109375	40643.08203125	35923.4921875	42374.6875	36995.75	40651.69140625	40007.8203125	38723.859375	32280.0546875	35801.03125	33444.64453125	34724.24609375	33796.6484375	33591.1875	33121.7265625	35856.88671875	38777.7421875	35532.5546875
P48637	GSS	Glutathione synthetase	P48637	GSHB_HUMAN	29	29	29	29	29	28	29	29	29	29	29	28	29	29	29	29	29	28	28	27	29	28	28	29	29	28	29	28	29	29	29	65585.359375	67047.2421875	67051.1328125	66727.7265625	65074.34765625	64656.60546875	66822.921875	61691.1171875	60472.796875	58301.29296875	60658.75	58909.22265625	60903.75390625	59895.03125	60945.51171875	61379.640625	64090.5234375	60853.5546875	59889.0078125	61221.20703125	60250.43359375	58305.17578125	58900.9765625	57105.0078125	58775.96484375	57250.26171875	57450.20703125	56716.96875	59931.98046875	59942.953125	58687.734375
P48643	CCT5	T-complex protein 1 subunit epsilon	P48643	TCPE_HUMAN	38	37	37	38	38	37	36	37	38	37	39	38	37	38	36	37	37	38	36	36	38	38	38	38	38	36	38	39	38	38	39	91987.3828125	93483.9609375	93761.4609375	93810.1171875	91277.7578125	91426.5859375	91426.7734375	65460.59375	68806.921875	69749.4140625	69367.7421875	65007.46484375	69833.90625	69435.5390625	68096.953125	67019.1171875	69055.9453125	66712	65600.5	64058.85546875	66354.1171875	77137.1484375	77910.3984375	75127.3828125	79687.421875	76062.96875	76208.1796875	76908.59375	75083.9296875	72820.65625	74336.6953125
P48729	CSNK1A1	Casein kinase I isoform alpha	P48729	KC1A_HUMAN	4	4	4	4	4	4	4	4	4	4	4	4	4	4	4	4	4	4	4	4	4	4	4	4	4	4	4	4	4	4	4	21119.322265625	20852.955078125	19624.701171875	22334.802734375	20484.041015625	21478.439453125	20325.919921875	15700.892578125	17705.70703125	16269.5556640625	16381.8583984375	13823.982421875	16651.7109375	18135.38671875	18514.08984375	15514.4638671875	16529.798828125	15424.0986328125	11816.19921875	12874.1337890625	16184.0205078125	15797.0390625	12985.4580078125	12670.4111328125	14704.2802734375	18209.572265625	14437.708984375	15621.2490234375	16035.52734375	14726.41015625	18863.5625
P48735	IDH2	Isocitrate dehydrogenase [NADP], mitochondrial	P48735	IDHP_HUMAN	4	4	5	5	5	4	5	5	4	5	5	5	5	5	5	4	4	5	5	4	3	5	4	5	5	5	4	5	5	4	5	7820.3134765625	7096.1826171875	6556.89990234375	5537.05615234375	6377.51123046875	6300.0791015625	6409.77392578125	9947.88671875	10642.2939453125	10946.41796875	10150.6669921875	10299.3115234375	9919.775390625	10473.5390625	8626.1328125	8604.8427734375	11468.732421875	9232.6533203125	9175.677734375	10346.6259765625	7613.9208984375	9366.712890625	9526.5263671875	11047.078125	8508.78515625	9408.998046875	10151.9990234375	10109.87109375	8258.849609375	9275.8408203125	7824.6181640625
P48739	PITPNB	Phosphatidylinositol transfer protein beta isoform	P48739	PIPNB_HUMAN	9	9	9	9	8	9	9	9	8	8	9	8	8	8	9	8	9	9	9	9	8	8	8	9	8	8	9	9	9	9	8	33366.29296875	31849.27734375	32389.857421875	30692.703125	30583.0390625	31031.75	32514.28125	28119.564453125	28045.494140625	28397.740234375	26757.14453125	28503.447265625	27742.328125	27624.49609375	29001.017578125	30582.93359375	29186.30078125	29515.71484375	29768.26953125	29431.15234375	30374.369140625	28637.609375	24696.017578125	29300.599609375	27928.537109375	27639.287109375	29838.5234375	27738.22265625	27001.154296875	29185.45703125	26999.140625
P48740	MASP1	Mannan-binding lectin serine protease 1	P48740	MASP1_HUMAN	10	11	11	10	10	11	9	11	11	11	11	11	11	10	9	10	9	10	9	10	11	10	11	11	11	11	11	11	10	11	11	21727.236328125	24919.87890625	24710.255859375	20565.212890625	23673.58984375	21665.689453125	24369.205078125	33407.734375	36035.46484375	39830.74609375	36789.73046875	37112.1015625	38144.89453125	34170.359375	24622.8203125	22759.1015625	21732.701171875	19631.251953125	19826.990234375	21957.20703125	20381.443359375	26249.173828125	28484.087890625	29383.81640625	27714.595703125	29290.326171875	28448.7109375	26719.064453125	25556.373046875	26373.04296875	26957.478515625
P49189	ALDH9A1	4-trimethylaminobutyraldehyde dehydrogenase	P49189	AL9A1_HUMAN	13	13	13	13	13	13	13	13	13	13	13	13	13	13	13	13	13	13	13	13	13	13	13	13	13	13	13	13	13	13	13	54633.984375	59708.7109375	56409.16796875	56158.265625	51322.63671875	54935.06640625	53130.30859375	52051.59765625	55038.26953125	53406.12109375	55665.75	52167.125	53805.890625	56005.0078125	63431.81640625	61254.4609375	66939.5859375	65945.2421875	67351.546875	63078.28125	66788.7578125	76865.828125	79562.953125	72166.0625	74606.4453125	73997.671875	74372.6015625	73348.3515625	60125.3046875	60028.46875	61469.36328125
P49247	RPIA	Ribose-5-phosphate isomerase	P49247	RPIA_HUMAN	16	16	16	16	16	16	16	16	16	15	16	16	16	16	16	16	16	16	16	16	16	16	16	16	16	16	16	16	16	16	16	149235.515625	135046.09375	141951.515625	141001.4375	148997.296875	146891.78125	148069.390625	116307.34375	110991.9140625	107108.046875	108608.671875	113258.6328125	112022.59375	114285.390625	118780.265625	112792.59375	118233.328125	116131.9375	119652.1875	115123.75	117192.671875	110240.03125	92667.7578125	103153.96875	111808.09375	107763.015625	108360.578125	113738.0390625	117919.5546875	117880.9375	117579.65625
P49327	FASN	Fatty acid synthase	P49327	FAS_HUMAN	18	18	18	18	18	18	18	18	17	18	18	17	18	17	18	18	18	18	18	18	18	17	16	17	18	18	18	18	18	18	18	24564.12890625	25328.669921875	26259.486328125	25628.818359375	25252.203125	24493.779296875	24407.189453125	17833.3671875	16800.009765625	18202.701171875	18490.12890625	18462.677734375	18038.0625	19297.54296875	22712.142578125	23092.91796875	23328.2578125	23714.0703125	23760.5	24334.88671875	23773.078125	22188.14453125	20914.806640625	21266.845703125	20777.474609375	21983.943359375	22410.693359375	19232.103515625	21725.35546875	19509.32421875	21659.431640625
P49368	CCT3	T-complex protein 1 subunit gamma	P49368	TCPG_HUMAN	36	36	36	36	36	36	36	36	36	36	36	36	36	36	36	35	35	36	36	34	36	36	36	36	36	36	36	36	36	36	36	163309.0625	170020.328125	169796.953125	165229.25	163068.46875	159313.890625	163638.921875	117116.6015625	119377.8984375	116256.3984375	119814.1484375	116757.1015625	120717.578125	124954.84375	121610.0234375	121469.328125	119677.6875	119964.7109375	118927.8515625	117684.5625	116023.609375	130343.25	137240	128069.3984375	136610.390625	131372.84375	136274.34375	134044.34375	133550.71875	130046.421875	132012.609375
P49407	ARRB1	Beta-arrestin-1	P49407	ARRB1_HUMAN	2	2	2	2	2	2	2	2	2	2	2	2	2	2	2	2	2	2	2	2	2	2	2	2	2	2	2	2	2	2	2	5565.45361328125	6461.12255859375	5438.5166015625	6033.802734375	6740.87255859375	6423.61767578125	7138.3173828125	8118.5869140625	6778.64111328125	9409.134765625	7364.2626953125	5469.712890625	7954.49462890625	7388.55859375	5354.33740234375	7530.787109375	4696.6396484375	7528.0810546875	8084.58642578125	6420.1123046875	6376.85107421875	5668.9501953125	5845.78759765625	5132.5458984375	5363.29931640625	6704.498046875	5340.94921875	6112.7451171875	5954.40771484375	6059.99609375	6746.20263671875
P49427;Q712K3	CDC34;UBE2R2	Ubiquitin-conjugating enzyme E2 R1;Ubiquitin-conjugating enzyme E2 R2	P49427;Q712K3	UB2R1_HUMAN;UB2R2_HUMAN	1	1	1	1	1	1	1	1	1	1	1	1	1	1	1	1	1	1	1	1	1	1	1	1	1	1	1	1	1	1	1	11659.4794921875	13163.2041015625	15808.75390625	16165.0380859375	15962.130859375	17262.978515625	20596.619140625	18873.2265625	7225.99853515625	9472.01953125	8766.67578125	7668.701171875	7473.16796875	10818.8095703125	8859.2734375	12345.5869140625	11224.15625	9437.0068359375	8517.2373046875	5667.55078125	11533.1640625	14681.9033203125	11344.91015625	14114.9755859375	9108.736328125	10384.3828125	9334.45703125	12791.3251953125	15119.2275390625	10335.59375	7306.08935546875
P49588	AARS1	Alanine--tRNA ligase, cytoplasmic	P49588	SYAC_HUMAN	4	4	4	4	3	4	4	4	4	4	4	4	4	4	4	4	4	4	4	4	4	3	3	4	4	4	4	4	4	4	4	4106.05810546875	4892.6787109375	4699.8564453125	4965.3125	4427.080078125	4313.62255859375	4696.39208984375	4652.99267578125	4774.38916015625	3979.082763671875	4604.90576171875	4788.388671875	4173.59521484375	4333.85302734375	4945.361328125	5324.78125	5081.65869140625	5662.4765625	5899.91455078125	3798.220703125	5538.1767578125	5030.25048828125	4503.04150390625	3888.141357421875	4435.1708984375	3542.37451171875	4037.20654296875	4035.142578125	4425.52490234375	4822.65966796875	5370.82763671875
P49589	CARS1	Cysteine--tRNA ligase, cytoplasmic	P49589	SYCC_HUMAN	2	2	2	2	2	1	2	2	2	2	2	2	2	2	2	2	2	2	2	2	1	2	2	2	2	2	2	2	2	2	2	25938.814453125	25640.947265625	26029.732421875	28434.861328125	20937.5	23172.6953125	25851.755859375	23996.3203125	26259.7890625	26814.037109375	28508.025390625	25564.185546875	26817.759765625	24395.384765625	26564.615234375	24743.091796875	24839.787109375	25840.390625	25542.728515625	29594.111328125	28018.912109375	26464.21875	29383.240234375	24812.826171875	26819.68359375	25011.587890625	24268.78125	22031.923828125	22758.6953125	20505.396484375	26746.439453125
P49591	SARS1	Serine--tRNA ligase, cytoplasmic	P49591	SYSC_HUMAN	1	1	1	1	1	1	1	0	1	1	0	0	0	0	1	0	1	0	1	1	1	1	0	1	1	0	0	1	0	1	1	4566.57763671875	7053.34423828125	5646.18359375	5348.3388671875	3727.991943359375	2194.6572265625	4295.47607421875	NaN	5.687871932983398	6.286091327667236	NaN	NaN	NaN	NaN	5.31565523147583	NaN	883.7459716796875	NaN	1187.1219482421875	5.596062660217285	1800.0225830078125	5.04827880859375	NaN	1479.507568359375	814.044921875	NaN	NaN	6.060984134674072	NaN	5.442135810852051	1202.105224609375
P49593	PPM1F	Protein phosphatase 1F	P49593	PPM1F_HUMAN	2	2	2	2	2	2	2	2	2	2	2	2	2	2	2	2	2	2	2	2	2	2	2	2	2	2	2	2	2	2	2	4788.57275390625	6039.7412109375	6261.64892578125	5410.29833984375	5218.15966796875	4104.77001953125	6265.19677734375	5426.86474609375	4841.5205078125	3635.068359375	4146.4345703125	4793.92041015625	4706.583984375	4825.9443359375	4792.91357421875	5694.90234375	5097.14013671875	5944.81787109375	4755.5205078125	5376.9091796875	4742.9365234375	5293.4052734375	5271.34814453125	4018.928955078125	3289.721435546875	5170.330078125	2966.559814453125	3606.97900390625	5006.294921875	4920.13720703125	4371.89453125
P49720	PSMB3	Proteasome subunit beta type-3	P49720	PSB3_HUMAN	10	10	10	10	9	10	10	9	10	10	9	9	9	9	9	9	9	9	8	9	9	10	8	9	10	9	10	9	9	10	9	103684.8515625	112340.390625	103538.734375	105359.3671875	101656.234375	103043.8125	103297.8046875	90118.6484375	98043.1015625	92812.9921875	97490.421875	91323.5	98358.0625	93267.5	93310.171875	98555.25	93265.6484375	98371.5234375	97698.4453125	91148.8515625	91773.4765625	96399.7578125	75373.0703125	99834.2578125	90811.6171875	97691.53125	100134.34375	100431.40625	96412.4375	95675.703125	97524.203125
P49721	PSMB2	Proteasome subunit beta type-2	P49721	PSB2_HUMAN	10	10	10	10	10	10	10	10	10	10	10	10	10	10	10	10	10	10	10	10	10	10	10	10	10	10	10	10	10	10	10	215656.765625	232797.78125	222765.15625	224076.53125	215159.234375	221610	223468.484375	205303.609375	206579.875	209909.953125	208542.875	200198.359375	211678.28125	204180.84375	194958.640625	198529.265625	200682.75	206724.6875	201008.5	207799.46875	204556.828125	197718.546875	202054.109375	207602.390625	202906.71875	191452.03125	200473.09375	194911.390625	209139.09375	209678.25	203646.46875
P49747	COMP	Cartilage oligomeric matrix protein	P49747	COMP_HUMAN	3	4	4	3	4	4	3	3	4	3	3	3	3	4	3	4	3	4	3	4	3	4	4	4	4	4	4	4	3	4	4	12508.732421875	11664.51953125	12221.150390625	11453.171875	11158.0048828125	10749.7890625	11367.4716796875	9388.265625	10136.9150390625	11070.5380859375	8760.1201171875	9287.0341796875	10977.794921875	8233.2265625	6508.48095703125	7765.33642578125	7792.85791015625	6480.91552734375	8215.16796875	7593.78076171875	7300.0146484375	18436.896484375	19957.642578125	19419.244140625	17744.552734375	18853.267578125	18571.189453125	19554.8515625	11930.498046875	11680.380859375	13479.7158203125
P49755	TMED10	Transmembrane emp24 domain-containing protein 10	P49755	TMEDA_HUMAN	1	1	1	1	1	1	1	1	1	1	1	1	1	1	1	1	1	1	1	1	1	1	1	1	1	1	1	1	1	1	1	8160.560546875	10316.8671875	11788.1865234375	11355.6298828125	10381.1123046875	8867.865234375	9322.6337890625	6836.61181640625	8662.0498046875	8407.552734375	10539.01171875	8776.3701171875	7550.75537109375	8506.791015625	8378.4638671875	8778.2001953125	7823.81298828125	8942.744140625	9030.23046875	7426.076171875	8495.7060546875	7918.41162109375	10159.880859375	9361.916015625	8592.5078125	10669.2626953125	7667.17919921875	6977.400390625	8726.5	7437.81787109375	8829.31640625
P49773	HINT1	Adenosine 5'-monophosphoramidase HINT1	P49773	HINT1_HUMAN	19	19	19	19	19	19	19	19	19	19	19	19	19	19	19	19	19	19	19	19	19	19	19	19	19	19	19	19	19	19	19	103965.1953125	102400.4921875	102874.5390625	102974.0234375	92963.8125	104641.828125	102337.9765625	108404.65625	107043.125	99188.3828125	94490.234375	103093.65625	96510.9765625	104311.203125	120298.1171875	122177.453125	122737.2734375	123307.875	119954.875	118001.640625	117479.328125	93003.8125	108179.625	89154.1328125	96607.671875	88829.640625	96722.609375	93044.2421875	103881.578125	106907.7578125	103319.3125
P49908	SELENOP	Selenoprotein P	P49908	SEPP1_HUMAN	6	6	6	6	6	6	6	6	6	6	6	6	6	5	6	6	6	6	6	6	6	6	6	6	6	6	6	6	6	6	6	50614.80078125	52397.32421875	50897.28515625	44043.46484375	49454.94140625	50004.12109375	50886.015625	56404.5703125	57538.01953125	58896.890625	57330.75	66387.671875	58303.43359375	63581.80859375	47351.8515625	50967.203125	50848.73828125	51659.02734375	46670.15234375	47796.92578125	43923.68359375	67941.5234375	60982.390625	68524.1796875	67152.046875	69278.6875	70849.5	69115.78125	54292.80078125	58501.53125	53335.6484375
P49913	CAMP	Cathelicidin antimicrobial peptide	P49913	CAMP_HUMAN	9	9	8	9	9	9	8	8	9	9	9	9	9	9	9	9	9	9	8	9	9	9	8	8	9	8	9	8	9	9	9	21840.5234375	20748.435546875	20326.9765625	18946.947265625	19922.638671875	21178.84765625	19978.1484375	31417.912109375	30993.67578125	28201.94140625	26215.34375	32589.533203125	28793.09765625	33124.296875	23753.80859375	25143.29296875	24453.578125	22552.173828125	25877.98828125	24160.85546875	23871.365234375	14304.9189453125	15083.1142578125	15306.900390625	13376.5126953125	16123.1865234375	12863.9990234375	14444.2138671875	22578.546875	22094.9375	23134.306640625
P50395	GDI2	Rab GDP dissociation inhibitor beta	P50395	GDIB_HUMAN	47	47	47	47	47	47	47	47	47	46	45	46	47	47	47	47	47	47	47	47	47	47	47	45	46	47	47	45	47	47	47	385351	400251.625	388508.84375	390895.21875	380994.8125	389953.5625	393445.25	316497.59375	311298.65625	311249.71875	308069.96875	301660.84375	305363.25	315000.25	337939.6875	346941.21875	336448.90625	346576.875	333512.03125	335864.8125	332773.71875	309066.84375	322562.96875	292955.78125	307435.96875	297174.25	308616.71875	299114.78125	325691.5	321365.875	331782.6875
P50416	CPT1A	Carnitine O-palmitoyltransferase 1, liver isoform	P50416	CPT1A_HUMAN	1	1	1	1	1	1	1	1	1	1	1	1	1	1	1	1	1	1	1	0	1	1	1	1	1	1	1	1	1	1	1	1925.9486083984375	5067.6123046875	6479.38330078125	6116.0517578125	6344.0361328125	6128.41748046875	2680.75341796875	10112.1064453125	9898.0009765625	9224.0908203125	6535.73388671875	10747.251953125	9950.5234375	9068.431640625	4555.4560546875	4321.55224609375	4962.16455078125	2581.577880859375	6716.1708984375	NaN	3867.236083984375	7392.75244140625	12471.130859375	6673.17138671875	8479.6884765625	8487.05078125	5193.05322265625	6312.162109375	6240.091796875	8313.5361328125	7048.7236328125
P50502	ST13	Hsc70-interacting protein	P50502	F10A1_HUMAN	19	19	19	19	20	19	19	19	19	19	18	19	19	18	19	19	19	19	19	19	19	19	20	19	19	19	19	19	19	19	19	264630.25	264434.25	261909.140625	265713.625	247410.296875	257769.21875	255543.65625	208311.359375	208618.546875	209668.109375	218401.34375	211675.828125	208736.859375	203595.125	227225.234375	219024.140625	216927.109375	218288.390625	217884.453125	214758.84375	221423.15625	192650.34375	197951.609375	191837.484375	196644.734375	191842.875	204927.1875	201032.15625	212358.0625	221544.296875	219458.859375
P50552	VASP	Vasodilator-stimulated phosphoprotein	P50552	VASP_HUMAN	9	9	9	8	8	9	9	8	9	9	8	9	9	9	9	9	9	9	9	9	9	9	9	9	9	9	9	8	8	9	9	14885.2958984375	15537.6650390625	15076.3642578125	14431.650390625	14507.142578125	15085.26953125	14767.3203125	18829.1015625	19772.67578125	19510.4140625	19544.27734375	16776.1328125	18005.166015625	19350.53125	19008.267578125	20696.873046875	21826.1640625	20909.947265625	20809.638671875	21310.30078125	21048.625	17322.3984375	17775.25390625	17086.703125	16762.890625	18051.38671875	16051.677734375	19568.1015625	17204.05859375	17712.296875	15913.2138671875
P50570	DNM2	Dynamin-2	P50570	DYN2_HUMAN	18	18	18	18	17	17	17	17	18	18	17	18	18	18	17	17	18	18	18	17	17	17	16	18	18	18	18	18	17	18	18	50485.55078125	54336.89453125	52965.89453125	52395.1640625	55360.53515625	50567.57421875	54889.72265625	54716.984375	54265.79296875	51459.3984375	52817.94921875	53726.984375	54131.2578125	56398.40234375	54023.0234375	50347.1875	53994.078125	52990.71484375	54611.52734375	50648.4296875	52834.21875	55279.2734375	54309.76171875	53094.1171875	55751.17578125	52569.21484375	53356.0546875	53154.5703125	55607.15625	52238.3203125	51732.92578125
P50579	METAP2	Methionine aminopeptidase 2	P50579	MAP2_HUMAN	6	6	6	7	6	6	7	6	7	6	7	7	7	7	7	7	7	7	7	7	7	5	7	6	7	7	7	6	6	7	7	9562.5703125	11732.765625	11670.8623046875	11584.1630859375	11557.3359375	11705.234375	11940.5546875	13740.0146484375	11977.83203125	13495.0927734375	14120.79296875	14032.8779296875	12995.998046875	13351.513671875	20470.0234375	17846.119140625	20424.21875	19801.90625	20361.109375	19167.43359375	20200.9609375	15407.9404296875	19537.001953125	14571.646484375	15287.484375	14110.2421875	14040.7021484375	15876.099609375	13553.8505859375	13639.5185546875	15173.2109375
P50895	BCAM	Basal cell adhesion molecule	P50895	BCAM_HUMAN	9	10	10	10	10	9	8	10	10	10	10	9	10	10	10	10	10	10	10	10	10	10	10	10	10	10	10	10	10	10	10	30145.61328125	28723.357421875	31043.66015625	29485.19140625	28424.01953125	29875.025390625	27270.431640625	27421.001953125	28173.759765625	28243.775390625	29745.453125	25266.2734375	26542.158203125	27379.439453125	36424.47265625	38052.546875	40079.9609375	38370.69140625	39741.90625	38461.2421875	39041.3359375	37145.11328125	38653.28515625	36563.7421875	35893.76953125	33382.12890625	36966.08203125	34350.5390625	29103.453125	30017.822265625	33737.13671875
P50990	CCT8	T-complex protein 1 subunit theta	P50990	TCPQ_HUMAN	43	42	42	43	43	44	42	44	43	43	42	41	44	44	43	43	42	44	43	43	41	44	43	43	44	44	44	44	44	42	42	205549.921875	199937.421875	206913.875	199909.046875	206846.25	202087.140625	204424.734375	150580.03125	145341.359375	153688.6875	157847.71875	145043.140625	155903.9375	148545.5625	148322.890625	143683.890625	148695.578125	147338.734375	146618.671875	146427.765625	150705.5625	171321.640625	157310.234375	171204.046875	173959.75	166357.421875	175953.09375	172136.828125	164964.96875	164176.84375	163934
P50991	CCT4	T-complex protein 1 subunit delta	P50991	TCPD_HUMAN	25	24	25	24	25	25	25	25	25	25	24	24	25	25	24	25	23	25	24	23	24	24	25	25	25	25	24	25	25	24	25	112571.7265625	115410.859375	114425.1640625	114978.71875	111868.0703125	111119.4296875	113498.125	78553.484375	82558.5703125	80499.4609375	84529.4453125	81361.296875	81293.5546875	82723.7265625	82074.75	82444.625	83238.640625	83050.203125	82128.796875	82731.6171875	82991.3828125	95423.1796875	90223.6015625	91226.2734375	94937.0390625	94099.5859375	94529.84375	92486.765625	89051.7890625	91693.3203125	90731.5
P51148	RAB5C	Ras-related protein Rab-5C	P51148	RAB5C_HUMAN	3	3	4	4	4	3	3	4	4	4	4	4	3	4	4	4	4	4	4	4	4	4	4	4	4	4	4	4	3	4	4	43460.65625	39834.125	41687.2578125	38951.6875	40167.25390625	38174.734375	42559.796875	41094.62890625	40066.54296875	44177.328125	48911.5625	33060.76953125	42681.6484375	39545.6640625	34793.95703125	44019.265625	36114.45703125	42669.86328125	42262.18359375	37041.62109375	46045.921875	33443.921875	32901.39453125	37537.06640625	35566.66796875	42306.7265625	41138.79296875	40920.7890625	41017.125	43347.5546875	42406.08984375
P51149	RAB7A	Ras-related protein Rab-7a	P51149	RAB7A_HUMAN	6	6	6	6	6	6	6	6	6	6	6	6	6	6	6	6	6	6	6	6	6	6	6	6	6	6	6	6	6	6	6	40397.07421875	45897.19140625	41633.640625	43116.37109375	41353.0234375	40051.2421875	39896.16796875	45865.05859375	46272.75390625	51344.1171875	51141.14453125	43207.48046875	48173	48035.109375	49592.921875	47602.52734375	53215.01171875	51295.6328125	49980.8203125	50302.29296875	46475.89453125	38800.75390625	45049.03515625	38831.95703125	37479.49609375	40405.61328125	38559.23828125	39040.140625	45215.375	45328.01171875	43278.68359375
P51665	PSMD7	26S proteasome non-ATPase regulatory subunit 7	P51665	PSMD7_HUMAN	10	11	11	11	11	10	11	11	11	11	10	10	9	10	10	11	10	10	10	9	10	10	11	10	10	10	10	10	11	11	11	79148.3046875	71226.0234375	73720.1015625	77289.671875	79993.875	77775.453125	76330.859375	72760.7109375	67013.03125	62314.890625	60370.50390625	62841.71484375	66800.4921875	68716.640625	77630.546875	68576.9453125	67356.796875	65542.4375	68258.78125	72001.6875	70907.90625	64165.80078125	59561.7265625	65284.52734375	73932.890625	63093.90234375	61116.0234375	67008	65643.5546875	66228.7890625	72341.4375
P51812	RPS6KA3	Ribosomal protein S6 kinase alpha-3	P51812	KS6A3_HUMAN	1	1	1	1	1	1	1	1	1	1	1	1	1	1	1	1	1	1	1	1	1	1	1	1	1	1	1	1	1	1	1	9242.3740234375	8970.2392578125	10487.845703125	10519.7529296875	9975.70703125	10852.94140625	9787.322265625	6189.10205078125	9743.4306640625	6958.962890625	8520.7119140625	10594.5703125	8037.09814453125	8628.1826171875	6090.40625	7107.73388671875	6805.630859375	6662.3916015625	8073.21435546875	7738.38671875	7369.26416015625	6671.77587890625	5943.4638671875	9776.3408203125	6277.58447265625	9075.9599609375	7281.28369140625	6585.26220703125	7170.826171875	9272.7265625	7637.58447265625
P51858	HDGF	Hepatoma-derived growth factor	P51858	HDGF_HUMAN	6	7	6	6	7	6	7	7	7	6	6	7	6	7	7	7	7	7	7	7	7	7	6	7	7	7	7	7	7	7	7	24293.5	23501.9453125	24337.00390625	21894.48828125	22209.5703125	22228.732421875	23336.04296875	22364.74609375	25802.44921875	22746.75390625	29166.833984375	25433.78125	23826.091796875	24972.451171875	28101.775390625	23667.580078125	22396.138671875	24401.462890625	26529.541015625	26670.857421875	25837.873046875	22668.20703125	19629.140625	28794.9140625	28268.697265625	24077.7421875	28263.42578125	23755.552734375	24629.744140625	24849.408203125	23675.13671875
P51884	LUM	Lumican	P51884	LUM_HUMAN	11	12	12	12	12	12	12	12	12	12	11	12	12	12	12	12	12	12	12	12	12	12	12	11	12	12	12	12	11	12	12	134375.734375	135116.015625	139078.265625	137765.8125	132487.453125	132607.875	131993.28125	101681.5	103805.03125	117508.6953125	109535.765625	107646.0078125	109311.390625	102683.625	98201.9453125	92804.484375	95563.640625	94840.6484375	90677.125	94171.78125	92077.09375	119279.1640625	130167.171875	130762.40625	122948.5	132605.4375	122915.1875	131469.40625	117616.6875	113937.8828125	115146.7421875
P51991	HNRNPA3	Heterogeneous nuclear ribonucleoprotein A3	P51991	ROA3_HUMAN	2	2	2	2	2	2	2	2	2	2	2	2	2	2	2	2	2	2	2	2	2	2	2	2	2	2	2	2	2	2	2	7491.23046875	7434.22900390625	7582.33056640625	7773.14208984375	7337.08935546875	7248.8505859375	6991.12353515625	7588.5283203125	7731.64453125	7748.03955078125	7097.265625	6126.83203125	8332.798828125	7270.619140625	7616.1904296875	7170.3818359375	6754.08349609375	7725.58837890625	6887.18310546875	7176.47216796875	7150.5107421875	6302.88671875	6674.74853515625	6999.90234375	5665.251953125	6215.9462890625	5009.01953125	6161.802734375	6737.50732421875	6498.23583984375	7882.17041015625
P52209	PGD	6-phosphogluconate dehydrogenase, decarboxylating	P52209	6PGD_HUMAN	31	31	31	31	31	31	31	31	31	31	31	31	31	31	31	31	31	31	31	30	31	31	30	31	31	31	31	31	31	31	31	429736.53125	431832.53125	426237.5	427035.40625	427468.34375	421363.96875	429683	359741.0625	357039.375	354908.0625	361731.03125	349947.75	364853.8125	364445.0625	333032.65625	346035.15625	347226.6875	344224.90625	344344.3125	352097.625	340430.8125	377120.5	370326.59375	380696.25	389259.8125	371309.09375	384593.375	376283.21875	374610.09375	369308.40625	368805.09375
P52565	ARHGDIA	Rho GDP-dissociation inhibitor 1	P52565	GDIR1_HUMAN	9	9	9	9	9	9	9	9	9	9	8	8	8	9	9	9	9	9	9	9	9	9	9	9	9	9	9	8	9	9	9	57074.64453125	55108.98828125	58404.3515625	58358.68359375	61617.453125	58643.83984375	56451.21484375	47677.8984375	49758.203125	50062.4296875	52680.5703125	51554.2421875	49870.11328125	49163.91796875	52397.4921875	51866.9765625	49944.17578125	53663.8125	49010.61328125	50030.828125	52385.9765625	52237.76171875	47702.3203125	46757.40625	49860.49609375	48500.70703125	50796.703125	49245.16796875	48556.015625	48364.5390625	51312.98828125
P52566	ARHGDIB	Rho GDP-dissociation inhibitor 2	P52566	GDIR2_HUMAN	12	12	12	12	12	12	12	12	12	12	12	12	12	12	12	12	12	12	12	12	12	12	12	12	12	12	12	12	12	12	12	37677.23828125	38918.8359375	38032.25390625	34948.15234375	36012.21875	37830.59375	36593.58203125	37956.8984375	39673.640625	38540.8671875	40206.30859375	34772.34375	38050.53125	40713.60546875	40752.4609375	42440.953125	38795.0546875	41897.38671875	40834.765625	40948.8359375	38344.38671875	36363.7890625	37785.74609375	37019.1875	39896.578125	39748.5703125	40188.0078125	37929.0859375	39982.4765625	38258.59375	36118.75
P52597	HNRNPF	Heterogeneous nuclear ribonucleoprotein F	P52597	HNRPF_HUMAN	2	2	2	2	2	2	2	2	2	2	2	2	2	2	2	2	2	2	2	2	2	2	2	2	2	2	2	2	2	2	2	8776.5869140625	8717.7177734375	12620.0166015625	11068.7421875	10777.50390625	10267.8876953125	9838.904296875	7676.2001953125	7734.7490234375	7626.37060546875	11893.7548828125	9927.8759765625	11353.349609375	9707.2451171875	9960.75390625	9111.0087890625	10257.1962890625	8508.12109375	10742.9228515625	10664.9794921875	11040.2490234375	8391.744140625	10584.513671875	7787.37841796875	8650.2646484375	7874.107421875	7121.125	9271.478515625	11300.607421875	7760.15478515625	9755.8837890625
P52758	RIDA	2-iminobutanoate/2-iminopropanoate deaminase	P52758	RIDA_HUMAN	1	1	1	1	1	1	1	1	1	1	1	1	1	1	1	1	1	1	1	1	1	1	1	1	1	1	1	1	1	1	1	20921.34375	17964.9296875	24942.921875	22396.279296875	22876.056640625	20272.58984375	19013.875	21675.802734375	19031.619140625	18878.681640625	18337.912109375	18344.01171875	18573.1953125	6499.01806640625	19586.73828125	19017.564453125	18149.02734375	16927.181640625	18925.84765625	14714.10546875	15732.6220703125	19440.0859375	24552.078125	6122.1826171875	22006.23046875	21042.927734375	20786.93359375	19132.58203125	21439.353515625	18208.81640625	17114.197265625
P52888	THOP1	Thimet oligopeptidase	P52888	THOP1_HUMAN	14	14	14	14	14	14	13	13	13	14	13	13	14	14	13	14	13	14	14	14	14	14	14	13	13	14	13	13	14	13	14	37054.30078125	38594.85546875	36790.7734375	36485.40234375	37220.99609375	35804.10546875	34759.8359375	24179.810546875	23795.244140625	24126.55078125	23635.109375	22538.806640625	25122.056640625	26723.03515625	28481.154296875	28743.94140625	27649.033203125	25832.9765625	27493.556640625	25749.970703125	25617.296875	29034.4921875	31095.5859375	30341.654296875	28628.99609375	25672.7578125	27510.8125	25342.953125	31842.5625	29738.517578125	30542.111328125
P52907	CAPZA1	F-actin-capping protein subunit alpha-1	P52907	CAZA1_HUMAN	13	13	13	13	14	14	13	14	13	14	14	14	14	12	13	13	13	13	13	13	13	13	14	13	14	14	13	12	14	13	13	67846.046875	67066.4921875	65780.9453125	70767.9140625	69477.6484375	63590.60546875	69625.5859375	60120.49609375	59739.4921875	63015.20703125	60335.53515625	60856.1484375	62155.13671875	62716.3671875	70424.0625	68655.015625	70820.65625	71130.9140625	74280.578125	70477.0390625	69980.984375	63206.66015625	59592.83984375	57588.3984375	65294.6015625	62232.8828125	62481.5234375	62486.32421875	62498.52734375	63322.57421875	64104.55078125
P53004	BLVRA	Biliverdin reductase A	P53004	BIEA_HUMAN	22	21	21	21	20	20	20	20	22	21	21	22	21	22	21	21	22	21	22	21	22	21	21	22	22	22	22	22	21	21	21	337177.34375	331433.78125	311014.8125	323441.9375	315301.1875	317045.09375	331406.6875	291930.5625	284813.125	278629.03125	281205.1875	278751.59375	281255.40625	295767.5625	295810.96875	309188.8125	313666.71875	301821.15625	302640.34375	311346	293964.90625	313400.28125	300108.03125	313510.25	316501.03125	299662.46875	315566.5625	311466.71875	306020.9375	292847.15625	296556.28125
P53041	PPP5C	Serine/threonine-protein phosphatase 5	P53041	PPP5_HUMAN	2	2	2	2	2	2	2	2	2	2	2	2	2	2	2	2	2	2	2	2	2	2	2	1	2	2	2	2	2	2	2	18454.146484375	5467.00830078125	14733.986328125	13296.017578125	17878.767578125	13946.767578125	17840.5	11303.2197265625	7395.13623046875	11847.8828125	9823.994140625	14119.8603515625	14139.87109375	16686.880859375	14122.8798828125	19691.400390625	15754.166015625	12756.79296875	19976.3125	13283.5595703125	12073.6787109375	11304.2265625	16557.87109375	10031.48046875	5668.0078125	11023.875	10698.3876953125	627.6827392578125	5798.02001953125	16430.208984375	11404.5302734375
P53350	PLK1	Serine/threonine-protein kinase PLK1	P53350	PLK1_HUMAN	0	0	0	0	0	0	0	1	1	1	1	1	1	1	1	1	1	1	1	1	1	1	1	1	1	1	1	1	1	1	1	NaN	NaN	NaN	NaN	NaN	NaN	NaN	6554.9033203125	7630.5	5972.11279296875	7762.1455078125	10210.0498046875	7477.16650390625	7297.27392578125	6610.810546875	4388.93310546875	5880.09814453125	4449.5732421875	7350.27099609375	6651.203125	6634.69873046875	9782.541015625	2278.9619140625	13081.521484375	10315.9775390625	10158.548828125	9445.802734375	9880.9013671875	4960.08056640625	7727.91845703125	4552.0576171875
P53396	ACLY	ATP-citrate synthase	P53396	ACLY_HUMAN	59	60	60	61	61	61	60	59	61	61	62	61	60	59	61	60	62	62	59	62	61	61	59	59	59	59	60	61	60	61	61	128134.7890625	131956.6875	130253.6015625	129808.9296875	129985.546875	131297.625	131534.484375	106550.375	107826.5	111105.1328125	110168.3125	105155.84375	111246.4765625	109550.7734375	125968.28125	126659.375	122719.78125	124536.5	124212.8125	123423.859375	124869.5	119632.15625	121173.03125	118368.375	118855.8046875	117168.8046875	118498.84375	115625.078125	118804.3046875	116754.8515625	117140.4921875
P53602	MVD	Diphosphomevalonate decarboxylase	P53602	MVD1_HUMAN	7	7	7	7	7	7	7	6	7	6	7	5	7	7	7	7	7	7	7	7	6	7	7	7	5	7	7	7	7	7	7	68793.625	65914.5	66236.6953125	63966.125	61553.7265625	66382.1875	67704.71875	40781.4609375	40448.78515625	46840.59765625	50088.46875	44502.85546875	46600.87890625	56677.60546875	55564.015625	55851.53125	64279.47265625	54192.43359375	51234.35546875	52455.1015625	56317.0859375	41400.8671875	44176.41796875	45545.43359375	44325.59375	41612.87109375	46337.34765625	50394.328125	54865.31640625	49217.5859375	49425.66796875
P53611	RABGGTB	Geranylgeranyl transferase type-2 subunit beta	P53611	PGTB2_HUMAN	1	1	1	1	1	1	1	1	1	1	1	1	1	1	1	1	1	1	1	1	1	1	1	1	1	1	1	1	1	1	1	18244.84765625	16598.341796875	17032.69921875	19260.0625	16031.1826171875	14806.48828125	16329.943359375	14541.0322265625	12107.2880859375	13380.30078125	9081.9013671875	14882.4228515625	11059.5810546875	13562.5673828125	10649.75390625	11218.11328125	13929.5947265625	8130.80322265625	11289.462890625	9220.7373046875	9422.59375	11932.396484375	17610.341796875	9729.294921875	12753.1904296875	8842.826171875	11382.107421875	13042.6845703125	8491.0830078125	11002.24609375	16471.33203125
P53680	AP2S1	AP-2 complex subunit sigma	P53680	AP2S1_HUMAN	3	3	3	3	3	3	3	3	3	3	3	3	3	3	3	3	3	3	3	3	3	3	3	3	3	3	3	3	3	3	3	28964.353515625	30396.935546875	24223.888671875	34887.65234375	27868.630859375	32145.919921875	24425.564453125	17657.90625	16977.5625	20775.998046875	20663.896484375	20384.212890625	22266.869140625	20026.009765625	14633.404296875	14631.90625	16060.5986328125	14766.2939453125	16121.2958984375	17435.37109375	15389.19921875	26834.982421875	14538.6572265625	18102.267578125	19056.220703125	22976.521484375	23567.939453125	27241.568359375	27311.705078125	23741.359375	21584.81640625
P53985	SLC16A1	Monocarboxylate transporter 1	P53985	MOT1_HUMAN	0	0	0	0	0	0	0	1	0	1	1	1	1	0	1	1	1	0	0	0	1	0	0	0	0	0	0	0	0	0	0	NaN	NaN	NaN	NaN	NaN	NaN	NaN	685.61572265625	NaN	496.17950439453125	10.0990571975708	1012.1082763671875	837.9342041015625	NaN	2086.63330078125	227.41021728515625	9.719148635864258	NaN	NaN	NaN	2285.418701171875	NaN	NaN	NaN	NaN	NaN	NaN	NaN	NaN	NaN	NaN
P53990	IST1	IST1 homolog	P53990	IST1_HUMAN	10	10	10	10	10	10	10	10	10	10	10	9	10	10	10	10	10	10	9	10	10	10	9	10	10	10	9	10	10	10	10	18862.955078125	19021.71875	20199.62109375	17816.845703125	18046.392578125	19245.208984375	19491.310546875	15309.0966796875	15345.220703125	15548.11328125	17538.572265625	15448.236328125	15799.5478515625	15222.232421875	20308.095703125	19793.2734375	20612.224609375	20404.037109375	20715.818359375	19485.689453125	20194.53515625	18157.591796875	17346.599609375	18974.734375	19017.896484375	19481.44140625	17839.1328125	18594.646484375	17210.580078125	18155.78515625	18083.19140625
P54105	CLNS1A	Methylosome subunit pICln	P54105	ICLN_HUMAN	3	3	3	3	3	3	3	3	3	3	3	3	3	3	3	3	3	3	3	3	3	3	3	3	3	3	2	2	3	3	3	17942.568359375	20845.37890625	20313.400390625	19102.861328125	19397.810546875	19449.53515625	19921.685546875	18029.34765625	19170.2421875	17170.94140625	16399.126953125	12760.3583984375	16735.013671875	16139.8671875	20861.7109375	16592.1484375	19632.671875	17509.10546875	14890.71875	20616.224609375	17834.560546875	14333.74609375	16533.591796875	12927.4931640625	10236.1748046875	12295.2294921875	18143.03125	14044.2529296875	16081.361328125	12564.3203125	21240.8046875
P54108	CRISP3	Cysteine-rich secretory protein 3	P54108	CRIS3_HUMAN	1	1	1	1	1	1	1	1	1	1	1	1	1	1	1	1	1	0	1	1	1	1	0	1	1	1	0	1	1	1	1	4477.93896484375	7938.77783203125	9603.2001953125	7711.88427734375	5813.97412109375	5218.283203125	5468.1162109375	13426.3896484375	14269.0205078125	14329.25390625	12149.9111328125	9882.0390625	12313.4345703125	11802.013671875	10733.5107421875	2125.26513671875	6662.25439453125	NaN	6253.126953125	6943.13134765625	10061.7744140625	5898.6064453125	NaN	11396.7353515625	8966.7353515625	10834.1474609375	NaN	7750.99462890625	7912.29443359375	14392.2578125	3788.2333984375
P54136	RARS1	Arginine--tRNA ligase, cytoplasmic	P54136	SYRC_HUMAN	2	2	2	2	2	2	2	2	2	2	2	2	2	2	2	2	2	2	2	2	2	2	2	2	2	2	2	2	2	2	2	12892.853515625	11545.650390625	10826.7607421875	11355.390625	10988.2373046875	11290.990234375	10429.263671875	10762.6767578125	9808.603515625	10096.0625	9593.509765625	13321.8603515625	9909.6552734375	10692.744140625	11550.4140625	10385.4912109375	12412.701171875	8941.4013671875	11837.4306640625	11177.513671875	14670.8134765625	8717.986328125	10822.5166015625	8832.458984375	8767.4140625	9661.4990234375	8549.111328125	8266.142578125	10274.1162109375	9646.3935546875	10680.568359375
P54252	ATXN3	Ataxin-3	P54252	ATX3_HUMAN	1	1	1	1	1	1	1	1	1	1	1	1	1	1	1	1	1	1	1	1	1	1	1	1	1	1	1	1	1	1	1	10347.2001953125	10009.3388671875	10932.3662109375	10138.140625	8904.1728515625	10356.5234375	8653.84765625	11905.037109375	10725.83203125	12567.802734375	9831.9677734375	12107.0927734375	10578.0185546875	11651.3388671875	7020.60009765625	7299.66943359375	9483.2548828125	10867.4033203125	10941.212890625	10152.4189453125	9067.89453125	8486.806640625	12511.0888671875	9207.7880859375	9178.61328125	8359.0458984375	8147.19775390625	10277.240234375	9334.6650390625	7557.16064453125	10879.896484375
P54577	YARS1	Tyrosine--tRNA ligase, cytoplasmic	P54577	SYYC_HUMAN	11	11	11	11	11	11	11	11	11	11	11	11	11	11	11	11	11	11	11	11	11	11	11	11	11	11	11	11	11	11	11	25270.267578125	25502.9296875	24562.791015625	25647.30078125	25557.181640625	26403.06640625	24150.9140625	24514.048828125	23570.375	21910.921875	23255.12109375	23151.08984375	24723.255859375	23739.13671875	29435.314453125	25972.353515625	27046.552734375	26197.4609375	29502.439453125	26972.013671875	29572.17578125	25081.7890625	20319.79296875	25418.494140625	26339.716796875	26448.916015625	26625.17578125	25031.013671875	24553.31640625	25121.130859375	23634.08984375
P54578	USP14	Ubiquitin carboxyl-terminal hydrolase 14	P54578	UBP14_HUMAN	44	45	43	45	44	45	44	44	45	44	43	43	45	43	44	44	45	45	45	44	45	44	42	44	44	44	44	45	44	44	45	97861.7890625	94099.9296875	95051.1875	96998.6484375	96921.96875	96971.2109375	94827.515625	78519.4921875	79856.84375	77710.515625	82728.15625	78550.109375	81685.984375	81081.8828125	81997.9375	81830.453125	81857.0625	82875.0859375	83283.5078125	83325.53125	84223.109375	82663.671875	77454.4609375	87298.6796875	85124.296875	81884.1875	85582.7109375	81605.4453125	82569.9921875	81871.4609375	81267.2109375
P54652	HSPA2	Heat shock-related 70 kDa protein 2	P54652	HSP72_HUMAN	1	1	1	1	1	1	1	1	1	1	1	0	1	1	1	1	1	1	1	1	1	1	1	1	1	1	1	0	1	1	1	9809.22265625	10546.21484375	10929.2138671875	12019.73046875	13157.3525390625	11917.9443359375	13070.216796875	8933.8359375	11472.5078125	9456.185546875	8815.4208984375	NaN	10696.986328125	10059.7080078125	10368.740234375	9583.43359375	8834.861328125	9043.5712890625	10713.8154296875	7918.099609375	8877.466796875	13734.2060546875	10822.8623046875	12347.380859375	11324.833984375	12102.5556640625	10274.09765625	NaN	11566.8115234375	12319.880859375	13376.580078125
P54725	RAD23A	UV excision repair protein RAD23 homolog A	P54725	RD23A_HUMAN	14	15	16	16	14	15	15	14	15	16	16	16	15	14	14	15	16	14	14	14	14	16	14	14	15	14	15	16	15	15	16	267150.78125	268420.3125	262406.96875	269801.28125	274837	256571.828125	262415.9375	217831.390625	226542.71875	222113.765625	216789.828125	211421.453125	218745.75	216669.546875	247388.953125	245148.390625	244071.328125	231397.734375	236829.21875	239265.5	239281.71875	236545.75	212134.078125	232415.734375	239496.4375	230343.21875	234834.984375	229052.34375	234523.9375	238071.03125	238290.984375
P54727	RAD23B	UV excision repair protein RAD23 homolog B	P54727	RD23B_HUMAN	10	10	10	10	10	10	10	10	10	10	10	10	10	10	10	10	10	10	10	10	10	10	10	10	10	10	10	10	10	10	10	44696.9296875	43357.71875	44151.34375	41348.45703125	42853.3671875	43119.37890625	45729.30859375	41267.1640625	39731.81640625	39842.109375	40179.734375	39609.8203125	39844.08984375	40718.515625	41069.5078125	40567.609375	42441.72265625	43595.93359375	42671.58984375	41523.7890625	42431.21484375	39273.89453125	37907.08984375	39588.73046875	40485.640625	37300.453125	39735.38671875	39240.49609375	41363.20703125	41186.6875	41772.15625
P54802	NAGLU	Alpha-N-acetylglucosaminidase	P54802	ANAG_HUMAN	0	0	0	1	0	0	0	1	1	1	1	1	1	1	0	0	0	0	0	0	0	1	1	1	1	1	1	1	1	1	1	NaN	NaN	NaN	1432.44482421875	NaN	NaN	NaN	7214.06396484375	7013.359375	8699.38671875	7863.3701171875	7107.58251953125	6591.93310546875	8404.630859375	NaN	NaN	NaN	NaN	NaN	NaN	NaN	5080.39599609375	5818.09521484375	5413.33984375	5889.6396484375	7054.322265625	5027.23388671875	5830.244140625	2542.01806640625	2013.1280517578125	1775.767822265625
P54920	NAPA	Alpha-soluble NSF attachment protein	P54920	SNAA_HUMAN	18	19	18	18	18	17	18	18	18	18	18	18	18	18	18	18	18	18	19	19	18	19	18	18	19	19	18	19	18	19	19	116465.7265625	127150.671875	122935.8515625	119582.703125	116349.03125	119873.0078125	119736.6171875	104891.9453125	105740.7734375	105403.90625	111245.5	102621.6015625	106390.234375	106790.1328125	110977.734375	116208.640625	108896.3671875	107891.4609375	110653.3515625	112332.71875	115213.53125	114325.953125	113456.0234375	114212.65625	114009.46875	111451.5390625	118827.328125	110426.453125	112413.6640625	104675.8203125	110529.3203125
P55010	EIF5	Eukaryotic translation initiation factor 5	P55010	IF5_HUMAN	6	7	7	6	7	7	7	7	7	7	7	7	7	7	7	7	7	7	7	7	7	7	7	7	7	7	7	7	7	7	7	28686.900390625	27666.2734375	29931.498046875	25751.38671875	25060.734375	25450.56640625	27232.013671875	30256.830078125	29279.080078125	31755.828125	30781.2734375	28169.634765625	33767.32421875	28346.626953125	37980.7265625	36658.73046875	40628.45703125	38156.92578125	37111.9921875	35824.6953125	36665.5546875	27227.978515625	35818.19140625	28156.7734375	28191.748046875	22984.3125	21916.49609375	27619.9921875	31148.388671875	27454.5	30912.03125
P55036	PSMD4	26S proteasome non-ATPase regulatory subunit 4	P55036	PSMD4_HUMAN	9	9	9	9	9	9	9	8	9	8	8	9	9	9	9	9	9	9	9	8	9	9	9	9	8	8	9	9	9	9	9	55146.75	54182.96484375	52681.390625	48859.09765625	47419.28125	51495.0703125	51728.03125	40337.7734375	41472.88671875	40567.56640625	43924.84375	40421.31640625	45034.26171875	44612.17578125	47666.5546875	47318.4453125	48636.1875	49161.98046875	44269.83203125	45879.66796875	46479.92578125	39765.56640625	45467.22265625	40682.0078125	38531.1953125	38474.05078125	40960.64453125	42677.46875	42940.6171875	41375.37109375	46322.94140625
P55056	APOC4	Apolipoprotein C-IV	P55056	APOC4_HUMAN	4	4	4	4	4	4	4	4	4	4	4	4	4	4	4	4	4	4	4	4	4	4	4	4	4	4	4	4	4	4	4	7974.1650390625	7920.81591796875	8232.3818359375	7427.21484375	6694.77978515625	7486.44775390625	8590.6318359375	14072.1064453125	13677.5947265625	15039.4326171875	13764.5908203125	15139.783203125	13563.5556640625	13034.203125	11562.6787109375	11334.595703125	12895.1083984375	11044.3681640625	11850.9228515625	10909.009765625	10991.345703125	7334.3583984375	8169.361328125	6360.484375	8434.1376953125	7892.6083984375	6171.48193359375	7839.02978515625	10919.7666015625	10057.1123046875	11363.7763671875
P55058	PLTP	Phospholipid transfer protein	P55058	PLTP_HUMAN	5	5	5	4	5	4	5	5	5	5	5	4	5	5	4	5	4	5	5	5	5	5	3	5	5	5	5	5	5	5	5	29278.48046875	27705.970703125	28763.69921875	33144.00390625	25507.498046875	29795.326171875	31145.9296875	19697.896484375	19151.47265625	21785.1328125	19921.611328125	24018.13671875	21434.6484375	23898.626953125	17244.322265625	17782.474609375	20603.861328125	20383.685546875	18755.224609375	21687.140625	17441.537109375	25062.072265625	23305.818359375	26540.462890625	23209.15234375	25135.251953125	21564.509765625	24800.767578125	23149.4765625	24167.841796875	22705.23828125
P55060	CSE1L	Exportin-2	P55060	XPO2_HUMAN	9	9	9	8	8	9	9	9	9	9	9	9	9	9	9	9	8	9	8	8	8	9	9	9	9	9	9	9	9	9	9	22067.56640625	22420.0703125	22241.2578125	25392.48046875	22618.095703125	19591.77734375	19266.208984375	24805.427734375	24574.943359375	23971.798828125	27733.939453125	21621.41796875	26072.142578125	25317.615234375	16834.57421875	21561.44140625	19099.0234375	20342.443359375	21931.158203125	21271.76171875	20509.88671875	24324.833984375	22414.34765625	25483.712890625	24042.04296875	24363.498046875	25823.18359375	24146.65625	23192.28125	24484.8203125	22872.33203125
P55072	VCP	Transitional endoplasmic reticulum ATPase	P55072	TERA_HUMAN	47	47	47	47	47	47	47	47	47	47	47	47	47	47	47	47	47	47	46	47	47	46	47	46	47	46	47	46	47	47	47	265143.03125	270228.28125	264217.90625	265399.28125	261945.40625	266224.625	268966.5625	251469.03125	250689.375	241278.234375	249364.625	241895.375	247959.640625	254007.28125	258768.71875	257164.140625	260467.65625	259870.234375	265898.03125	260938.171875	260224.953125	252637.265625	266616.5	252227.25	250927.0625	242479.515625	249851.765625	246454.875	246747.15625	248528.734375	244950.921875
P55209	NAP1L1	Nucleosome assembly protein 1-like 1	P55209	NP1L1_HUMAN	4	4	4	4	4	4	4	4	5	4	5	4	4	4	5	4	5	4	4	4	4	4	4	4	5	4	5	5	5	4	5	29677.9140625	30106.783203125	31397.931640625	28896.033203125	25918.4609375	30026.09375	27972.236328125	19587.603515625	21142.599609375	23477.998046875	25241.51953125	21824.9453125	20953.587890625	23874.875	23299.470703125	25928.98828125	25329.775390625	26187.6328125	24794.794921875	24910.583984375	22642.994140625	23235.48828125	24070.3203125	26453.61328125	23362.7890625	24697.72265625	25021.9140625	21740.455078125	25768.58203125	23752.58203125	24811.380859375
P55263	ADK	Adenosine kinase	P55263	ADK_HUMAN	10	10	10	10	11	10	10	10	11	9	11	10	10	11	10	10	11	11	11	10	11	11	11	9	11	11	11	11	11	11	11	31782.32421875	31155.587890625	30809.080078125	31810.7890625	29809.978515625	28624.81640625	32115.7109375	23850.36328125	22734.892578125	23803.8984375	20817.51953125	22823.806640625	22724.546875	26676.841796875	28660.05859375	28946.212890625	30971.513671875	28341.158203125	26057.953125	28062.57421875	26956.03125	27821.796875	26011.916015625	26205.126953125	30393.521484375	26728.357421875	26226.103515625	24416.958984375	23876.09375	25335.224609375	27743.994140625
P55786	NPEPPS	Puromycin-sensitive aminopeptidase	P55786	PSA_HUMAN	26	27	27	27	27	27	27	27	26	25	26	24	25	26	27	27	26	26	25	26	25	25	27	24	26	24	26	24	27	27	26	97777.1953125	98870.609375	101386.828125	101211.3359375	98360.1953125	97815.546875	99310.1171875	76844.296875	72377.4453125	74370.4296875	76686.9140625	72391.5390625	72562.328125	73813.046875	75983.7109375	77522.40625	78306.125	77569.96875	81131.3046875	78812.109375	79948.1640625	78120.1953125	79850.7890625	79037.109375	77092.2421875	74869.5546875	75547.6875	75223.9453125	77496.515625	78404.1171875	82423.625
P55854;P61956;Q6EEV6	SUMO3;SUMO2;SUMO4	Small ubiquitin-related modifier 3;Small ubiquitin-related modifier 2;Small ubiquitin-related modifier 4	P55854;P61956;Q6EEV6	SUMO3_HUMAN;SUMO2_HUMAN;SUMO4_HUMAN	1	1	1	1	1	1	1	1	1	1	1	1	1	1	1	1	1	1	1	1	1	1	1	1	1	1	1	1	1	1	1	97176.765625	97963.4921875	96480.984375	101285.0703125	121662.8828125	93780.9921875	94584.2734375	87893.2578125	79930.1875	87397.5859375	84082.328125	80511.8828125	82942.125	83015.6953125	82760.9375	85342	82804.9453125	83985.3125	83451.1484375	81451.1171875	86499.1484375	77388.3359375	96688.46875	79233.859375	84649.9296875	81003.484375	83515.328125	83103.828125	84048.921875	87678.0546875	88024.2265625
P55957	BID	BH3-interacting domain death agonist	P55957	BID_HUMAN	4	4	4	4	4	4	4	4	4	4	4	4	4	4	4	4	4	4	4	4	4	4	4	4	4	4	4	4	4	4	4	51722.73046875	52290.15625	55019.484375	50874.859375	51741.27734375	51204.6484375	54821.85546875	45056.5234375	43099.56640625	42235.703125	42209.41796875	44531.890625	41405.81640625	45581.53125	49905.8125	47608.1484375	48455.03125	47827.9609375	48238.078125	48203.08203125	45024.734375	42860.62109375	48739.2109375	42760.58203125	43449.0703125	44269.65625	41521.54296875	44810.91015625	47583.83203125	44632.1171875	45378.60546875
P56537	EIF6	Eukaryotic translation initiation factor 6	P56537	IF6_HUMAN	4	4	4	4	4	4	4	4	4	4	4	4	4	4	4	4	4	4	4	4	4	4	4	4	4	4	4	4	4	4	4	54900.4140625	54003.46484375	53616.55078125	49029.2734375	52993.390625	47203.24609375	52613.94140625	42527.015625	47659.78515625	44810.51171875	50992.46484375	39637.7734375	44787.31640625	44934.50390625	43947.484375	47519.1484375	47068.5859375	52392.4609375	50426.3203125	52871.3515625	45814.9296875	39585.57421875	39662.0703125	43283.421875	43077.515625	38771.13671875	41840.58203125	41455.984375	46610.17578125	42079.578125	41810.8359375
P57737	CORO7	Coronin-7	P57737	CORO7_HUMAN	7	7	7	7	7	7	7	5	6	5	6	4	3	4	5	6	7	6	6	6	7	5	5	4	5	3	6	5	6	7	6	24777.259765625	25909.572265625	25569.130859375	21983.541015625	23544.21875	23471.751953125	23423.517578125	9516.6875	7930.38525390625	8497.03125	9900.0517578125	9689.154296875	11518.232421875	9193.81640625	17085.037109375	16135.279296875	16460.611328125	14962.1083984375	14747.072265625	16330.2412109375	17048.1171875	10691.8857421875	9120.43359375	10664.6611328125	10023.08984375	8897.8388671875	9837.2490234375	9751.4169921875	13906.794921875	14233.1396484375	12762.3388671875
P58546	MTPN	Myotrophin	P58546	MTPN_HUMAN	7	6	7	6	7	7	6	6	7	6	7	7	7	6	6	7	7	6	6	6	6	6	7	6	6	6	7	7	7	7	6	207802.1875	232213.0625	216145.3125	222210.15625	226877.640625	225297.9375	226554.453125	208466.078125	206003.40625	201850.265625	222286.5625	216185.734375	212720.625	218920.4375	229371.328125	232539.3125	215095.75	225261.921875	239367.890625	247862.125	233781.078125	206443.828125	186959.234375	220095.65625	204017.40625	224919.34375	209193.125	195877.875	205678.984375	204053.015625	208622.46875
P59665;P59666	DEFA1;DEFA3	Neutrophil defensin 1;Neutrophil defensin 3	P59665;P59666	DEF1_HUMAN;DEF3_HUMAN	2	2	2	2	2	2	2	2	2	2	2	2	2	2	2	2	2	2	2	2	2	2	2	2	2	2	2	2	2	2	2	61905.203125	51126.87890625	47833.25	53580.44140625	53201.80078125	56816.8359375	55173.765625	57465.8046875	63752.578125	60559.94921875	80409.015625	79691.484375	72248.625	83784.28125	78762.0859375	64288.81640625	70107.234375	77625.78125	89076.40625	72182.546875	86415.8828125	44619.046875	50103.22265625	51351.671875	48241.65234375	57686.15234375	58967.2265625	55025.58984375	55575.26171875	58366.9609375	63739.84375
P59998	ARPC4	Actin-related protein 2/3 complex subunit 4	P59998	ARPC4_HUMAN	1	1	1	1	1	1	2	2	2	2	2	2	2	2	1	2	2	2	1	2	1	2	2	2	2	2	2	2	2	2	2	21566.458984375	22097.33984375	20608.33203125	20871.578125	22944.5	21380.05078125	18137.115234375	21021.994140625	23892.08203125	32271.96875	37353.81640625	25035.94140625	27835.333984375	32242.71484375	23175.6484375	27048.439453125	23651.978515625	29411.443359375	23868.626953125	24170.748046875	25196.048828125	22440.892578125	24255.755859375	19536.916015625	26337.2265625	27177.482421875	28706.806640625	28973.837890625	13834.6787109375	22593.349609375	13336.3798828125
P60174	TPI1	Triosephosphate isomerase	P60174	TPIS_HUMAN	25	25	25	25	25	25	25	25	25	25	25	24	25	24	25	24	25	25	25	25	25	25	25	24	25	25	25	25	25	25	25	569006	586661.1875	584288.6875	582275.25	564246.75	574860.3125	572393.5625	434591.65625	446794.78125	432515.875	433815.40625	421238.75	435914.8125	442249.03125	452762.4375	453748.375	447631.15625	450361.53125	462514.375	450685.625	453767.5	494253.59375	534283.1875	497507.34375	501779.625	473945.15625	508648.84375	491377.15625	480927.8125	481348.1875	485527.9375
P60520	GABARAPL2	Gamma-aminobutyric acid receptor-associated protein-like 2	P60520	GBRL2_HUMAN	1	1	1	1	1	1	1	1	1	1	1	1	1	1	1	1	1	1	1	1	1	1	1	1	1	1	1	1	1	1	1	14993.751953125	14444.591796875	15631.5751953125	12458.86328125	17243.572265625	17014.515625	14640.85546875	9399.369140625	12631.0400390625	9414.25	4896.31298828125	7901.5693359375	10767.357421875	12001.19140625	10918.412109375	10588.08984375	10616.43359375	9948.9111328125	10192.818359375	9450.0283203125	11501.9267578125	10895.8818359375	12997.9990234375	11666.73046875	11305.0927734375	7942.43701171875	11729.8095703125	8792.5751953125	9287.34765625	11740.232421875	10007.69140625
P60660	MYL6	Myosin light polypeptide 6	P60660	MYL6_HUMAN	11	11	10	11	11	11	11	11	11	11	11	11	11	11	11	11	11	11	11	11	11	11	11	11	10	10	10	10	11	10	11	55765.46484375	55295.4140625	56415.140625	53905.65625	52836.27734375	54783.87109375	52517.28125	67329.0703125	67003.625	68672.1171875	66428.046875	67952.7421875	66220.75	68486.6640625	72005.2890625	72551.15625	72655.8984375	75026.1875	74251.3671875	74178.8515625	71669.4140625	63066.0703125	65285.84375	61974.1171875	61970.82421875	66410.4921875	62503.25390625	66329.9453125	64410.23828125	62720.73828125	62017.47265625
P60709;P63261	ACTB;ACTG1	Actin, cytoplasmic 1;Actin, cytoplasmic 2	P60709;P63261	ACTB_HUMAN;ACTG_HUMAN	56	57	57	56	57	57	57	57	56	57	58	57	55	55	57	57	57	57	56	55	57	56	57	53	55	55	56	57	56	57	57	2518964.25	2508823.5	2490143.25	2513739.25	2478248.25	2500963	2498088.25	2635046.5	2704278.75	2697975.5	2645017	2708457.25	2605362.5	2684827.75	2652925.25	2666215	2672815	2721958.5	2668041	2726348	2670162.25	2489004.25	2641857	2515303.25	2511863.5	2570627.5	2451762.5	2566312.5	2522408	2523724.5	2550382.5
P60842	EIF4A1	Eukaryotic initiation factor 4A-I	P60842	IF4A1_HUMAN	19	19	19	19	19	19	19	19	19	20	19	20	19	19	19	19	19	19	19	19	19	19	19	19	19	19	20	19	19	19	19	92542.890625	93382.90625	97455.109375	96687.2578125	97629.3203125	102072.0390625	94485.578125	63648.73828125	57863.4921875	59692.20703125	58723.265625	60463	58740.99609375	64376.8203125	73804.1484375	83364.84375	71276.1484375	84215.625	82033.875	80894.40625	76393.2578125	77465.328125	65582.671875	69099.8046875	70885.828125	77450.015625	80586.703125	66308.3203125	74016.421875	75841.5	73797.421875
P60891	PRPS1	Ribose-phosphate pyrophosphokinase 1	P60891	PRPS1_HUMAN	22	22	22	22	22	22	22	22	22	22	22	22	22	22	22	22	22	22	22	22	22	22	22	22	22	22	22	22	22	22	22	144994.203125	150376.046875	148271.109375	146305.015625	141969.390625	143878.921875	147013.40625	102799.6171875	102393.9609375	97871.421875	100612.1015625	97089.8515625	102613.09375	102708.8125	120361.4375	122525.6328125	123174.9453125	122019.1953125	117986.5546875	118659.5234375	120853.7421875	115349.7578125	123810.9375	115737.4765625	115937.2109375	113839.671875	115709.53125	111253.046875	117516.9375	115756.8828125	122882.3984375
P60900	PSMA6	Proteasome subunit alpha type-6	P60900	PSA6_HUMAN	15	15	15	15	15	15	15	15	15	15	15	15	15	15	15	15	15	15	15	15	15	15	15	15	15	15	15	15	15	15	15	174827.34375	185100.65625	172606.921875	170416.0625	165616.765625	168982.671875	171401.84375	146711.109375	154822.21875	154842.96875	156748.671875	139624.96875	154854.125	158334.671875	148129.921875	155823.265625	146629.015625	154618.296875	147939.140625	149406.59375	144946.265625	154042.6875	146814.90625	153404.15625	155332.671875	149697.34375	156712.265625	145361.59375	156876.515625	152260.078125	155808.265625
P60953	CDC42	Cell division control protein 42 homolog	P60953	CDC42_HUMAN	7	7	7	7	7	7	7	7	7	7	7	7	7	7	7	7	7	7	7	7	7	7	7	7	7	7	7	7	7	7	7	78797.3046875	83090.8203125	80339.109375	80227.8515625	76851.90625	73089.53125	80077.03125	72303.0390625	67076.3359375	68965.390625	69695.9921875	69469.5390625	68606.359375	69543.5234375	72946.8359375	72277.2109375	73433.609375	76803.609375	73509.734375	69916.3671875	70953.859375	67586.65625	72375.515625	68656.9765625	68934.9140625	63227.4296875	70187.2890625	62349.73046875	68058.8359375	69700.6171875	73436.8046875
P60981	DSTN	Destrin	P60981	DEST_HUMAN	1	1	1	1	1	1	1	1	1	1	1	1	1	1	1	1	1	1	1	1	1	1	1	1	1	1	1	1	1	1	1	9180.560546875	9571.1162109375	10259.482421875	9269.15234375	7439.98828125	7091.10498046875	9835.8056640625	9663.3193359375	8996.119140625	10596.783203125	11369.8427734375	9925.533203125	11519.404296875	10023.80859375	9151.4267578125	10833.9091796875	8996.8603515625	8526.634765625	8071.83056640625	11376.71875	9964.3486328125	12356.931640625	4721.63427734375	10501.0791015625	12728.3046875	11779.859375	10376.8662109375	8874.7939453125	9875.990234375	8315.7294921875	9287.2158203125
P60983	GMFB	Glia maturation factor beta	P60983	GMFB_HUMAN	2	2	2	2	2	2	2	2	2	2	2	2	2	2	2	2	2	2	2	2	2	2	2	2	2	2	2	2	2	2	2	12846.388671875	9408.228515625	9848.2734375	9181.484375	12246.876953125	12880.560546875	11731.1220703125	10927.6669921875	9005.4228515625	9037.3662109375	5266.79931640625	9248.1044921875	10868.3818359375	10019.287109375	11904.4697265625	12975.849609375	13460.6025390625	10868.0859375	12256.34765625	12105.732421875	12230.400390625	10614.6015625	6703.1201171875	13567.8271484375	10703.572265625	10853.3173828125	10789.3505859375	11219.9951171875	11217.693359375	11920.5908203125	10196.4150390625
P61006	RAB8A	Ras-related protein Rab-8A	P61006	RAB8A_HUMAN	7	7	7	7	7	7	7	7	7	7	7	7	7	7	7	7	7	7	7	7	7	7	7	7	7	7	7	7	7	7	7	35180.76171875	38922.45703125	37392.7890625	37008.75	38378.765625	36173.7109375	36811.25390625	31889.265625	31456.408203125	33082.625	29345.791015625	33993.58203125	35255.58984375	32161.982421875	32734.412109375	36276.28515625	33951.20703125	35122.1640625	35860.078125	33416.3046875	32270.501953125	37786.515625	31722.126953125	37711.91015625	35343.37890625	38604.59375	38723.63671875	35750.984375	39116.39453125	34430.53125	34234.91796875
P61020	RAB5B	Ras-related protein Rab-5B	P61020	RAB5B_HUMAN	4	4	4	4	4	4	4	4	4	4	4	4	4	4	4	4	4	4	4	4	4	4	4	4	4	4	4	4	4	4	4	25862.916015625	26463.63671875	24851.349609375	26755.548828125	25021.591796875	25640.041015625	23798.740234375	21438.86328125	21415.458984375	18937.865234375	20693.767578125	17949.17578125	20870.455078125	22339.455078125	19050.89453125	21329.015625	21532.916015625	20442.69921875	22782.54296875	22853.365234375	20526.4375	23908.24609375	21473.998046875	22941.0234375	22073.87109375	21245.55078125	20557.26171875	22458	25060.6796875	21616.88671875	23214.919921875
P61026	RAB10	Ras-related protein Rab-10	P61026	RAB10_HUMAN	5	5	5	5	5	5	5	5	5	5	5	5	5	5	5	5	5	5	5	5	5	5	5	5	5	5	5	5	5	5	5	31884.5703125	32413.505859375	31320.822265625	30618.37890625	33530.22265625	32154.345703125	32107.068359375	32553.015625	32567.177734375	34909.953125	33892.50390625	31670.77734375	34234.2890625	32357.052734375	32001.326171875	33818.3203125	33557.61328125	33272.828125	33137.55859375	32499.466796875	33396	28954.103515625	28312.09765625	27123.25	29077.490234375	25886.994140625	23968.966796875	28188.30859375	31619.0390625	30832.103515625	31365.462890625
P61081	UBE2M	NEDD8-conjugating enzyme Ubc12	P61081	UBC12_HUMAN	5	5	5	5	4	5	5	4	5	4	5	5	5	5	5	5	5	5	5	5	5	5	4	5	4	4	5	5	5	5	5	31610.26953125	33050.72265625	34009.39453125	32049.939453125	30750.205078125	34527.21484375	34407.63671875	26763.6328125	26350.96484375	26816.162109375	32149.2890625	27490.1875	28826.48828125	30950.46484375	36041.3125	34856.73828125	36524.65234375	30532.66015625	32492.1953125	34614.6484375	33319.63671875	32708.244140625	30697.46484375	30955.4375	31313.255859375	30525.16015625	30072.29296875	30012.14453125	31132.91796875	28846.22265625	32151.833984375
P61086	UBE2K	Ubiquitin-conjugating enzyme E2 K	P61086	UBE2K_HUMAN	8	8	8	8	8	8	8	8	8	8	8	8	8	8	8	8	8	8	8	8	8	8	8	8	8	8	8	8	8	8	8	54000.36328125	54686.9140625	55935.51171875	56995.33984375	54398.80078125	55767.37109375	56486.15234375	52095.8046875	48552.6171875	43104.21484375	50669.171875	51828.66015625	48836.7109375	49562.80078125	54455.0546875	52664.734375	56785.5625	54780.09765625	57278.1484375	55161.4296875	54114.5859375	48704.140625	52088.453125	53183.40625	50247.59765625	50996.05078125	50439.42578125	47964.1875	52447.63671875	51766.15234375	54738.484375
P61088	UBE2N	Ubiquitin-conjugating enzyme E2 N	P61088	UBE2N_HUMAN	10	11	11	11	12	12	10	11	11	11	11	11	10	11	11	10	11	11	11	11	11	11	11	10	11	11	10	11	11	11	11	329302.375	328621.96875	336747.28125	328669.4375	325650.59375	323381.96875	323786.75	295998.3125	298392.09375	279273.125	295547.53125	283485	284834.71875	293309.84375	313805.875	318103.65625	318369.71875	318416.6875	330277.5625	322546.15625	314670.25	295333.21875	299446.46875	315852.5	297212.8125	285004.3125	298531.0625	278077.6875	299659.84375	296031.03125	306021.5625
P61106	RAB14	Ras-related protein Rab-14	P61106	RAB14_HUMAN	4	3	4	4	3	4	3	4	4	4	4	4	4	4	4	4	4	4	4	4	4	4	4	4	4	4	4	4	4	4	4	6757.74365234375	6906.6259765625	7290.00537109375	7849.26220703125	9108.0625	5482.8564453125	7505.01513671875	7434.65869140625	6608.44482421875	7973.08837890625	7826.58984375	7323.67138671875	7210.81689453125	5916.3095703125	9119.1064453125	8720.310546875	8417.6416015625	8042.39111328125	7597.05029296875	9196.384765625	8377.0078125	6478.45556640625	7505.94775390625	7681.16162109375	7508.97998046875	7259.3251953125	8251.5302734375	7494.9111328125	7802.64013671875	7026.4658203125	7310.80126953125
P61158	ACTR3	Actin-related protein 3	P61158	ARP3_HUMAN	8	8	8	7	7	8	7	8	8	8	8	8	8	7	8	8	7	7	8	7	8	8	8	8	8	8	8	7	7	8	8	37213.89453125	40838.8359375	33615.078125	35562.61328125	37376.23828125	36416.65625	33994.171875	46247.34765625	45297.19921875	52926.40234375	47706.375	47296.12890625	50289.0234375	48975.27734375	42213.10546875	42488.2265625	44951.18359375	40166.67578125	42772.44921875	44280.73828125	46683.54296875	40334.609375	40082.765625	44902.9921875	40969.4921875	48944.16015625	43535.57421875	45736.04296875	42246.34375	43277.76953125	44741.6640625
P61160	ACTR2	Actin-related protein 2	P61160	ARP2_HUMAN	9	9	9	9	9	9	9	8	9	9	9	9	9	9	9	9	9	9	9	8	9	9	9	9	9	9	9	9	9	9	9	25042.578125	27759.02734375	26760.095703125	28088.810546875	26356.8984375	25882.6953125	25939.369140625	28136.109375	30816.697265625	31532.724609375	32646.79296875	31257.32421875	32425.267578125	34098.26953125	30799.5234375	30200.4453125	27718.26171875	32524.591796875	30951.591796875	34385.58984375	30812.169921875	28907.595703125	26933.51953125	33577.1015625	29869.111328125	31586	28022.841796875	33781.421875	30709.591796875	28560.1171875	29928.87890625
P61163	ACTR1A	Alpha-centractin	P61163	ACTZ_HUMAN	9	9	9	9	9	9	9	9	9	9	9	9	9	9	9	9	9	9	9	9	9	9	8	9	9	9	9	9	9	9	9	62372.578125	65357.73828125	61752.18359375	64659.0078125	67928.8984375	63652.296875	65023.98828125	41618.58984375	42761.7265625	41899.45703125	44831.765625	40795.23828125	44892.56640625	40498.1484375	53602.11328125	59711.18359375	56593.640625	55750.37109375	58078.48046875	56380.484375	57806.078125	44073.90625	40871.69140625	49589.94140625	46619.7109375	46901.0546875	43889.25	47128.84375	49365.8984375	52891.0234375	50015.21484375
P61201	COPS2	COP9 signalosome complex subunit 2	P61201	CSN2_HUMAN	17	17	17	17	17	17	17	17	17	17	17	17	17	17	17	17	17	17	17	17	17	17	17	17	17	17	17	17	17	17	17	55582.265625	55673.4375	54719.28125	54543.54296875	53561.546875	54960.15625	56221.52734375	50103.5234375	49143.890625	45257.32421875	50545.3359375	49114.51953125	50489.22265625	49915.50390625	51442.046875	47956.31640625	51119.14453125	49358.63671875	51758.35546875	50512.34765625	50432.16796875	50628.859375	47319.86328125	50389.76171875	53584.421875	49092.578125	48325.328125	50254.86328125	49126.69140625	51090.078125	50753.23828125
P61204;P84077	ARF3;ARF1	ADP-ribosylation factor 3;ADP-ribosylation factor 1	P61204;P84077	ARF3_HUMAN;ARF1_HUMAN	12	12	12	12	12	12	12	12	12	12	12	12	12	12	12	12	12	12	12	12	11	12	12	11	11	12	12	11	12	12	12	104635.6640625	111373.0625	109212.078125	111675.3671875	113287.5703125	109057.5703125	108403.9296875	97760.25	96973.296875	106566.3984375	98743.0859375	95213.6171875	100039.171875	98029.265625	97892.7578125	102877.890625	94617.7109375	104807.9140625	99420.3125	91598.0625	104456.234375	92073.5859375	71452.546875	90747.3828125	92686.9375	90709.6171875	92747.1875	89611.5078125	98235.2734375	96657.2265625	95751.3984375
P61224	RAP1B	Ras-related protein Rap-1b	P61224	RAP1B_HUMAN	17	17	17	17	17	17	17	17	17	17	17	17	17	17	17	17	17	17	17	17	17	17	17	16	17	17	17	17	17	17	17	92655.3984375	98748.6953125	99804.9765625	96195.375	98818.0703125	91104.5546875	99495.8984375	102684.375	103702.734375	105644.15625	109208.265625	103691.6796875	104283.1953125	103149.4609375	104974.453125	112211.9921875	109936.015625	110760.125	109288.2421875	112339.3203125	109418.71875	97744.6015625	93576.7578125	100751.2890625	97586.828125	107060.53125	100896.1171875	96861.1171875	101519.3984375	99894.0234375	99734.484375
P61225	RAP2B	Ras-related protein Rap-2b	P61225	RAP2B_HUMAN	8	7	7	8	8	8	8	8	7	8	8	8	8	8	8	8	8	8	8	8	8	8	7	8	8	8	8	8	8	8	8	41313.78125	42227.171875	41288.71484375	42968.296875	39964.03515625	37160.2734375	36570.2890625	39060.2421875	39600.44140625	48075.4453125	54069.6875	39143.93359375	48761.2265625	44585.95703125	42563.875	40650.3828125	39822.06640625	41103.7734375	44096.453125	47825.07421875	43841.63671875	45695.21875	33545.11328125	51432.765625	46201.19921875	44582.2890625	45094.81640625	47835.19921875	41970.09375	41802.53515625	44757.125
P61586	RHOA	Transforming protein RhoA	P61586	RHOA_HUMAN	6	6	6	6	6	6	6	6	6	6	6	6	6	6	6	6	6	6	6	6	6	6	6	6	6	6	6	6	6	6	6	74960.8359375	80271.59375	74649.84375	77746.875	71726.1953125	78358.8125	77841.1484375	65353.82421875	66062.5390625	62358.015625	60377.59375	55867.55859375	64497.7734375	63727.23828125	66100.4140625	71394.7734375	67956.96875	71892.5	63327.9765625	68949.9296875	65979.1640625	62523.16015625	76218.7109375	59110.87890625	61636.9921875	59451.41796875	61660.125	60294.484375	63149.0546875	62758.75390625	66448.90625
P61604	HSPE1	10 kDa heat shock protein, mitochondrial	P61604	CH10_HUMAN	1	0	1	1	1	1	0	1	1	1	1	1	1	1	1	1	1	1	1	1	1	1	1	1	1	1	1	1	1	1	1	3906.34765625	NaN	1938.258056640625	3955.16064453125	2006.6483154296875	2691.619873046875	NaN	3777.693359375	5221.91748046875	6926.20263671875	6307.93115234375	7250.41748046875	5933.86669921875	6297.3037109375	7779.84521484375	7452.8974609375	8388.03125	6539.4482421875	7146.44970703125	4530.09228515625	2953.90966796875	5346.14501953125	2898.9111328125	5779.3369140625	5058.34423828125	4755.5478515625	4453.23876953125	5108.57568359375	4120.34814453125	4512.77001953125	6860.97900390625
P61626	LYZ	Lysozyme C	P61626	LYSC_HUMAN	9	9	9	9	9	9	9	9	9	9	9	9	9	9	9	9	9	9	9	9	9	9	9	9	9	9	9	9	9	9	9	218167.796875	220149.609375	216247.65625	211149.4375	207196.125	204459.515625	215114.15625	214295.9375	215168.046875	223931.75	216373.75	210672.53125	213286.4375	232538.875	192176.9375	184070.453125	210491.859375	195938.40625	190774.953125	192149.171875	199632.921875	149926.109375	170709.109375	173509.453125	163028.390625	173680.0625	166957.1875	172884.46875	201483.5625	194687.921875	195832.25
P61769	B2M	Beta-2-microglobulin	P61769	B2MG_HUMAN	4	5	4	4	5	4	5	5	5	5	5	5	5	5	4	5	5	4	4	5	5	4	4	4	4	4	5	5	4	5	5	12389.2724609375	12117.623046875	12261.5107421875	11230.232421875	11446.4326171875	14345.92578125	13055.84765625	23761.6640625	19956.662109375	24038.263671875	23662.7109375	23687.77734375	22532.857421875	25001.8203125	19249.71875	15352.7373046875	16033.791015625	16245.9462890625	19527.689453125	17529.60546875	16522.21484375	16511.69140625	14277.21875	18437.859375	16072.4951171875	19073.244140625	16328.3095703125	18464.55859375	17025.10546875	17095.046875	17424.009765625
P61960	UFM1	Ubiquitin-fold modifier 1	P61960	UFM1_HUMAN	1	1	1	1	1	1	1	1	1	1	1	1	1	1	1	1	1	1	1	1	1	1	1	1	1	1	1	1	1	1	1	65667.4609375	64561.57421875	63219.01171875	60355.3203125	60410.8671875	61347.51171875	63705.42578125	52189.4375	50758.53125	50404.75390625	52097.765625	49846.546875	48850.6484375	50808.71484375	61708.15234375	62813.48828125	62415.14453125	60203.41015625	62281.60546875	58950.33984375	59719.359375	52445.94140625	57717.3203125	50029.4375	51467.59765625	50312.3359375	51847.9921875	51384.17578125	55551.984375	54278.0234375	56018.87109375
P61970	NUTF2	Nuclear transport factor 2	P61970	NTF2_HUMAN	9	9	9	9	9	9	9	9	9	9	9	9	9	9	9	9	9	9	9	9	9	9	9	9	9	9	9	9	9	9	9	210727.375	220539.21875	220407.46875	219290.1875	214437.234375	212226.1875	215693.609375	195587.15625	200965.109375	185786.375	199309.796875	194907.875	194701.71875	199927.625	203507.984375	199762.359375	200610.0625	203438.109375	212721.34375	203291.265625	198984.875	190103.359375	190663.640625	197774.109375	177871.84375	184586.6875	189589.0625	184811.5625	200113.859375	194709.46875	191911.359375
P61978	HNRNPK	Heterogeneous nuclear ribonucleoprotein K	P61978	HNRPK_HUMAN	13	12	12	13	13	12	13	12	12	13	13	12	13	13	12	12	13	13	13	13	12	13	13	13	13	13	13	13	13	13	13	47996.1015625	47672.77734375	49670.05078125	48196.29296875	51797.51171875	47621.77734375	49406.15234375	46568.13671875	47038.4921875	45087.96875	44507.34765625	46103.96875	46809.34765625	44708.54296875	46176.28515625	46034.7890625	46757.56640625	48015.35546875	45510.6875	46333.9296875	45879.27734375	38816.80859375	42924.2578125	41184.3125	44983.31640625	43950.4765625	42600.1953125	41903.5234375	45987.94140625	46252.8671875	45369.80078125
P61981	YWHAG	14-3-3 protein gamma	P61981	1433G_HUMAN	7	7	8	8	8	7	7	7	7	7	7	6	6	8	8	7	7	8	8	7	7	8	8	8	8	8	7	7	7	7	7	65710.8671875	70072.75	67090.7265625	67070.875	65946.796875	65219.65234375	62202.13671875	74178.8203125	66839.9140625	73075.859375	69996.9296875	72566.484375	71849.3984375	72351.3125	81333.15625	72093.8125	80682.78125	80567.0234375	74468.1640625	78378.34375	75691.3515625	64120.51953125	59034.0078125	66160.90625	67041.921875	57958.97265625	60570.2734375	64541.16015625	72715.0078125	69455.1171875	71448.390625
P62191	PSMC1	26S proteasome regulatory subunit 4	P62191	PRS4_HUMAN	18	18	18	18	18	18	17	18	18	18	18	18	18	16	18	18	17	18	18	18	17	18	17	16	17	16	18	18	18	18	18	55373.19140625	56272.63671875	56127.390625	56673.63671875	57905.83984375	57368.109375	57933.7265625	45573.66796875	46465.234375	47703.03125	53394.8046875	45998.1953125	50164.109375	48711.25390625	49870.80078125	52298.046875	50196.19140625	49053.0546875	50098.265625	50069.91015625	51328.96484375	45273.16796875	47006.86328125	45960.73046875	46479.43359375	46726.14453125	46528.82421875	47934.1484375	50268.6484375	51847.81640625	46723.2734375
P62195	PSMC5	26S proteasome regulatory subunit 8	P62195	PRS8_HUMAN	15	15	15	15	15	15	15	15	15	15	15	15	15	15	15	15	15	15	15	15	15	15	15	15	14	15	15	15	15	15	15	58590.84765625	59178.60546875	61307.6328125	60569.83203125	62981.56640625	58173.6015625	58256.98828125	50243.56640625	51406.12109375	51711.43359375	51008.046875	47849.12890625	53987.34765625	49869.328125	55429.0546875	54377.6484375	55292.4140625	53382.89453125	54995.86328125	55361.26171875	56871.2890625	47701.76953125	42958.06640625	52613.3203125	48538.078125	48103.546875	50065.921875	48377.89453125	50218.51953125	52890.43359375	52344.3203125
P62258	YWHAE	14-3-3 protein epsilon	P62258	1433E_HUMAN	23	23	23	23	23	23	23	23	23	23	23	23	23	23	22	23	23	23	23	22	23	23	23	22	21	22	23	22	23	23	23	324943.625	336126.75	320222.90625	319572.65625	318528.3125	314478.75	318001.84375	271838.875	297718.28125	288752.21875	296259.3125	277170.65625	298981.75	292104.8125	321007.34375	330866.625	326260.15625	327861.75	328362.9375	329388.625	317469.4375	269137.78125	220470.953125	277425.78125	273241.34375	269154.40625	276481.8125	270722.40625	299372.28125	296400.21875	297774.53125
P62277	RPS13	Small ribosomal subunit protein uS15	P62277	RS13_HUMAN	1	0	0	1	0	1	0	1	1	0	1	0	1	1	1	1	1	1	1	1	1	1	1	0	0	0	1	0	1	1	1	4087.258056640625	NaN	NaN	4378.5888671875	NaN	3147.060546875	NaN	7470.78515625	7521.25146484375	NaN	5030.7958984375	NaN	4935.6435546875	5071.73974609375	9087.23828125	8317.642578125	11836.7041015625	9506.9609375	9913.96875	8466.40625	9566.6396484375	3899.9580078125	4162.77099609375	NaN	NaN	NaN	4207.62158203125	NaN	4387.4326171875	5341.9453125	5876.31689453125
P62310	LSM3	U6 snRNA-associated Sm-like protein LSm3	P62310	LSM3_HUMAN	1	1	1	1	1	1	1	1	1	1	1	1	1	1	1	1	1	1	1	1	1	1	1	1	1	1	1	1	1	1	1	22166.693359375	20742.669921875	17111.03125	18079.376953125	16482.50390625	19823.255859375	16002.3232421875	13066.107421875	15654.978515625	16236.8251953125	18991.021484375	13921.8486328125	13771.013671875	16536.67578125	17067.560546875	18476.54296875	18297.107421875	20523.4296875	20414.1015625	18511.181640625	20369.673828125	14506.33203125	16278.9140625	9701.5166015625	14690.4326171875	11790.7451171875	10993.0859375	9538.939453125	15100.517578125	15500.302734375	17547.458984375
P62328	TMSB4X	Thymosin beta-4	P62328	TYB4_HUMAN	7	7	7	7	7	7	7	7	7	7	7	7	7	7	7	7	7	7	7	7	7	7	7	7	7	7	7	7	7	7	7	32862.25	33798.80078125	35980.80859375	37809.29296875	22601.70703125	30838.908203125	34858.8359375	38219.17578125	37269.1640625	38014.19140625	34313.33984375	26617	26905.984375	24174.501953125	39999.234375	38259.85546875	41879.953125	38247.8359375	27518.623046875	26963.25	32244.640625	29389.23046875	40959.59765625	19944.962890625	28442.80859375	20251.888671875	20180.630859375	22794.580078125	31569.96875	33329.4921875	30132.810546875
P62330	ARF6	ADP-ribosylation factor 6	P62330	ARF6_HUMAN	2	2	2	2	2	2	2	2	2	2	2	2	2	2	2	2	2	2	2	2	2	2	2	2	2	2	2	2	2	2	2	26452.76171875	26345.60546875	29217.564453125	29076.375	27802.890625	22876.46875	28113.125	29589.390625	29990.0546875	31897.265625	21121.40625	18530.744140625	20499.328125	33882.828125	23017.626953125	34304.90625	23611.6328125	30294.41796875	21260.82421875	36152.5703125	31302.626953125	33978.38671875	18509.798828125	17631.3828125	22628.99609375	22372.63671875	31451.462890625	19586.37109375	21691.67578125	23072.53515625	25422.759765625
P62333	PSMC6	26S proteasome regulatory subunit 10B	P62333	PRS10_HUMAN	24	24	23	24	24	24	24	24	24	24	24	24	24	24	24	24	24	24	24	24	24	23	22	24	24	24	24	24	24	24	24	53571.640625	54529.48828125	56021.66015625	52473.015625	54824.25	54101.65234375	53118.85546875	43277.3359375	41613.15234375	45148.6484375	45971.3203125	42306.33984375	44715.4921875	46059.25	51872.12109375	52405.7109375	48212.3515625	50907.51171875	52318.07421875	51593.6171875	51587.69921875	45733.80859375	47670.015625	44561.66796875	45689.25390625	43062.2109375	45921.29296875	44620.6015625	49311.859375	48445.9921875	47769.69140625
P62633	CNBP	CCHC-type zinc finger nucleic acid binding protein	P62633	CNBP_HUMAN	1	1	1	1	1	1	1	1	1	1	1	1	1	1	1	0	1	1	1	1	1	1	1	1	1	1	1	1	1	1	1	3967.520751953125	2631.497314453125	1986.923583984375	2600.560302734375	938.25	2334.020263671875	2514.0556640625	1596.6517333984375	1347.392822265625	2640.057373046875	2046.647216796875	780.61376953125	1333.15625	2670.94482421875	2801.23291015625	NaN	4480.77294921875	595.2925415039062	2893.140869140625	2903.62841796875	3074.95458984375	2701.76953125	924.9417114257812	2364.40869140625	3153.87158203125	2060.236572265625	2291.920166015625	3625.0166015625	2256.5556640625	2985.003662109375	3292.73095703125
P62701	RPS4X	Small ribosomal subunit protein eS4, X isoform	P62701	RS4X_HUMAN	1	1	1	1	1	1	1	1	1	1	1	1	1	1	1	1	1	1	1	1	1	0	1	1	1	1	1	1	1	1	1	3189.591064453125	845.5593872070312	1816.255126953125	2511.085693359375	2492.125	3862.7041015625	3400.267578125	6996.06494140625	6060.37890625	4983.41357421875	6368.9619140625	6048.115234375	6868.26904296875	6286.07568359375	10071.8798828125	10552.7421875	12119.228515625	10482.01953125	10609.33984375	10899.595703125	13103.2919921875	NaN	4089.93408203125	3849.78173828125	3482.629150390625	4634.67724609375	3336.5625	3678.942138671875	6213.0712890625	6194.06298828125	4706.234375
P62805	H4C1	Histone H4	P62805	H4_HUMAN	15	15	15	14	15	15	15	15	15	15	15	15	14	15	15	15	15	15	15	15	15	15	14	14	15	15	15	15	15	15	15	208712.953125	203410.59375	195934.90625	210693.859375	222067.71875	194653.65625	216482.515625	311025.09375	338465.71875	306907.34375	318330.03125	322517.125	313204.5625	318029.90625	264517.375	252747.765625	292276.5625	270797.875	257018.09375	270133.09375	284438.28125	233451.4375	189388.984375	234168.4375	223585.9375	252825.40625	214731.984375	224416.09375	235577.9375	243795.875	255040.84375
P62820	RAB1A	Ras-related protein Rab-1A	P62820	RAB1A_HUMAN	7	7	6	7	6	6	7	7	7	7	6	7	6	7	7	6	7	7	6	7	7	7	6	6	7	7	6	7	7	7	7	89767.6796875	87165.7578125	71412.28125	88471.3515625	90581.0859375	89471.9140625	82864.984375	73510.515625	76873.6796875	79164.359375	82314.8203125	81605.328125	85776.109375	83055.484375	81148.484375	76647.421875	80487.796875	78671.1953125	87594.1875	84777.921875	77084.3125	84999.84375	71094.9140625	88832.7578125	89454.171875	85908.5234375	84913.640625	88320.171875	83750.796875	81850.6171875	86175.90625
P62826	RAN	GTP-binding nuclear protein Ran	P62826	RAN_HUMAN	21	22	23	22	23	23	22	22	22	22	22	22	22	22	22	22	23	23	22	22	22	21	23	21	22	22	22	22	22	22	23	520352.46875	534488.5	521802.5	550368	536843.125	540855.9375	567680.4375	492298.65625	464758.28125	443694.09375	412635.75	457295.53125	446030.65625	470038.875	498732	520445.25	503723.8125	527176.125	504926.46875	510284.03125	508174.84375	506041.3125	464597.46875	464048.8125	487122.3125	476873.53125	492931.09375	458173.65625	479686.90625	478057.8125	474363.59375
P62834	RAP1A	Ras-related protein Rap-1A	P62834	RAP1A_HUMAN	3	3	3	3	3	3	3	3	3	3	3	3	3	3	3	3	3	3	3	3	3	3	3	3	3	3	3	3	3	3	3	27996.60546875	31846.21875	30142.859375	29095.560546875	22615.16796875	28900.0625	26437.34765625	27346.421875	27833.564453125	30275.04296875	33895.34765625	25289.7734375	28452.89453125	31251.609375	28688.31640625	30733.455078125	31681.72265625	30541.650390625	31371.541015625	30457.130859375	29077.41015625	24421.310546875	25434.654296875	28089.064453125	24351.1875	26246.515625	24756.685546875	26723.302734375	28426.82421875	28136.896484375	27242.53515625
P62877	RBX1	E3 ubiquitin-protein ligase RBX1	P62877	RBX1_HUMAN	1	1	1	1	1	1	1	1	1	1	1	1	1	1	1	1	1	1	1	1	1	1	1	1	1	1	1	1	1	1	1	63921.5078125	62826.453125	59354.91796875	56631.625	52995.7890625	56511.82421875	54924.8125	46102.890625	47427.296875	43656.8046875	46631.09375	43743.26171875	47317.078125	49150.78515625	46952	50702.9453125	50653.25	47165.140625	47381.37890625	44561.078125	52792.6875	46676.2890625	60143.88671875	44040.7421875	42017.17578125	51477.13671875	54867.1640625	42284.51953125	50915.2265625	44088.9140625	45995.203125
P62937	PPIA	Peptidyl-prolyl cis-trans isomerase A	P62937	PPIA_HUMAN	20	21	22	22	22	21	22	22	22	22	22	21	22	22	20	21	22	21	22	21	21	22	22	22	21	22	21	21	22	22	22	1020143.8125	1081851	1048823.125	1000252.375	1049284.125	1047480.875	991960	912008.8125	900632.3125	944845.125	930287.875	899299	920899.9375	934151.5	969290	1017064.3125	961945.5625	964656.8125	992472.9375	940864.0625	961146.1875	902488.4375	1018737.125	929065.9375	933618.5	923708.5	962628.4375	915986.875	961897.5	967648.375	954031.875
P62942	FKBP1A	Peptidyl-prolyl cis-trans isomerase FKBP1A	P62942	FKB1A_HUMAN	6	6	6	6	6	6	6	6	6	6	6	6	6	6	6	6	6	6	6	6	6	6	6	6	6	6	6	6	6	6	6	178488.109375	197050.359375	186066.96875	180462.203125	159262.171875	180041.96875	169471.234375	153468.578125	167509.3125	144361.546875	162200.84375	135357.015625	140118.734375	160230.421875	163739.734375	183917.65625	167809.515625	174798.796875	182465.265625	163652.4375	162470.140625	136670.15625	169098.4375	120999.96875	122066.015625	105097.015625	141017.203125	118030.4375	152171.78125	150575.46875	152352
P63000	RAC1	Ras-related C3 botulinum toxin substrate 1	P63000	RAC1_HUMAN	14	14	14	14	14	14	14	14	13	13	14	14	14	14	14	14	14	14	14	14	13	14	14	14	14	14	14	14	14	14	14	99030.3046875	106401.546875	98326.171875	100932.75	95229.578125	107454.625	99046.3828125	86372.3671875	86573.640625	85650.359375	87597.4609375	85867.0859375	90071.7578125	84662.6484375	87650.0546875	97733.953125	95028.1015625	97720.5078125	94608.28125	90986.2734375	89937.4453125	96424.203125	97702.6328125	90051.6015625	90979.8984375	88022.609375	88054.15625	88500.5234375	89718.453125	90544.671875	89001.453125
P63010	AP2B1	AP-2 complex subunit beta	P63010	AP2B1_HUMAN	17	18	18	17	17	16	16	16	18	17	18	17	17	16	15	14	17	17	16	15	16	17	16	18	17	16	18	18	16	18	17	42952.98046875	43204.546875	43494.87890625	43604.9296875	43824.4921875	44072.125	42616.91015625	31187.95703125	33516.99609375	33359.06640625	32438.2890625	32671.517578125	32456.9609375	32690.509765625	26905.595703125	29997.763671875	26883.978515625	28382.77734375	29038.724609375	26850.55859375	28211.109375	36764.15234375	30483.408203125	37298.84765625	35410.15234375	34626.7734375	37709.64453125	33171.70703125	35417.03515625	32767.7734375	34660.3828125
P63092;Q5JWF2	GNAS	Guanine nucleotide-binding protein G(s) subunit alpha isoforms short;Guanine nucleotide-binding protein G(s) subunit alpha isoforms XLas	P63092;Q5JWF2	GNAS2_HUMAN;GNAS1_HUMAN	4	4	4	4	4	4	4	4	4	4	4	4	4	4	4	4	4	4	4	4	4	4	4	4	4	4	4	4	4	4	4	18191.2890625	17863.099609375	18440.9765625	17891.865234375	18726.03515625	17323.177734375	18393.4609375	21159.095703125	20291.615234375	19576.740234375	21242.1640625	19068.1171875	20686.013671875	19836.009765625	19141.076171875	18806.529296875	18830.677734375	19029.962890625	19081.328125	19016.646484375	18953.11328125	17120.876953125	16269.939453125	16219.9248046875	16656.49609375	16923.5	16848.701171875	16380.66796875	17850.916015625	17725.55078125	18146.685546875
P63104	YWHAZ	14-3-3 protein zeta/delta	P63104	1433Z_HUMAN	12	12	12	12	12	12	12	12	12	12	12	12	12	12	12	12	12	12	12	12	12	12	11	12	12	12	12	12	12	12	12	312513	332605.1875	324715.25	329792.3125	313986.09375	310242.3125	315615.53125	282126.375	290838.5625	306936.8125	300204.3125	279464.03125	300069.5	282824.15625	290000.6875	314969.84375	318471.75	318231.75	299987.25	306591.5	312331.875	285029.6875	313591.46875	289312.09375	278440.71875	294788.1875	284642.59375	286431.78125	303347.84375	290948.8125	294810.375
P63167	DYNLL1	Dynein light chain 1, cytoplasmic	P63167	DYL1_HUMAN	3	3	3	3	3	3	3	3	3	3	3	3	3	3	3	3	3	3	3	3	3	3	3	3	3	2	3	3	3	3	3	13164.9248046875	13105.3125	12165.0751953125	15544.4755859375	12759.12109375	13567.2021484375	14892.38671875	15819.81640625	14304.041015625	12246.740234375	12501.1015625	14504.294921875	12302.328125	14999.8408203125	13996.205078125	13160.6435546875	13893.185546875	12261.44140625	14183.1826171875	14931.0283203125	13416.515625	11670.1318359375	12373.294921875	11870.6767578125	12903.443359375	13179.201171875	14994.8037109375	14001.7685546875	11183.95703125	13759.2275390625	12789.8251953125
P63208	SKP1	S-phase kinase-associated protein 1	P63208	SKP1_HUMAN	12	12	12	12	12	12	12	12	12	12	12	12	12	12	12	12	12	12	11	12	12	12	12	11	12	12	12	12	12	12	12	205479.3125	227929.03125	227598.796875	227149.390625	210161.4375	213487.375	205409.375	148167.328125	158877.734375	147310.5	141019.25	127517.84375	144374.625	138304.375	156136.15625	173304.65625	170010.59375	169365.234375	149965.328125	143855.21875	152227.71875	125976.34375	182980.265625	138592.046875	121743.8203125	108742.6640625	137231.734375	127055.6875	159748.421875	163062.703125	160610.140625
P63241	EIF5A	Eukaryotic translation initiation factor 5A-1	P63241	IF5A1_HUMAN	18	19	19	19	19	18	19	19	18	19	19	19	19	18	19	18	18	18	19	18	18	18	19	18	18	18	18	18	18	19	18	231000.015625	223348.09375	225233.8125	225774.21875	212717.6875	229845.125	223594.203125	187594.484375	185837.5625	178974.765625	177722.109375	179921.140625	181279.625	188592.796875	173316.328125	178946.3125	186354.8125	176523.265625	182188.515625	178160.171875	170334.703125	183352.890625	179332.828125	180530.265625	191987.53125	175123.921875	178332.484375	179108.734375	186857.3125	187760	185634.859375
P63279	UBE2I	SUMO-conjugating enzyme UBC9	P63279	UBC9_HUMAN	1	1	1	1	1	1	1	1	1	1	1	1	1	1	1	1	1	1	1	1	1	1	1	1	1	1	1	1	1	1	1	38080.50390625	35823.67578125	39390.05859375	41227.37109375	38287.09765625	39866.30078125	30066.380859375	33718.66015625	39026.1484375	38076.59765625	41671.703125	40868.6328125	38586.4296875	37843.01171875	40019.8828125	39038.58203125	34981.4140625	40625.6328125	31842.61328125	36937.1171875	36880.00390625	41955.1015625	38186.06640625	39401.43359375	37410.75	34672.296875	38077.1875	40866.61328125	36869.4453125	36187.3125	41872.6015625
P67775	PPP2CA	Serine/threonine-protein phosphatase 2A catalytic subunit alpha isoform	P67775	PP2AA_HUMAN	12	12	12	11	12	12	12	12	12	12	12	12	12	11	12	12	11	12	12	12	12	12	12	12	11	11	12	11	12	12	12	96407.59375	94247.328125	93075.0625	91877.171875	89751.15625	90969.0078125	90716.9609375	85986.0078125	84558.9609375	86263.984375	87333.375	79494.40625	84063.6640625	85052.0390625	89912.59375	90833.7578125	89738.21875	90677.421875	88798.7890625	89567.7421875	91167.46875	79366.65625	77387.2578125	75171.9609375	72781.2734375	77754.53125	79668.78125	77761.1328125	83571.3203125	82343.796875	84657.2421875
P67809	YBX1	Y-box-binding protein 1	P67809	YBOX1_HUMAN	1	2	2	2	1	2	2	2	2	2	2	2	1	2	2	2	2	2	1	2	2	2	2	2	2	1	2	2	1	2	2	7810.13232421875	7658.02880859375	7034.2060546875	8792.462890625	8464.015625	5554.09765625	7472.921875	9437.7138671875	8938.8671875	10111.2265625	2063.6025390625	10144.1328125	8260.2353515625	7362.22216796875	14552.4150390625	10370.953125	11666.35546875	10925.056640625	11360.5849609375	12470.46875	13883.0302734375	8033.01953125	5907.8017578125	4584.67529296875	8283.98828125	6663.96533203125	6579.38916015625	8311.2158203125	6962.390625	10365.2568359375	9576.1455078125
P67870	CSNK2B	Casein kinase II subunit beta	P67870	CSK2B_HUMAN	2	2	2	2	2	2	2	2	2	2	2	2	2	2	2	2	2	2	2	2	2	2	2	2	2	2	2	2	2	2	2	3927.457275390625	6276.3828125	5271.294921875	4773.67724609375	6703.587890625	5085.31005859375	5756.3095703125	8061.71044921875	5126.498046875	3751.36474609375	7564.00927734375	6276.77197265625	5902.88427734375	8021.92333984375	6745.81591796875	6113.1201171875	6437.84375	7066.94287109375	6118.39013671875	6941.94140625	6563.6064453125	4009.98779296875	3075.8203125	3307.8251953125	3567.72705078125	5523.30615234375	4624.8994140625	3708.45947265625	4308.3232421875	5693.119140625	5452.63232421875
P67936	TPM4	Tropomyosin alpha-4 chain	P67936	TPM4_HUMAN	25	26	26	27	25	26	25	26	26	27	27	26	27	26	26	26	26	26	25	25	27	26	26	24	25	26	26	26	27	27	27	89750.0703125	90867.0546875	86781.265625	90487.59375	88649.703125	89835.125	91500.3828125	115707.3359375	119500.390625	125085.6015625	117162.5546875	115546.359375	114623.390625	113791.0625	114897.2265625	118710.3828125	115300.8125	114596.5625	110262.2265625	114787.5546875	111737.15625	106462.6796875	114481.359375	106648.765625	104193.3359375	114299.7265625	104087.453125	106578.5625	105152.578125	107313.828125	106070.765625
P68032	ACTC1	Actin, alpha cardiac muscle 1	P68032	ACTC_HUMAN	7	7	7	7	7	7	7	7	7	6	7	7	7	6	7	7	7	7	7	6	7	7	7	7	7	6	6	7	7	7	7	268903.21875	286194.5	288413.71875	277620	250872.703125	270798.84375	262624.34375	269087.78125	288326.59375	259536.109375	234593.71875	269992.09375	246495.78125	248098.34375	287937.46875	289184.78125	291920	264818.65625	265011.71875	264489.625	279918.28125	204492.171875	348801.46875	177965.984375	198019.921875	224982.28125	234434.671875	217339.328125	270295.1875	270384.1875	250983.6875
P68036	UBE2L3	Ubiquitin-conjugating enzyme E2 L3	P68036	UB2L3_HUMAN	11	11	11	11	11	11	11	11	11	11	11	11	11	11	11	11	11	11	11	11	11	11	11	11	11	11	11	11	11	11	11	141549.8125	136110.234375	153375.1875	140723.375	137048.546875	141782.421875	134805.75	123694.9921875	117807.7421875	123032.3125	128452.046875	121068.0703125	126541.7421875	122636.5390625	123735.0234375	123700.375	121378.1328125	121426.0078125	120249.734375	127566.625	129663.7265625	133398.421875	132967.109375	126052.2578125	139555.671875	134042.828125	135045.828125	129479.453125	122387.1015625	129159.640625	126390.640625
P68104;Q5VTE0	EEF1A1;EEF1A1P5	Elongation factor 1-alpha 1;Putative elongation factor 1-alpha-like 3	P68104;Q5VTE0	EF1A1_HUMAN;EF1A3_HUMAN	12	12	12	12	12	12	12	12	12	12	11	12	12	12	12	12	12	12	12	12	12	12	11	12	12	12	12	11	12	12	12	52964.51171875	52985.265625	55732.68359375	55313.66796875	55446.85546875	48638.05859375	51332.94140625	48007.97265625	49118.11328125	47311.42578125	51508.5	46647.20703125	49421.8984375	50181.8203125	60691.0078125	62396.390625	60637.66796875	60043.859375	61806.08984375	61672.68359375	62600.2265625	44432.33203125	38496.67578125	36758.578125	39633.05078125	44482.1640625	38669.32421875	40508.6015625	49112.0703125	49722.19140625	52324.09765625
P68363	TUBA1B	Tubulin alpha-1B chain	P68363	TBA1B_HUMAN	27	27	27	27	27	27	27	27	27	27	26	27	27	27	27	27	27	27	27	27	27	27	27	27	26	27	27	26	27	27	27	94322.640625	90130.5	95846.6640625	92895.3046875	93877.765625	89834.2109375	90775.8828125	103548.140625	105950.53125	108498.265625	110084.8203125	104313.296875	113034.7578125	108218.546875	117154.75	113653.1484375	118280.8671875	114877.4453125	111148.75	117307.2265625	115534.5703125	97850.859375	98905.03125	102560.4296875	103170.78125	107120.4375	97947.0625	103617.5	101978.84375	100529.4296875	101639.328125
P68366	TUBA4A	Tubulin alpha-4A chain	P68366	TBA4A_HUMAN	4	4	4	4	4	4	4	4	4	4	4	4	4	4	4	4	4	4	4	4	4	4	4	4	4	4	4	4	4	4	4	50827.95703125	50268.6015625	55641.12890625	50507.16796875	53321.6640625	47626.18359375	53582.265625	63653.734375	63539.515625	71826.4375	67115.671875	62216.6328125	68490.5546875	59993.75390625	60657.8515625	61922.3203125	57900.8515625	55654.015625	52377.7421875	56860.17578125	61636.55859375	54416.03125	54203.5	50917.75390625	54869.4140625	56883.86328125	47359.30078125	49379.65234375	53076.92578125	57358.66015625	53950.4609375
P68371	TUBB4B	Tubulin beta-4B chain	P68371	TBB4B_HUMAN	20	20	21	21	21	20	20	21	21	21	21	21	21	21	21	21	21	20	21	21	21	21	21	21	20	21	20	21	21	21	21	82530.7578125	82391.703125	79550.9921875	85096.1640625	82847.1328125	84808.7578125	84008.2109375	105178.1328125	109133.59375	104007.671875	103621.328125	102951.5859375	106198.9921875	109582.1640625	100722.359375	100368.8203125	99009.09375	98180.9765625	94447.3515625	96592.6015625	98511.2109375	81040.734375	89394.4609375	81438.8984375	83505.1171875	83460.3828125	86088.8046875	87021.8359375	86540.3671875	87889.1015625	87967.1015625
P68402	PAFAH1B2	Platelet-activating factor acetylhydrolase IB subunit alpha2	P68402	PA1B2_HUMAN	7	7	7	7	7	7	7	7	7	7	6	7	7	7	7	7	7	7	7	7	7	7	7	7	7	7	7	7	7	7	7	76709.2265625	73282.8515625	68337.390625	69720.5390625	68104.6796875	74355.1328125	71662.3359375	61196.49609375	60812.61328125	62020.08984375	60004.5546875	60737.1875	63696.3828125	66132.5390625	60433.12890625	71964.0234375	65284.171875	61308.1953125	68461.203125	71613.6953125	69787.7578125	69160.03125	65807.1796875	66919.609375	71493.7421875	68958.96875	66384.21875	69558.71875	63524.5	67966.3828125	68775.5234375
P68431;P84243;Q16695;Q71DI3	H3C1;H3-3A;H3-4;H3C15	Histone H3.1;Histone H3.3;Histone H3.1t;Histone H3.2	P68431;P84243;Q16695;Q71DI3	H31_HUMAN;H33_HUMAN;H31T_HUMAN;H32_HUMAN	4	4	4	4	4	4	4	4	4	4	4	4	4	4	4	4	4	4	4	4	4	4	4	4	4	4	4	4	4	4	4	111880.015625	106014.59375	107746.25	112542.8125	111823.234375	105321.125	113523.8515625	153684.890625	156802.578125	157301.109375	149279.515625	148262.109375	157782.421875	148410.921875	131755.75	132766.6875	141730.96875	126849.1796875	128066.8046875	135984.796875	131428.765625	119202.59375	112049.6875	115450.234375	122529.25	122280.46875	112822.9453125	115770.5078125	122612.625	128561.1640625	128087.6171875
P68871	HBB	Hemoglobin subunit beta	P68871	HBB_HUMAN	163	164	163	164	163	163	165	161	164	161	163	162	160	164	161	163	165	165	162	159	164	164	162	160	163	159	162	163	163	164	164	163759520	172814640	173549952	180457568	175417872	177565552	183802464	157252944	154560160	138091264	122881152	150505600	139167056	140095456	155382736	164721024	158631568	159302608	156358016	154938448	155327680	147816160	198602016	130179904	139810336	141454240	141913536	125453368	149905040	154543232	160933328
P69891	HBG1	Hemoglobin subunit gamma-1	P69891	HBG1_HUMAN	33	33	33	33	33	34	33	31	35	34	33	34	33	32	36	36	36	36	36	36	36	35	34	33	35	32	32	32	35	36	36	4532517	4645406.5	4571587	4582253.5	4407777.5	4723683.5	4604730	1711314.25	1750234	1629180	1790689.375	1659122.375	1741881.25	1788358.5	4237102	4208493	4267269	4151729	4225126.5	4226656	4149119.25	1992388.625	1994710.25	2052165	1922404.75	1864551.25	2010408.25	1961530.5	3027384	3025641.25	3062952
P69892	HBG2	Hemoglobin subunit gamma-2	P69892	HBG2_HUMAN	8	8	8	8	8	8	8	7	7	6	6	6	7	5	8	7	8	8	6	7	7	7	8	8	7	7	7	7	8	8	8	2192066.5	2293112.5	2311552	2151293	2044695.875	2232011.5	2165054.5	616406	600250.1875	584391.4375	603907.875	564614.5625	605093.5625	611363.125	1334903	1364502.75	1384341.875	1349594.125	1258082.75	1224075.5	1234037.625	741682.125	1147057.5	703022.6875	799594	691522.6875	753955.5	734769.9375	1167862.625	1227699	1204700.5
P69905	HBA1	Hemoglobin subunit alpha	P69905	HBA_HUMAN	262	267	263	263	265	264	265	262	265	265	265	267	264	265	264	263	266	267	267	261	264	267	267	267	266	263	266	267	269	268	268	163741696	153219648	164071216	168795584	178551168	180686736	175949360	155738496	147192240	132945640	128765640	162982320	141048944	145714144	156886448	164707872	156212112	161079536	171612816	164910112	159056736	171617200	190917520	145913408	155034384	154829888	152983296	142763376	156500144	158258000	161543776
P78318	IGBP1	Immunoglobulin-binding protein 1	P78318	IGBP1_HUMAN	9	9	9	9	8	9	9	9	9	9	8	9	9	9	9	9	9	9	9	9	9	9	9	9	9	9	9	9	9	9	9	27790.548828125	26927.125	26627.376953125	24874.046875	27493.380859375	28568.80078125	27841.044921875	26587.173828125	26142.9296875	22818.294921875	24308.27734375	28695.30859375	24855.865234375	28296.9609375	26309.626953125	26681.015625	29087.80859375	25977.5	28861.1171875	26855.60546875	27585.7890625	24315.21875	26348.19140625	23826.361328125	24630.08203125	22278.556640625	21877.462890625	22654.365234375	23868.91796875	27364.115234375	23963.17578125
P78371	CCT2	T-complex protein 1 subunit beta	P78371	TCPB_HUMAN	39	39	39	39	39	39	39	38	39	37	38	39	39	39	39	39	39	38	38	39	38	39	39	38	38	39	39	39	39	39	39	158366.53125	159467.9375	158976.390625	157169.296875	160154.390625	152237.875	155845.921875	113132.453125	116746.53125	115492.078125	117002.7265625	115517.1015625	116047.3203125	113622.859375	118118.171875	113485.765625	116275.921875	114623.546875	113421.1953125	111603.296875	115721.640625	129551.6640625	140532.125	129169.578125	133696.984375	127451.2890625	128032.5859375	132688.171875	126529.390625	127510.7421875	125768.953125
P78417	GSTO1	Glutathione S-transferase omega-1	P78417	GSTO1_HUMAN	32	33	32	32	34	32	32	32	33	32	32	31	33	32	32	32	34	34	33	33	32	34	33	30	31	32	31	32	33	33	32	665730.125	657833.375	657479.125	653976.25	654027	648590.3125	649457.125	618809.4375	631128.5	611150.8125	633858.0625	632652.9375	662221.1875	649536.1875	684113.75	676250.9375	685361.125	685137.0625	702516.4375	706684.25	685107.8125	609829.0625	601939.4375	620524.3125	625198.625	615284.1875	621612.8125	609207.375	630376.1875	626966.8125	620921
P80108	GPLD1	Phosphatidylinositol-glycan-specific phospholipase D	P80108	PHLD_HUMAN	17	18	16	19	16	19	17	19	19	19	19	19	19	18	17	19	17	19	17	17	17	18	18	19	19	19	18	18	19	19	19	46919.80078125	44539.953125	45908.69140625	47185.18359375	45465.58984375	47626.14453125	45975.9921875	73307.5703125	68595.953125	69418.2734375	67239.3828125	76472.453125	68068.5234375	71821.4453125	42590.94140625	40373.13671875	42516.62890625	42451.984375	40845.60546875	43806.01171875	40980.671875	52057.15625	49526.8125	52392.375	50540.45703125	54797.421875	50695.71875	50007.0234375	53261.91796875	50466.40625	49981.1328125
P80188	LCN2	Neutrophil gelatinase-associated lipocalin	P80188	NGAL_HUMAN	5	5	5	5	5	5	5	5	5	5	5	5	5	5	5	5	5	5	5	5	5	5	5	5	5	5	5	5	5	5	5	21744.3046875	24746.763671875	23051.58984375	23484.50390625	24594.48828125	23005.197265625	19876.32421875	29021.87890625	26097.01171875	26870.705078125	28113.001953125	24994.435546875	30410.916015625	31044.26953125	26832.443359375	28360.232421875	26385.439453125	27368.703125	24370.21484375	27339.775390625	24740.376953125	19564.884765625	15542.6259765625	20099.185546875	19270.716796875	19122.619140625	20694.494140625	17259.208984375	23892.521484375	23352.09765625	23686.310546875
P80511	S100A12	Protein S100-A12	P80511	S10AC_HUMAN	5	5	5	5	5	5	5	5	5	5	5	5	5	5	5	5	5	5	5	5	5	5	5	5	5	5	5	5	5	5	5	34335.80078125	28466.369140625	34861.25	32968.48828125	32931.56640625	33583.15625	33585.55859375	37261.30859375	33509.515625	32416.4453125	32210.52734375	34052.140625	37353.78515625	34737.7890625	35763.69140625	36956.01953125	37849.40234375	33433.22265625	34689.671875	35090.64453125	33452.2734375	27135.779296875	26877.998046875	27055.650390625	26207.486328125	28167.99609375	28608.43359375	26354.427734375	30790.37890625	31289.060546875	34647.0859375
P80723	BASP1	Brain acid soluble protein 1	P80723	BASP1_HUMAN	7	6	7	6	7	6	7	7	7	7	7	6	7	7	7	7	6	6	7	7	7	5	7	6	5	6	5	7	6	6	6	9242.5380859375	8054.5185546875	9795.81640625	9475.2841796875	7581.703125	7651.63134765625	7499.0146484375	11192.7890625	9576.6494140625	9893.01953125	11931.6884765625	10396.07421875	10633.30859375	8896.541015625	8409.0859375	9403.990234375	9095.1552734375	8608.7265625	7483.26513671875	7943.20361328125	8478.0556640625	7982.83251953125	7307.736328125	6702.45947265625	9233.333984375	7127.1357421875	7896.916015625	6978.80126953125	8383.8984375	8589.568359375	8211.1298828125
P80748	IGLV3-21	Immunoglobulin lambda variable 3-21	P80748	LV321_HUMAN	3	3	5	3	3	2	3	11	11	11	11	11	11	11	10	10	10	10	10	11	11	9	8	9	9	10	10	10	10	10	11	33611.10546875	19844.951171875	34473.92578125	40450.56640625	50495.80078125	72246.859375	50649.80859375	216546.46875	207948.671875	214899.0625	230757.6875	248551.140625	221260.140625	220242.625	326294.15625	317465.4375	299783.0625	320699.78125	320579.9375	349821.34375	307326.96875	175700.9375	164456.515625	179583.46875	171213.5625	189878.828125	164893.125	181748.078125	208706	209733.53125	193687.671875
P82279	CRB1	Protein crumbs homolog 1	P82279	CRUM1_HUMAN	1	1	1	1	1	1	1	1	1	1	1	1	1	1	1	1	1	1	1	1	1	1	1	1	1	1	1	1	1	1	1	621190.0625	600530.6875	626016.4375	643497.25	618970.5	640634.625	670021.125	444909.875	429228.125	475556.5625	435772.5625	451309.03125	419104.59375	455753.4375	545118.125	571158.25	613566.1875	533995.3125	449042.125	436783.78125	500126.6875	378973.40625	627059.8125	278332.03125	378209.40625	283064.65625	382877.96875	332149.09375	473709.09375	536724.625	496302.625
P84095	RHOG	Rho-related GTP-binding protein RhoG	P84095	RHOG_HUMAN	2	2	2	2	2	2	2	2	2	2	2	2	2	2	2	2	2	2	2	2	2	2	1	2	2	2	2	2	2	2	2	6245.37451171875	5844.0166015625	4501.3232421875	5519.16015625	6829.1484375	7052.74560546875	2342.93505859375	5526.61376953125	8747.0986328125	7563.13671875	8877.7236328125	6772.88671875	8252.9462890625	7682.59814453125	9307.408203125	8028.5771484375	5716.47412109375	8655.1640625	7806.45458984375	8295.5263671875	7311.59033203125	5923.67919921875	6305.22216796875	6611.24609375	6488.10888671875	6524.51904296875	7223.69775390625	6340.5498046875	7402.7802734375	6614.2509765625	7715.7939453125
P98160	HSPG2	Basement membrane-specific heparan sulfate proteoglycan core protein	P98160	PGBM_HUMAN	1	1	1	1	1	1	1	1	1	1	1	1	1	1	1	1	1	1	1	1	1	1	1	1	1	1	1	1	1	1	1	4699.6826171875	4580.615234375	4872.9267578125	2995.640625	2326.743408203125	3152.4736328125	4374.66455078125	3075.924072265625	3531.59765625	4037.039306640625	4290.998046875	5338.908203125	3425.041259765625	5008.68505859375	3424.398681640625	4290.462890625	4168.38427734375	4100.1572265625	4144.939453125	4085.324462890625	4572.806640625	3418.6708984375	3542.0078125	6017.1015625	3159.773681640625	4601.56494140625	5143.42822265625	4475.203125	4974.7236328125	5144.3408203125	4324.19189453125
P99999	CYCS	Cytochrome c	P99999	CYC_HUMAN	1	1	1	1	1	1	1	1	1	1	1	1	1	1	1	1	1	1	1	1	1	1	1	1	1	1	1	1	1	1	1	11959.021484375	11991.1025390625	13045.455078125	12833.37109375	11064.4443359375	11556.8310546875	12995.0361328125	15002.1845703125	17380.322265625	15149.755859375	15160.099609375	14963.90625	16845.015625	14444.8037109375	13230.94140625	13869.685546875	11772.962890625	13290.05078125	11993.0986328125	12660.8056640625	12448.103515625	13507.455078125	17434.416015625	15109.4599609375	10753.1025390625	14538.1064453125	13206.8720703125	11675.1943359375	14621.7021484375	13318.2001953125	14002.1884765625
Q00013	MPP1	55 kDa erythrocyte membrane protein	Q00013	EM55_HUMAN	27	27	27	27	27	26	27	27	27	27	27	27	27	27	26	27	27	27	25	26	26	26	27	25	25	27	27	26	27	27	27	333931.71875	339539.40625	332957.0625	336806.5625	335375.71875	324700.46875	333151.625	285951.9375	298097.40625	288395.90625	306455.1875	285529.84375	291104.5	301800.25	288011.9375	284980.9375	282366.8125	276568.875	278555.6875	282771.375	274750.5	292667.90625	290071.6875	281566.4375	289598.84375	271845.9375	286459.90625	281326.65625	292107.375	289554.71875	286452.34375
Q00169	PITPNA	Phosphatidylinositol transfer protein alpha isoform	Q00169	PIPNA_HUMAN	16	16	16	16	16	16	16	16	16	15	16	15	16	16	16	16	16	16	16	16	16	16	16	16	16	16	16	16	16	16	16	62992.4296875	63930.171875	65222.80078125	62102.41796875	62612.98828125	63942.69921875	63488.21875	46810.015625	44367.1796875	42990.53125	47888.28125	41731.046875	45592.53125	46561.75	53857.84765625	54340.77734375	55530.7578125	59231.5234375	55366.6953125	57214.39453125	56675.5625	48446.14453125	46479.20703125	49642.08984375	49605.0234375	47486.01953125	48728.33203125	47271.4453125	53014.375	50736.07421875	52787.140625
Q00325	SLC25A3	Solute carrier family 25 member 3	Q00325	S25A3_HUMAN	2	2	2	2	2	2	1	2	2	2	2	2	2	2	2	2	2	2	2	2	2	2	2	2	2	2	2	2	2	2	2	8927.857421875	7252.60791015625	9922.2666015625	11156.8837890625	7507.654296875	7907.2919921875	10011.546875	14140.076171875	12157.7568359375	10652.7841796875	10844.7412109375	12280.83984375	12076.40625	13716.84375	13522.0244140625	12500.4609375	14804.2353515625	12525.8076171875	12899.271484375	15340.1015625	12513.3818359375	13703.6181640625	11440.4375	12423.4306640625	12933.2431640625	13398.8125	11383.58984375	14639.1318359375	10865.0341796875	11128.71484375	11523.4384765625
Q00577	PURA	Transcriptional activator protein Pur-alpha	Q00577	PURA_HUMAN	6	6	6	6	6	6	6	6	6	6	6	6	6	6	6	6	6	6	6	6	6	6	6	6	6	6	6	6	6	6	6	24627.205078125	25318.166015625	26907.75	26955.3203125	24755.82421875	25314.8515625	28231.689453125	24047.55078125	23920.19921875	23532.96484375	24568.263671875	20066.140625	23781.12890625	25201.576171875	30757.240234375	28217.337890625	30204.634765625	29298.56640625	29221.98828125	27822.62890625	30016.9140625	22054.328125	18395.330078125	22527.1796875	21197.71875	21217.755859375	22130.08203125	22163.919921875	24678.0703125	24414.59375	24573.9453125
Q00610	CLTC	Clathrin heavy chain 1	Q00610	CLH1_HUMAN	51	50	50	52	50	52	52	51	52	52	50	52	53	51	44	51	46	48	49	48	44	52	50	53	53	52	53	51	52	52	52	60637.25390625	62430.26171875	61144.79296875	62874.01171875	61261.60546875	60925.33203125	62035.8125	49246.7734375	47863.43359375	51261.375	49185.734375	46330.53125	49720.8203125	49743.77734375	41318.4296875	43474.875	41103.953125	40441.6171875	41547.3046875	41580.16796875	42187.78125	67862.734375	65748.625	67093.2265625	68380.203125	67612.453125	68896.21875	65904.0390625	52757.33203125	52535.765625	52438.32421875
Q00688	FKBP3	Peptidyl-prolyl cis-trans isomerase FKBP3	Q00688	FKBP3_HUMAN	1	1	1	1	1	1	1	1	1	1	1	1	1	1	1	1	1	1	1	1	1	1	1	1	1	1	1	1	1	1	1	10393.046875	16381.3564453125	15105.8388671875	15815.669921875	18429.306640625	15812.8408203125	16613.068359375	19791.27734375	16617.111328125	19982.90234375	13699.6640625	17472.525390625	18163.388671875	17243.2578125	18669.408203125	14090.720703125	13754.708984375	16264.6318359375	17149.908203125	12237.71875	17891.671875	15100.2158203125	13274.669921875	17679.63671875	15189.5126953125	12967.1806640625	12075.8994140625	19011.080078125	15961.505859375	15904.2177734375	15875.646484375
Q00765	REEP5	Receptor expression-enhancing protein 5	Q00765	REEP5_HUMAN	2	2	2	2	2	2	2	2	2	2	2	2	2	2	2	2	2	2	2	2	2	2	2	2	2	2	2	2	2	2	2	3848.814208984375	3584.183349609375	2835.614501953125	1389.831787109375	4106.4208984375	2894.794921875	3040.697509765625	2626.20947265625	3825.19189453125	4063.51025390625	5480.13232421875	3242.041015625	2977.13916015625	1913.6510009765625	2122.123291015625	3752.561767578125	3875.218994140625	4590.9130859375	2654.177734375	4766.2802734375	3225.73291015625	2749.947998046875	3367.013671875	3433.797119140625	3382.5263671875	3243.05517578125	4835.38037109375	5185.01318359375	2587.719970703125	2737.310791015625	1938.8470458984375
Q00796	SORD	Sorbitol dehydrogenase	Q00796	DHSO_HUMAN	7	7	7	7	7	7	7	7	7	7	7	7	7	7	7	7	7	7	7	7	7	7	7	7	7	7	7	7	7	7	7	41822.5078125	43334.984375	44289.56640625	44283.578125	45159.9140625	41615.7421875	42593.04296875	43976.81640625	41434.77734375	39686.76953125	41581.41796875	41271.1171875	41590.3125	43677.6484375	36103.0234375	37873.8359375	40060.1796875	38556.53515625	37036.41015625	38718.64453125	36960.1796875	52184.25390625	44230.1640625	46018.6796875	45870.34765625	47981.6953125	47342.34375	44144.54296875	39851	40380.3046875	41523.3359375
Q01432	AMPD3	AMP deaminase 3	Q01432	AMPD3_HUMAN	8	8	8	8	8	8	8	8	8	8	8	8	8	8	8	8	8	8	8	8	8	8	8	7	7	8	8	8	8	8	8	39271.0625	37855.6875	39213.078125	38120.13671875	36866.82421875	36676.84765625	38710.2109375	29139.697265625	28032.693359375	29484.634765625	30132.865234375	28395.533203125	29513.365234375	29519.79296875	28224.27734375	28898.890625	27166.98046875	28032.544921875	27059.453125	27552.95703125	28807.83203125	26891.455078125	27890.30078125	27144.8046875	26949.791015625	25616.126953125	29394.828125	26217.470703125	29874.66796875	28935.443359375	28094.306640625
Q01459	CTBS	Di-N-acetylchitobiase	Q01459	DIAC_HUMAN	1	0	0	1	0	0	0	1	1	1	1	1	1	1	0	0	0	0	0	0	1	0	0	0	0	0	0	0	1	1	1	3637.673828125	NaN	NaN	3280.5029296875	NaN	NaN	NaN	7812.93359375	9902.7626953125	8095.076171875	8049.75732421875	7286.7080078125	5637.63623046875	7898.2919921875	NaN	NaN	NaN	NaN	NaN	NaN	1346.8812255859375	NaN	NaN	NaN	NaN	NaN	NaN	NaN	3097.83251953125	6435.62158203125	3249.431884765625
Q01469	FABP5	Fatty acid-binding protein 5	Q01469	FABP5_HUMAN	7	7	7	7	7	7	7	6	7	7	7	7	7	7	7	7	7	7	6	6	7	7	7	6	7	6	7	7	7	7	7	44324.15234375	46661.34765625	45476.640625	42200.02734375	40259.953125	42790.41796875	38488.19921875	33418.9375	35532.08203125	38712.140625	39230.80078125	28635.490234375	35778.890625	36664.11328125	38665.08984375	40607.1015625	40079.14453125	37871.37109375	39944.87109375	39641.21875	38373.03125	41444.12109375	43236.3359375	42841.27734375	41750.6015625	40608.46875	40192.125	38121.55078125	38436.16015625	38243.81640625	38284.8125
Q01518	CAP1	Adenylyl cyclase-associated protein 1	Q01518	CAP1_HUMAN	19	19	19	19	19	19	19	19	19	19	19	19	19	19	19	19	19	19	19	19	19	19	18	19	19	19	19	19	19	19	19	115027.578125	123859.25	123613.1015625	120437.015625	116162.265625	126079.9609375	117667.0078125	128482.203125	129448.3828125	129351.5859375	125580.78125	119189.953125	118848.2109375	126253.84375	134211.59375	131449.203125	129820.71875	136918.59375	130088.5	133774.921875	135572.40625	119104.0390625	127583.46875	119367.5	120342.2421875	111827.7890625	118724.828125	122161.7421875	118646.6015625	123105.5390625	122799.3671875
Q02094	RHAG	Ammonium transporter Rh type A	Q02094	RHAG_HUMAN	3	3	3	2	2	3	3	3	3	3	3	3	3	2	2	3	3	2	3	3	3	2	3	2	3	3	2	2	2	3	3	61818.16796875	61237.7265625	62082.15234375	65804.8515625	67149.5078125	72551.515625	75817.5859375	87266.8125	64795.3984375	76569.1953125	57306.0703125	70408.8046875	66003.3046875	68810.9296875	62106.8046875	70187.1796875	55824.8046875	68795.5234375	56338.83984375	64680.515625	56501.96484375	52687.7734375	62778.6953125	62189.765625	69780.1640625	46470.40234375	61306.7578125	48144.46875	63174.90234375	63216.94921875	60697.0546875
Q02750	MAP2K1	Dual specificity mitogen-activated protein kinase kinase 1	Q02750	MP2K1_HUMAN	4	4	4	4	4	4	4	4	4	4	4	4	4	4	4	4	4	4	4	4	4	4	4	4	4	4	4	4	4	4	4	99738.1171875	102840.375	95679.90625	100404.4375	89749.8046875	96807.734375	95323.8359375	82777.921875	88411.8984375	93318.75	87591.8203125	76708.625	88846.1171875	85923.453125	91011.75	93456.8984375	94244.125	98517.09375	91112.7890625	86590.40625	83899.734375	90184.53125	74274.6171875	86045.8515625	92234.34375	80127.9140625	84031.734375	84020.6015625	80804.6171875	89840.1953125	86820.8359375
Q02790	FKBP4	Peptidyl-prolyl cis-trans isomerase FKBP4	Q02790	FKBP4_HUMAN	9	10	9	10	10	9	9	9	8	9	9	9	9	10	9	10	9	9	9	10	10	9	7	8	8	9	10	9	9	10	9	22737.0703125	21703.953125	23897.37109375	21769.75	22737.904296875	21739.634765625	22145.646484375	18798.814453125	19713.12109375	19649.646484375	21043.79296875	18475.69921875	20249.12890625	18602.794921875	23381.453125	21409.412109375	22973.85546875	21249.5078125	22934.28125	22216.216796875	24469.12890625	18131.5625	15244.8798828125	17827.779296875	19639.552734375	18102.66015625	17365.265625	16648.1953125	18946.677734375	19314.927734375	19507.10546875
Q03591	CFHR1	Complement factor H-related protein 1	Q03591	FHR1_HUMAN	15	16	16	16	16	16	16	16	16	16	16	16	16	16	15	15	15	16	16	15	15	14	16	15	15	16	16	16	16	16	16	262226.3125	275796.9375	255279.5	252933.609375	238624.296875	238859.046875	258716.875	381536.875	387126.15625	405881.25	402158.375	400240.90625	391473.25	400577.90625	271140.78125	259563.734375	281833.8125	255252.046875	269107.9375	271689.96875	278209.5	319114.5625	308189.84375	341541.78125	320659.96875	340048.5625	334194.09375	333076.46875	310059.125	316706.15625	301130.09375
Q04323	UBXN1	UBX domain-containing protein 1	Q04323	UBXN1_HUMAN	3	3	3	3	3	3	3	3	3	3	3	3	3	3	3	3	3	3	3	3	3	3	3	3	3	3	3	3	3	3	3	16599.310546875	17934.1328125	14938.6220703125	16152.748046875	18683.517578125	16949.197265625	16450.3125	16038.013671875	15963.2841796875	15352.03515625	15400.3779296875	14769.6728515625	16148.5908203125	16021.7763671875	16331.9404296875	17105.361328125	16762.4765625	16416.802734375	15647.0625	15678.3134765625	15774.2734375	15708.3896484375	15364.4853515625	14502.568359375	16150.546875	15300.2275390625	15972.482421875	14919.046875	14112.29296875	15119.4453125	17604.599609375
Q04446	GBE1	1,4-alpha-glucan-branching enzyme	Q04446	GLGB_HUMAN	8	8	8	8	8	8	8	8	8	8	8	8	6	8	8	8	8	8	8	8	8	8	8	8	8	8	8	8	8	8	8	17207.978515625	17415.341796875	15384.5791015625	14090.2041015625	15183.8466796875	15022.3603515625	13879.0732421875	12028.1240234375	10903.6171875	11522.41015625	9745.16796875	11732.6591796875	11465.8935546875	11384.1357421875	16721.568359375	16957.02734375	16972.333984375	15052.6484375	16415.716796875	16770.259765625	13291.0546875	11855.0595703125	13013.3154296875	11166.6181640625	9928.54296875	11960.849609375	13291.6796875	11050.86328125	14536.9375	11708.455078125	12681.802734375
Q04756	HGFAC	Hepatocyte growth factor activator	Q04756	HGFA_HUMAN	8	8	8	8	8	8	9	8	8	8	8	8	8	8	8	8	8	8	8	8	8	8	8	9	9	9	9	9	9	8	9	29084.326171875	29198.37890625	31631.482421875	30186.447265625	30103.33984375	28736.634765625	30635.310546875	29641.171875	26954.705078125	32234.97265625	31467.556640625	30535.78515625	30175.09765625	28962.939453125	33690.30859375	31661.224609375	31784.814453125	29687.15625	32610.998046875	36222.22265625	33244.2734375	34963.6328125	40085.25	35207.52734375	37033.8671875	39553.34765625	38988.38671875	38902.27734375	32256.650390625	27934.705078125	34694.73828125
Q04760	GLO1	Lactoylglutathione lyase	Q04760	LGUL_HUMAN	20	21	21	21	21	21	21	21	20	20	20	20	20	21	21	21	21	21	20	21	21	21	21	20	20	20	21	20	21	21	21	241958.328125	244614.140625	236340.21875	239428.34375	230485.5625	232305.484375	235293.046875	209118.9375	207701.0625	199602.390625	195777.453125	201250.25	200153.078125	208447.234375	230462.765625	226920.25	236159.1875	231156.75	224679.515625	224747	228497.484375	239790.765625	239540.5625	243688.078125	238778.15625	230502.453125	240727.734375	238750.21875	227455.5	221893.734375	227562.375
Q04917	YWHAH	14-3-3 protein eta	Q04917	1433F_HUMAN	15	15	15	15	14	14	14	14	15	15	15	15	15	15	15	15	15	15	15	15	15	15	14	15	15	15	14	15	15	15	15	270688.9375	233542.0625	267351.375	257245.03125	232557.171875	240195.4375	258641.578125	299591.78125	317355.375	305557.5	309554.78125	294109.625	305136.3125	312925.625	376203.34375	381682.03125	382535.90625	377184.59375	386014.5625	390968.28125	396953.71875	253512.484375	238795.59375	276509.75	273559.34375	271404.28125	257812.234375	273519	296285.9375	302725.78125	306136.125
Q05315	CLC	Galectin-10	Q05315	LEG10_HUMAN	2	2	2	2	2	2	2	1	1	2	2	2	2	2	2	2	2	2	2	2	2	2	1	2	2	2	2	2	2	2	2	14538.3984375	15565.27734375	11244.51953125	10435.71484375	14496.5361328125	9489.201171875	12819.6396484375	10846.6396484375	10015.318359375	11650.8984375	11155.8564453125	10780.0419921875	10556.78515625	10716	29223.181640625	26309.822265625	25375.6328125	25851.10546875	28509.345703125	23275.39453125	30697.666015625	16128.2724609375	9662.6962890625	16555.02734375	8957.53515625	13559.0693359375	14726.1875	13343.515625	17814.830078125	12382.6728515625	14950.9990234375
Q05397	PTK2	Focal adhesion kinase 1	Q05397	FAK1_HUMAN	1	1	1	1	1	1	1	1	1	1	1	1	1	1	1	1	1	1	1	1	1	1	1	1	1	1	1	1	1	1	1	94750.9140625	91956.5859375	88776.6875	92871.890625	93718.953125	95805.34375	93562.8671875	85867.8046875	88934.9453125	93036.0625	96973.2265625	97628.2109375	93623.5859375	88117.1953125	135566.609375	130207.8046875	131989.46875	126737.8125	138870.71875	139670.953125	134517.59375	135233.8125	123452.3515625	149807.3125	138527.09375	148090.78125	134319.078125	142855.234375	112019.359375	115988.4765625	116521.65625
Q05682	CALD1	Caldesmon	Q05682	CALD1_HUMAN	5	5	5	6	4	4	5	6	6	6	6	5	6	6	6	6	6	6	6	6	6	6	6	6	6	6	6	5	6	6	6	5832.63330078125	5743.5390625	5637.1123046875	5978.7177734375	4976.52001953125	6671.931640625	5777.34521484375	13669.9794921875	10951.2275390625	12006.0869140625	12594.87890625	8437.443359375	9807.1376953125	9126.193359375	11426.634765625	11743.4228515625	11548.357421875	12678.408203125	12307.5888671875	11336.64453125	10677.5751953125	8414.7119140625	8875.2451171875	9571.0390625	8364.0283203125	7320.59326171875	7452.8759765625	9189.2158203125	8232.6806640625	10518.365234375	7400.93310546875
Q06033	ITIH3	Inter-alpha-trypsin inhibitor heavy chain H3	Q06033	ITIH3_HUMAN	20	20	20	21	20	20	20	21	21	21	21	21	21	21	20	21	20	21	21	21	21	21	21	20	21	21	21	21	20	20	20	44415.34765625	45303.3671875	46026.37890625	45354.765625	47586.125	50247.0546875	45982.66796875	99369.578125	101339.6640625	108201.96875	104137.4296875	111065.9375	102906.046875	101637.859375	74456.6875	74951.0390625	74948.5	78245.953125	77085.9609375	76861.421875	76380.375	100887.3046875	97238.4140625	107402.484375	100714.9375	109063.8515625	103727.3125	106073.828125	85989.7734375	83782.2421875	81653.890625
Q06124	PTPN11	Tyrosine-protein phosphatase non-receptor type 11	Q06124	PTN11_HUMAN	11	10	10	10	11	10	11	11	11	11	11	10	11	11	11	11	11	11	10	11	10	11	11	10	11	11	11	11	11	11	11	32723.69140625	33337.79296875	35273.66015625	32824.359375	33457.57421875	33130.9609375	34096.1875	28999.474609375	29552.73828125	28669.92578125	28479.240234375	28829.416015625	28625.14453125	29856.1484375	33255.69140625	31657.9921875	33458.20703125	32615.212890625	33230.59765625	31265.580078125	33907.32421875	28780.91796875	27135.6328125	29621.64453125	28191.3203125	27649.48046875	29553.822265625	29249.5390625	29405.64453125	28896.55859375	29918.61328125
Q06323	PSME1	Proteasome activator complex subunit 1	Q06323	PSME1_HUMAN	25	25	25	25	25	25	25	25	25	25	25	24	25	24	25	25	25	25	25	25	25	24	25	24	25	25	24	25	25	25	25	131374.046875	127342.7578125	133903.875	130553.390625	127775.0234375	128282.734375	131886.921875	123841.8671875	122565.7890625	130953.015625	128796.2890625	117840.6796875	125916.4921875	125486.0546875	121023.6796875	126883.46875	122972.875	121678.2578125	119228.53125	118765.078125	122708.9375	116563.65625	122144.2109375	117275.359375	123267.96875	118721.3515625	120654.7578125	115441.1171875	118379.578125	125228.203125	119597.6640625
Q06830	PRDX1	Peroxiredoxin-1	Q06830	PRDX1_HUMAN	22	22	23	22	23	21	22	21	22	22	22	21	22	22	22	22	21	21	22	21	22	21	23	22	22	22	22	22	22	23	21	593785.375	601668.25	606548.4375	590636.625	590538.75	593195	588556.5	469231.75	464279	457601.625	456124.875	454431.4375	460542.90625	467855.90625	494797.0625	493134.84375	503268.75	493299.84375	498044.46875	490632.3125	491070.90625	538697.8125	600912.5	535076.4375	540904.625	523083	545927.75	525514.0625	509783.75	516791.09375	515476.625
Q07960	ARHGAP1	Rho GTPase-activating protein 1	Q07960	RHG01_HUMAN	9	9	9	9	9	9	9	9	8	9	8	8	8	9	9	8	9	9	9	9	9	8	9	9	8	8	9	9	8	9	9	50298.59765625	50139.80078125	48975.6171875	49255.7265625	48112.37890625	47852.39453125	49814.1640625	44832.3046875	45615.84765625	44657.8046875	43085.6875	46206.94921875	45216.51171875	44227.01953125	45497.92578125	45351.109375	44670.8125	45604.76171875	44804.3203125	46790.41015625	46688.76953125	42775.6875	39317.0625	41200.6484375	42765.484375	43790.31640625	41938.3984375	42708.65234375	42515.4453125	41210.9140625	44192.57421875
Q08116	RGS1	Regulator of G-protein signaling 1	Q08116	RGS1_HUMAN	1	1	0	1	1	1	1	1	0	1	1	1	0	1	1	1	1	1	1	0	1	1	1	0	1	1	1	1	1	1	1	42175.5	145434.6875	NaN	100302.4921875	200810.765625	178136.15625	214626.390625	134144.21875	NaN	986654.75	133868.453125	142817.1875	NaN	163656.84375	165317.4375	89477.3984375	194261.4375	49856.2578125	123807.8046875	NaN	313158.1875	70672.9765625	154894.546875	NaN	364065.09375	181769.34375	162749.265625	181779.09375	82657.703125	123270.1953125	113075.5078125
Q08211	DHX9	ATP-dependent RNA helicase A	Q08211	DHX9_HUMAN	1	1	1	1	1	1	1	1	1	1	1	1	1	1	1	1	1	1	1	1	1	1	1	1	1	1	1	1	1	1	1	3975.3505859375	5928.7646484375	4057.647705078125	5613.74951171875	4130.732421875	5307.673828125	6190.572265625	3531.10205078125	3360.967529296875	4749.5693359375	4637.14892578125	2865.295166015625	3780.762939453125	4410.48974609375	3271.299072265625	3244.75634765625	4031.6689453125	3890.936279296875	3881.8994140625	4144.35009765625	2970.553466796875	2777.44921875	3690.10009765625	4661.5390625	3185.1552734375	4185.55126953125	3290.3046875	3822.72021484375	4969.58935546875	5117.728515625	5137.9169921875
Q08380	LGALS3BP	Galectin-3-binding protein	Q08380	LG3BP_HUMAN	19	20	21	20	19	21	19	21	22	22	21	22	22	22	20	18	20	20	19	19	20	21	20	20	18	20	20	20	21	20	21	71931.5078125	67704.875	69679.5859375	66670.5078125	70749.1640625	70116.3125	72019.953125	170247.28125	170541.328125	174652.515625	173361.140625	182922.96875	167953.828125	167348.328125	76919.6015625	77328.671875	73698.7421875	75605.984375	76220.953125	75350.5625	81937.2734375	74427.75	81381.484375	77322.328125	77214.1640625	75173.6015625	75411.328125	83247.046875	96115.734375	99065.375	101814.375
Q08495	DMTN	Dematin	Q08495	DEMA_HUMAN	31	31	31	31	30	30	30	30	31	31	31	31	31	31	31	30	31	31	30	31	31	30	31	29	29	29	31	31	31	31	30	484251.375	479631.3125	468088.0625	477340.90625	482447.65625	488423.15625	473960.125	415153.40625	412910.5	394292.9375	409928.6875	413734.53125	412315.375	411057	439269.21875	427082.8125	431421.6875	423912	445862.65625	435973.8125	445211.1875	421446.3125	419617.65625	417756.0625	423608.96875	404746.5	408441.09375	410655.46875	424028.0625	427021.4375	427143.25
Q08722	CD47	Leukocyte surface antigen CD47	Q08722	CD47_HUMAN	2	2	2	2	2	2	2	2	2	2	2	2	2	2	2	2	2	2	2	2	2	2	2	2	2	2	2	2	2	2	2	144464.84375	140733.4375	140806.21875	136984.296875	149794.46875	158501.984375	153080.953125	142915.359375	134973.015625	135122.59375	138640.1875	138383.234375	141381.8125	150570.046875	119459.265625	142470.8125	131652.625	132381.609375	140670.65625	136528.65625	130513.9296875	149015.203125	124847.75	135647.09375	124677.1953125	137548.890625	140866.71875	119571.328125	126864.75	136046.1875	127092.640625
Q08AM6	VAC14	Protein VAC14 homolog	Q08AM6	VAC14_HUMAN	1	1	1	1	1	1	1	1	1	1	1	1	1	1	1	1	1	1	1	1	1	1	1	1	1	1	1	1	1	1	1	32270.95703125	27290.515625	35431.94140625	29495.197265625	30869.857421875	28531.673828125	29663.302734375	27891.669921875	28382.447265625	31980.5859375	25766.845703125	18248.21875	30467.3359375	20179.619140625	20732.6953125	25550.060546875	11084.7294921875	34527.95703125	22016.7890625	25050.931640625	32795.734375	25484.79296875	15972.34765625	30077.830078125	27587.998046875	21866.615234375	25250.306640625	21559.103515625	24718.212890625	29423.6015625	19674.412109375
Q09666	AHNAK	Neuroblast differentiation-associated protein AHNAK	Q09666	AHNK_HUMAN	2	2	2	2	2	2	2	2	2	2	2	2	2	2	2	2	2	2	2	2	2	2	2	2	2	2	2	2	2	2	2	11089.1650390625	10779.48828125	12228.337890625	7104.32275390625	10209.3798828125	5547.5693359375	10802.4521484375	10265.2646484375	12923.9609375	11114.5302734375	9392.1923828125	7026.53857421875	9706.6875	7954.08642578125	10878.791015625	5473.92431640625	11497.6357421875	11074.005859375	13081.3037109375	11923.7236328125	11388.421875	13295.33984375	14687.9501953125	10696.1650390625	13921.638671875	12896.9423828125	6334.50244140625	8488.4453125	13190.0732421875	12727.435546875	13129.1884765625
Q0D2K0	NIPAL4	Magnesium transporter NIPA4	Q0D2K0	NIPA4_HUMAN	1	1	1	1	1	1	1	0	1	0	1	1	0	1	0	1	1	1	1	1	1	1	1	1	1	1	1	1	1	1	0	3849.135498046875	3175.266357421875	1102.0396728515625	1433.980712890625	1916.237548828125	3450.44482421875	2056.607177734375	NaN	1230.716796875	NaN	1008.7449340820312	1739.062255859375	NaN	3129.2041015625	NaN	3720.013916015625	2574.54248046875	4423.24755859375	3623.17041015625	3437.841064453125	2388.43017578125	861.1729125976562	5669.02392578125	1758.3060302734375	4918.556640625	2493.77197265625	2239.208251953125	1399.537841796875	5634.677734375	3091.234619140625	NaN
Q0ZGT2	NEXN	Nexilin	Q0ZGT2	NEXN_HUMAN	2	2	2	2	2	2	2	2	2	2	2	2	2	2	2	2	2	2	2	2	2	2	2	2	2	2	2	2	2	2	2	2557.10302734375	3401.232421875	2048.310302734375	3598.06787109375	2027.4722900390625	4154.98291015625	3770.3447265625	5950.14794921875	5745.31103515625	5968.4541015625	7558.4287109375	6263.20849609375	5126.24462890625	6578.6162109375	5704.9892578125	6797.013671875	5979.65478515625	7758.31005859375	6216.6357421875	6948.4765625	4477.48828125	5040.62353515625	3247.537353515625	5471.333984375	4423.94921875	5977.97802734375	4379.7373046875	5687.69384765625	4444.6611328125	4658.54052734375	3071.314453125
Q10567	AP1B1	AP-1 complex subunit beta-1	Q10567	AP1B1_HUMAN	4	4	4	4	4	4	4	4	4	4	4	4	4	4	4	4	4	4	4	4	4	4	4	4	4	4	4	4	4	4	4	19305.0078125	21275.09765625	20532.9765625	19176.70703125	17609.392578125	19990.630859375	19717.423828125	20064.458984375	18562.833984375	18934.93359375	18552.669921875	14554.9140625	20404.650390625	18468.40625	17245.443359375	15536.5244140625	16791.669921875	15531.58203125	16268.2080078125	16968.0234375	15607.572265625	16092.6201171875	16222.4228515625	15267.68359375	15332.837890625	13307.0537109375	14832.9501953125	13036.4931640625	17211.947265625	16467.765625	16055.458984375
Q12765	SCRN1	Secernin-1	Q12765	SCRN1_HUMAN	1	1	1	1	1	1	1	1	1	1	1	1	1	1	1	1	1	1	1	1	1	1	1	1	1	1	1	1	1	1	1	13559.1953125	16068.994140625	14999.3330078125	14177.6123046875	14210.8037109375	13000.2451171875	13930.486328125	12760.4453125	13823.4765625	13857.6708984375	14674.0771484375	12658.5810546875	14235.3662109375	10486.2099609375	15438.8681640625	14086.126953125	15751.21484375	15746.8603515625	14749.203125	15754.23046875	15231.08203125	14109.5380859375	15951.9091796875	13578.8427734375	12416.537109375	13089.9130859375	11949.689453125	15686.8427734375	12191.4296875	14686.58984375	13524.8251953125
Q12805	EFEMP1	EGF-containing fibulin-like extracellular matrix protein 1	Q12805	FBLN3_HUMAN	4	4	4	4	4	4	4	4	4	4	4	4	4	4	4	4	4	4	4	4	4	4	4	4	4	4	4	4	4	4	4	7172.53271484375	8229.5146484375	7430.76416015625	6803.71826171875	6350.34716796875	7887.3779296875	8696.5673828125	13456.32421875	13883.3447265625	13514.064453125	13975.673828125	13763.560546875	12313.033203125	15574.5537109375	6866.1767578125	8072.98095703125	8272.736328125	8738.0546875	7907.66455078125	6519.45654296875	7747.69921875	11711.4326171875	11738.564453125	11951.18359375	12484.603515625	12521.7919921875	12779.8720703125	12533.353515625	10047	10277.0654296875	9659.3505859375
Q12907	LMAN2	Vesicular integral-membrane protein VIP36	Q12907	LMAN2_HUMAN	1	1	1	1	1	1	1	1	1	1	1	1	1	1	1	1	1	1	1	1	1	1	1	1	1	1	1	1	1	1	1	14867.1474609375	13160.802734375	17173.71875	17064.501953125	17033.255859375	20818.021484375	13704.837890625	18054.947265625	19337.578125	21513.767578125	16663.814453125	19324.486328125	20439.42578125	17632.1796875	18089.21484375	19858.072265625	17325.580078125	14702.17578125	15052.9736328125	13746.9052734375	16066.0166015625	15519.5927734375	15457.4140625	14110.3115234375	19297.671875	15579.8759765625	17692.529296875	15110.63671875	15606.84375	17267.490234375	21585.828125
Q12931	TRAP1	Heat shock protein 75 kDa, mitochondrial	Q12931	TRAP1_HUMAN	1	1	1	1	1	1	1	1	1	1	1	1	1	1	1	1	1	1	1	1	1	1	1	1	1	1	1	1	1	1	1	357016.375	358914.75	356179.1875	343576.65625	340900.875	347689.03125	352711.09375	382585.625	384648.5625	367894.96875	385597.15625	363719.21875	376113.34375	380964.4375	525423.875	520286.53125	514770.875	543704.125	533921.0625	537100.25	529649.6875	303815.625	318162.4375	291224	309183.15625	296658.5625	313047.5	317324.84375	386444.84375	396339.1875	374682.8125
Q13057	COASY	Bifunctional coenzyme A synthase	Q13057	COASY_HUMAN	7	7	7	7	7	7	7	7	7	7	7	6	7	7	7	7	7	7	7	7	7	7	7	7	7	6	7	7	7	7	7	38773.296875	35831.90625	39610.171875	37462.76953125	36393.921875	40791.0078125	38803.87890625	32425.533203125	30348.189453125	29409.5078125	30533.572265625	33873.3046875	31175.693359375	33908.6796875	34589.71484375	35313.0859375	39304.48828125	34860.55078125	39123.1484375	37360.0703125	34562.80078125	36882.640625	35572.578125	32564.72265625	31978.029296875	33316.3046875	36297.85546875	33760.5546875	36259.82421875	36356.1640625	32972.75390625
Q13098	GPS1	COP9 signalosome complex subunit 1	Q13098	CSN1_HUMAN	12	12	12	12	12	12	12	12	12	12	12	12	12	12	12	12	12	12	12	12	12	12	12	11	11	11	12	12	12	12	12	54083.8203125	53851.06640625	51794.765625	55227.015625	50546.26171875	50401.0703125	55444.83203125	47584.5546875	49202.53125	44278.37890625	45754.87890625	44299.10546875	47918.46875	45563.93359375	45791.8984375	47487.80078125	45514.98046875	46067.53125	42709.45703125	47581.44921875	44467.9921875	41051.69921875	47184.55859375	42900.33984375	44928.0078125	42036.91796875	44690.5	44939.59765625	45878.359375	47703.4296875	48802.265625
Q13103	SPP2	Secreted phosphoprotein 24	Q13103	SPP24_HUMAN	1	1	1	1	1	1	1	1	1	1	1	1	1	1	1	1	1	1	0	1	1	1	1	1	1	1	1	1	1	1	1	6546.2841796875	6371.62109375	7967.5615234375	6555.09228515625	6568.52978515625	7084.93115234375	7404.509765625	3335.310546875	3593.406494140625	4117.09521484375	3316.53271484375	3208.5732421875	3263.7265625	4932.19580078125	3015.752685546875	3087.265380859375	2706.212158203125	3472.796630859375	NaN	1425.4920654296875	2371.03564453125	4244.4658203125	3857.310546875	4874.22412109375	3875.737548828125	5013.55126953125	5168.4951171875	4363.63037109375	3493.939208984375	5447.65625	5579.94580078125
Q13126	MTAP	S-methyl-5'-thioadenosine phosphorylase	Q13126	MTAP_HUMAN	13	13	13	13	13	13	13	13	13	13	13	13	13	13	13	13	13	13	13	13	13	13	13	13	13	13	13	13	13	13	13	53331.0625	54897.43359375	51762.875	53526.42578125	53854.6640625	52236.171875	56582.5859375	46252.52734375	43537.24609375	46336.37890625	46289.14453125	45759.25390625	44575.1796875	49358.03515625	48491.203125	42783.09765625	46019.91796875	44704.51171875	43217.8203125	44714.72265625	44736.046875	43109.13671875	43869.1796875	43521.31640625	47984.28125	44451.140625	46349.2265625	43809.09765625	47037.171875	46053.52734375	45617.3984375
Q13162	PRDX4	Peroxiredoxin-4	Q13162	PRDX4_HUMAN	2	2	2	2	2	2	2	1	2	2	2	1	2	2	2	2	2	2	2	2	2	2	2	2	2	1	2	2	2	2	2	17756.828125	21034.55078125	21757.150390625	22213.9921875	16540.521484375	20905.98046875	22952.115234375	12029.9052734375	13502.2197265625	14238.2919921875	14311.6064453125	13452.1416015625	10874.755859375	11160.77734375	19562.873046875	15736.3837890625	17136.40625	15702.216796875	14594.634765625	13274.744140625	17123.572265625	10754.9716796875	14829.3359375	16146.7421875	16613.361328125	11012.822265625	11406.0859375	11407.5322265625	19626.763671875	12610.7109375	14690.5517578125
Q13177	PAK2	Serine/threonine-protein kinase PAK 2	Q13177	PAK2_HUMAN	7	7	7	7	7	7	6	7	7	7	7	7	7	7	6	7	7	7	7	7	7	7	7	7	7	7	7	7	7	6	7	15978.5634765625	17280.388671875	18441.40234375	16383.2568359375	15484.3486328125	15204.375	17615.34375	13730.2724609375	17631.4609375	14931.5302734375	14040.8564453125	13922.767578125	18308.744140625	15165.0947265625	16724.595703125	17883.66015625	16245.1181640625	14579.3837890625	17535.7734375	15402.931640625	15241.52734375	14556.5927734375	19576.81640625	14139.6796875	16309.9052734375	13706.2568359375	13771.7216796875	14921.4052734375	14957.494140625	15065.369140625	17264.150390625
Q13185	CBX3	Chromobox protein homolog 3	Q13185	CBX3_HUMAN	1	1	1	1	1	1	1	1	1	1	1	0	1	1	1	1	1	1	1	1	1	0	1	1	1	1	1	1	1	1	1	11194.0400390625	10364.3330078125	13639.7275390625	9558.3984375	11271.455078125	13514.5302734375	10020.1103515625	14483.7607421875	13128.861328125	13403.0849609375	12625.26953125	NaN	11636.0751953125	9662.1474609375	12800.130859375	12272.513671875	12471.314453125	10925.9033203125	14748.734375	13475.9736328125	12810.2763671875	NaN	12760.5595703125	10312.3486328125	10014.0703125	9385.2783203125	11197.5341796875	9555.5703125	11683.244140625	11900.498046875	13738.58203125
Q13200	PSMD2	26S proteasome non-ATPase regulatory subunit 2	Q13200	PSMD2_HUMAN	44	43	44	44	44	44	44	44	43	43	43	43	44	44	43	44	44	44	44	44	43	42	43	42	42	43	44	43	44	44	44	55182.50390625	56290.01953125	54692.50390625	54390.90625	55442.10546875	55207.28125	55692.91015625	45890.66796875	47947.48046875	46502.60546875	46194.3515625	43914.56640625	44237.4140625	44456.87890625	49892.46875	49588.19921875	49961.3125	47247.07421875	49534.484375	48053.6640625	50436.53125	45125.37109375	44504.15234375	44301.28515625	46377.8984375	44111.40234375	44457.55859375	43682.6328125	46733.7734375	46110.97265625	46316.1171875
Q13201	MMRN1	Multimerin-1	Q13201	MMRN1_HUMAN	16	16	16	16	16	16	15	16	16	16	16	16	16	16	16	16	16	16	16	16	15	16	16	16	16	16	16	16	16	16	16	21178.70703125	22744.8984375	23769.822265625	23407.341796875	21521.150390625	21029.626953125	23275.52734375	29284.69140625	29730.724609375	33268.02734375	30671.01171875	30553.3046875	28952.5078125	30807.728515625	28318.84765625	30127.537109375	29702.6015625	29399.482421875	28436.59375	29671.189453125	30866.9921875	29963.28515625	32731.951171875	32172.40625	30688.515625	33878.8984375	30234.396484375	32788.71484375	28344.787109375	27692.6953125	28047.3125
Q13228	SELENBP1	Methanethiol oxidase	Q13228	SBP1_HUMAN	60	61	60	61	61	61	60	60	60	59	60	60	60	59	61	61	61	60	60	58	60	60	58	59	59	59	61	58	59	61	61	852085.875	817033.9375	789359.5	777282.6875	828985.3125	801749.6875	804874.5	632251.125	637740.1875	595095.25	654919.1875	652726.0625	635161.1875	673700.1875	959324.5	901709.8125	941286.25	906723.625	978196.75	938418.0625	971506.875	783344.875	752386.5	830512.5625	808813.375	790129.8125	796158.875	831183.5625	791891.5	785924.3125	772390.375
Q13336	SLC14A1	Urea transporter 1	Q13336	UT1_HUMAN	6	6	6	6	6	6	6	6	6	6	6	6	6	6	5	6	5	5	5	5	6	6	6	6	6	6	6	6	6	6	6	39579.86328125	35996.33203125	34788.4765625	37402.37890625	36496.3359375	32730.994140625	36282.984375	49468.0859375	44475.3046875	48202.78125	53934.0390625	46701.21875	49830.09375	45939.1015625	30117.802734375	26176.03125	27730.04296875	29794.29296875	25719.12109375	28322.8125	25962.966796875	49610.44921875	51890.5625	44082.26171875	46874.96875	47079.015625	48845.64453125	47535.32421875	35768.03125	39864.93359375	34128.01171875
Q13404	UBE2V1	Ubiquitin-conjugating enzyme E2 variant 1	Q13404	UB2V1_HUMAN	9	9	9	9	9	9	9	9	9	9	9	9	9	9	9	9	9	9	9	9	9	9	9	9	9	9	9	9	9	9	9	357701.15625	362211.40625	359607.28125	349718	353808.71875	349202.96875	361345.84375	309053.0625	297717.375	297219.84375	293039.28125	292919.8125	299348.75	309919.875	320596.28125	315693.125	329011.71875	322313	327721.78125	323898.75	323416.375	307034.28125	280291.75	311027.5625	306256.78125	298981.28125	301377.0625	294044.5	312629.4375	320952.125	315200
Q13409	DYNC1I2	Cytoplasmic dynein 1 intermediate chain 2	Q13409	DC1I2_HUMAN	1	1	1	1	1	1	1	1	1	1	1	1	1	1	1	1	1	1	1	1	1	1	1	0	1	1	1	1	1	1	1	3290.27587890625	953.968994140625	2772.812744140625	2335.622314453125	3727.729248046875	3013.1943359375	2279.72509765625	3890.438720703125	3407.99169921875	2626.746337890625	3611.50634765625	2832.42626953125	2772.837890625	1689.6966552734375	2776.236328125	4463.07275390625	2573.422607421875	2250.546630859375	2499.465087890625	2324.61279296875	3768.564208984375	3133.83837890625	3537.294921875	NaN	2652.7353515625	2823.978515625	2096.13232421875	3017.45703125	2019.04248046875	2968.5205078125	2890.591796875
Q13418	ILK	Integrin-linked protein kinase	Q13418	ILK_HUMAN	14	14	14	13	12	14	14	14	14	14	14	14	14	14	14	14	14	14	13	14	14	14	14	14	14	14	14	14	14	14	13	27707.275390625	30488.49609375	29878.6015625	30475.875	27544.900390625	27828.5546875	28667.697265625	35610.5546875	39682.01953125	41284.37890625	41577.63671875	39462.9765625	39583.1953125	42726.625	40743.35546875	41721.5859375	39174.26953125	43967.80078125	42663.83984375	41969.92578125	41105.734375	37129.75	36237.89453125	39291.875	36002.74609375	37494.88671875	35005.58203125	39833.39453125	37460.6796875	35178.55078125	34745.1328125
Q13526	PIN1	Peptidyl-prolyl cis-trans isomerase NIMA-interacting 1	Q13526	PIN1_HUMAN	5	5	5	5	5	5	5	5	5	5	5	5	5	5	5	5	5	5	5	5	5	5	5	5	5	5	5	5	5	5	5	24607.2109375	25142.52734375	24483.18359375	23279.1171875	23883.390625	23140.64453125	24358.765625	20402.857421875	21559.712890625	19902.265625	21028.453125	19109.7109375	20574.400390625	18918.01953125	23175.591796875	22873.716796875	23806.466796875	22441.609375	21776.337890625	19098.705078125	20562.978515625	19227.2265625	20986.916015625	22637.611328125	21623.28125	22034.353515625	21316.814453125	22570.19140625	21615.951171875	22339.8671875	21083.15625
Q13541	EIF4EBP1	Eukaryotic translation initiation factor 4E-binding protein 1	Q13541	4EBP1_HUMAN	1	1	1	1	1	1	1	1	1	1	1	1	1	1	1	1	1	1	1	1	1	1	1	1	1	1	1	1	1	1	1	65189.57421875	69260.3671875	74296.8125	59274.17578125	60320.19140625	55551.25	69495.109375	55833.64453125	43920.79296875	52250.86328125	69902.8671875	63568.48828125	57417.83984375	52515.7578125	60976.55859375	56670.3203125	58339.2421875	65188.19921875	59065.5546875	58718.703125	56164.33984375	53797.8046875	50370.3359375	62593.28125	49994.8828125	54960.2890625	55041.66015625	56904.9765625	56307.75	51077.671875	59968.375
Q13561	DCTN2	Dynactin subunit 2	Q13561	DCTN2_HUMAN	15	15	15	15	15	15	15	15	15	15	15	15	14	15	15	15	15	15	15	15	15	15	15	15	15	15	15	15	15	15	15	44240.32421875	46763.69140625	51198.25	48105.6796875	48657.4453125	47761.04296875	46505.2890625	34649.859375	36896.6328125	36824.79296875	35336.125	32157.2734375	34733.375	36634.09375	47487.0546875	45472.26953125	47977.62890625	45776.1015625	45378.44140625	44103.8984375	45476.72265625	34661.5234375	36712.27734375	36429.00390625	38608.03515625	32689.787109375	33767.77734375	32895.5546875	40957.703125	40146.03125	43099.31640625
Q13564	NAE1	NEDD8-activating enzyme E1 regulatory subunit	Q13564	ULA1_HUMAN	8	8	8	8	8	8	8	8	8	8	7	8	8	8	8	8	8	8	8	8	8	8	8	8	8	8	8	8	8	8	8	28074.6015625	29545.23828125	29004.6953125	29563.34765625	27530.751953125	29425.9453125	29045.1796875	24235.150390625	24367.0859375	26291.25	25770.64453125	25334.728515625	24733.662109375	25404.91015625	26876.126953125	25962.3671875	25618.7734375	27922.0234375	27531.267578125	26544.23046875	27265.703125	27691.15625	28022.37109375	24862.72265625	27505.669921875	26317.296875	26115.40625	27220.228515625	24211.083984375	27061.271484375	25557.6171875
Q13576	IQGAP2	Ras GTPase-activating-like protein IQGAP2	Q13576	IQGA2_HUMAN	2	2	2	2	2	2	2	2	2	2	2	2	2	2	2	2	2	2	2	2	2	1	2	2	2	2	2	2	2	2	2	2357.178955078125	7785.419921875	8566.1318359375	6262.62353515625	5405.248046875	8380.4375	6315.005859375	6308.8056640625	5998.41796875	3271.878173828125	5562.609375	231.3403778076172	5675.18798828125	9623.384765625	7515.7373046875	7294.1162109375	4975.81787109375	5921.2119140625	4021.091064453125	4792.208984375	2593.0126953125	5986.818359375	413.4074401855469	3829.233154296875	6151.3505859375	4013.060546875	5038.8369140625	5200.26611328125	3244.268310546875	4843.89111328125	6008.92724609375
Q13616	CUL1	Cullin-1	Q13616	CUL1_HUMAN	14	14	14	14	14	14	14	14	14	14	14	14	14	14	14	14	14	13	14	14	14	14	13	14	14	14	14	14	14	14	14	27522.28125	27197.81640625	27705.693359375	27658.400390625	27558.10546875	28671.328125	28691.40625	23109.400390625	23437.63671875	23804.41015625	24401.705078125	23717.74609375	21844.767578125	23171.57421875	25456.2421875	26772.05078125	24902.3359375	25876.048828125	25441.37890625	25163.162109375	25485.46875	25310.8203125	25263.65625	23310.181640625	25160.333984375	24085.7578125	26018.96484375	23717.232421875	24792.865234375	25215.86328125	24702.349609375
Q13617	CUL2	Cullin-2	Q13617	CUL2_HUMAN	10	10	10	10	9	9	10	9	10	9	9	9	10	10	9	10	9	10	10	9	9	10	8	10	10	10	10	10	10	9	10	25664.904296875	26282.97265625	27138.01953125	27302.51171875	26461.921875	27889.544921875	26722.845703125	23883.40234375	23881.884765625	22662.615234375	23375.759765625	22639.501953125	23002.71484375	24323.912109375	25600.84765625	27219.166015625	24556.708984375	26493.939453125	25626.875	27552.447265625	26271.787109375	24976.25390625	20013.78125	22714.810546875	25398.763671875	23561.7578125	26394.310546875	21416.212890625	23993.892578125	24482.67578125	22780.4453125
Q13618	CUL3	Cullin-3	Q13618	CUL3_HUMAN	20	20	21	21	21	21	21	21	20	21	20	20	19	20	21	20	21	21	20	20	21	21	20	20	20	20	20	20	20	20	21	35326.8125	36512.3203125	36153.00390625	37959.88671875	36002.47265625	36118.95703125	35184.28515625	28947.365234375	30032.357421875	27190.046875	30342.421875	25837.701171875	29124.046875	28232.732421875	30461.69140625	32310.3203125	30409.005859375	31059.69921875	31301.90234375	31394.623046875	30611.705078125	32339.044921875	23886.5625	30223.423828125	28000.390625	29876.4921875	32646.033203125	29128.92578125	29704.92578125	28579.65625	28356.283203125
Q13619	CUL4A	Cullin-4A	Q13619	CUL4A_HUMAN	10	9	10	10	8	9	9	9	10	8	9	9	9	9	8	8	8	9	10	9	9	8	9	9	9	8	8	8	10	10	9	34384.51171875	34443.68359375	37763.5546875	35193.7265625	37626.91015625	35037.19140625	37289.2109375	33192.33984375	29471.626953125	30451.796875	30658.01953125	32009.115234375	33202.19140625	32963.82421875	28019.66796875	32214.951171875	26298.0078125	33666.80078125	29236.98046875	30860.22265625	31824.734375	32311.056640625	33576.46484375	27328.83984375	30643.8515625	25914.658203125	33453.0625	28950.001953125	28304.970703125	33720.15234375	34159.06640625
Q13630	GFUS	GDP-L-fucose synthase	Q13630	FCL_HUMAN	18	18	18	18	18	18	18	18	18	17	18	18	18	18	18	18	18	18	18	18	18	18	18	18	18	17	18	18	18	18	18	206763.203125	206611.1875	200778.078125	203505.28125	196989.609375	195457.640625	202889.71875	193792.125	185627.875	179890.234375	194462.625	175962.3125	186316.53125	192204.625	174209.15625	175608.21875	176158.015625	178259.578125	174921.390625	176330.234375	175161.5625	185489.90625	152232.828125	180668.859375	185103.234375	183364.03125	185638.171875	177733.859375	177778.984375	179511.46875	179620.859375
Q13642	FHL1	Four and a half LIM domains protein 1	Q13642	FHL1_HUMAN	1	1	1	1	0	0	0	1	1	1	1	1	1	1	1	1	1	1	1	1	1	1	0	1	1	1	1	1	1	1	1	3609.542724609375	6059.474609375	3859.663330078125	3291.16357421875	NaN	NaN	NaN	6539.02734375	5300.732421875	9923.162109375	10232.2041015625	7154.244140625	8989.734375	8956.1845703125	5824.7373046875	6054.0380859375	6744.72802734375	5035.9609375	6687.923828125	6178.8994140625	4670.82861328125	4405.29443359375	NaN	7136.03662109375	5264.49853515625	6197.8740234375	7052.9140625	6458.9248046875	5809.61328125	4999.1533203125	4603.06201171875
Q13790	APOF	Apolipoprotein F	Q13790	APOF_HUMAN	2	2	2	2	2	2	2	2	2	2	2	2	2	2	2	2	2	2	2	2	2	2	2	2	2	2	2	2	2	2	2	26218.205078125	27831.859375	27869.0234375	28276.970703125	29261.171875	29009.87109375	27696.501953125	27332.994140625	30371.591796875	26814.765625	33015.2265625	28481.240234375	33479.16796875	27048.54296875	38027.5546875	42053.76953125	38851.6953125	39234.55078125	40335.33203125	38627.0390625	38579.23046875	51156.78125	42677.35546875	53005.97265625	44510.4609375	46865.72265625	47207.85546875	47253.0859375	35882.78125	36086.6640625	35628.7734375
Q13867	BLMH	Bleomycin hydrolase	Q13867	BLMH_HUMAN	15	15	15	15	15	15	15	15	15	15	15	15	15	15	15	15	15	15	15	15	15	14	15	15	15	15	15	14	15	15	15	70500.125	74690.3359375	67316.484375	68633.5859375	67289.4140625	69714.25	65665.9140625	52731.59765625	56308.90234375	54277.15625	60207.796875	53250.4375	53601.609375	59993.69921875	72752.7265625	70210.4140625	71229.921875	73061.4609375	71287.6171875	75170.3671875	72862.9921875	62352.4140625	58744.6640625	65007.50390625	60757.84375	55995.06640625	62094.0390625	61190.21875	63699.38671875	59547.046875	60833.91796875
Q14019	COTL1	Coactosin-like protein	Q14019	COTL1_HUMAN	5	5	5	5	5	5	5	5	5	5	5	5	5	5	5	5	5	5	5	5	5	5	4	5	5	5	5	5	5	5	5	12204.51171875	12530.81640625	13435.3037109375	12002.9677734375	12326.27734375	13389.4873046875	11772.3525390625	17202.6640625	18970.29296875	18356.134765625	18094.57421875	16735.0546875	17947.447265625	16760.732421875	18241.390625	17291.8828125	17157.2265625	17562.357421875	18037.322265625	19352.259765625	19467.982421875	13857.3203125	15973.451171875	14068.037109375	14567.3828125	15747.7509765625	14706.9990234375	16835.806640625	15533.400390625	16109.1083984375	15017.1943359375
Q14103	HNRNPD	Heterogeneous nuclear ribonucleoprotein D0	Q14103	HNRPD_HUMAN	2	2	2	2	2	2	2	2	2	2	2	2	2	2	2	2	2	2	2	2	2	2	2	2	2	2	2	2	2	2	2	19236.611328125	20959.0078125	20332.23828125	21100.388671875	20521.70703125	20955.5625	18539.853515625	17738.658203125	15338.3896484375	15619.92578125	16507.15234375	20021.990234375	15443.4287109375	19545.287109375	17394.26171875	16243.09375	18753.123046875	15739.7353515625	16936.1796875	17783.8671875	15670.0869140625	15765.3525390625	19341.84765625	15032.6728515625	17373.826171875	14167.9169921875	16415.921875	14508.1904296875	18189.55078125	16680.736328125	18962.263671875
Q14116	IL18	Interleukin-18	Q14116	IL18_HUMAN	1	1	1	1	1	1	1	1	1	1	1	1	1	1	1	1	1	1	1	1	1	1	1	1	1	1	1	1	1	1	1	6247.06640625	7046.99072265625	7218.08642578125	8083.96484375	5884.00244140625	6116.23583984375	6686.93798828125	3892.943359375	4427.93212890625	5549.9404296875	5723.283203125	3781.92333984375	4470.111328125	5577.45947265625	7238.2490234375	5676.83935546875	7047.171875	5783.4755859375	6675.39501953125	7802.91455078125	7325.943359375	7806.51025390625	5881.955078125	6564.67431640625	8382.2744140625	8062.01708984375	7660.1591796875	6452.92724609375	7597.08203125	6372.900390625	4440.66552734375
Q14141	SEPTIN6	Septin-6	Q14141	SEPT6_HUMAN	0	0	0	0	0	0	0	1	1	1	1	1	1	1	1	1	1	1	1	1	1	1	1	1	1	1	1	1	1	1	1	NaN	NaN	NaN	NaN	NaN	NaN	NaN	2118.663330078125	3006.55322265625	3411.17919921875	3772.3212890625	2172.766845703125	2609.725830078125	2237.72802734375	1711.38623046875	3053.323486328125	1825.9327392578125	2787.131591796875	1823.8115234375	2217.380126953125	3004.456298828125	2641.306396484375	2430.509033203125	2577.447509765625	2209.73291015625	2524.251708984375	2934.458984375	2254.102294921875	3089.479248046875	2226.26806640625	2045.5430908203125
Q14166	TTLL12	Tubulin--tyrosine ligase-like protein 12	Q14166	TTL12_HUMAN	9	9	9	9	9	9	9	9	9	9	9	9	9	9	9	9	9	9	9	9	9	8	9	8	7	8	8	8	9	9	9	53633.8984375	51568.734375	56938.6640625	57393.57421875	50667.09375	57045.3125	49092.078125	32662.60546875	32248.2734375	29410.30859375	33409.203125	32198.009765625	32680.001953125	32300.09375	44288.10546875	38950.49609375	42627.66796875	45202.37109375	40965.89453125	42406.7890625	39557.53515625	23815.6328125	25453.34375	28997.05859375	27736.123046875	25694.5234375	25793.1484375	23470.630859375	36935.0703125	38567.1953125	37355.3125
Q14203	DCTN1	Dynactin subunit 1	Q14203	DCTN1_HUMAN	18	18	17	18	17	17	18	15	17	15	18	14	15	17	18	16	18	18	18	18	18	16	16	18	17	17	17	17	17	16	17	23857.787109375	22119.40625	21173.90234375	22113.814453125	21537.69140625	20593.03515625	21779.607421875	15789.212890625	15416.3935546875	15147.8212890625	15726.6103515625	14298.22265625	15928.48828125	16276.2109375	20566.5078125	20624.2734375	21403.376953125	20181.42578125	20480.630859375	20922.767578125	20358.732421875	16479.794921875	16022.2841796875	15389.34765625	17080.001953125	14360.9140625	15494.1513671875	16035.0419921875	16829.58203125	16792.630859375	19310.814453125
Q14240	EIF4A2	Eukaryotic initiation factor 4A-II	Q14240	IF4A2_HUMAN	2	2	2	2	2	2	2	2	2	2	2	2	2	2	2	2	2	2	2	2	2	2	1	2	2	2	2	2	2	2	2	10757.990234375	12725.2080078125	14343.8046875	12204.287109375	17600.841796875	14511.5341796875	10915.830078125	10587.720703125	9141.357421875	7109.57470703125	8570.345703125	11490.7431640625	9765.3271484375	9572.7626953125	11720.37890625	13057.919921875	10137.521484375	12109.494140625	12392.9150390625	13001.53515625	14031.8203125	12677.98828125	6818.03369140625	7480.9296875	8870.9794921875	10499.541015625	9875.14453125	11152.9755859375	10787.392578125	10723.7275390625	10776.2724609375
Q14247	CTTN	Src substrate cortactin	Q14247	SRC8_HUMAN	9	9	10	11	11	11	11	11	11	11	11	9	11	10	11	10	11	11	11	11	11	11	9	10	11	10	10	11	11	11	10	21576.22265625	21483.212890625	20552.3046875	21622.62109375	21773.2890625	27063.3046875	20295.060546875	25745.58203125	22293.07421875	25018.5859375	27008.83203125	22786.771484375	23747.845703125	23780.728515625	29850.4140625	29715.251953125	31029.068359375	28187.328125	28022.19140625	27095.728515625	27933.390625	23622.07421875	21369.8125	21992.19921875	25979.55859375	23714.3984375	24346.6484375	24119.341796875	26240.6015625	23378.619140625	24832.1484375
Q14254	FLOT2	Flotillin-2	Q14254	FLOT2_HUMAN	28	28	28	28	28	28	28	28	28	28	28	28	27	28	28	28	28	28	28	28	28	28	26	28	28	27	27	27	28	28	28	77228.6875	77977.1640625	75463.5546875	78153.890625	75221.671875	71691.296875	76643.3125	73498.40625	74786.4609375	74046.0234375	77104.0078125	70459.15625	74505.046875	72838.1015625	68612.609375	71595.8203125	70843.171875	72041.5	69845.2421875	69660.8046875	71653.5390625	65979.203125	63751.07421875	67415.9921875	65413.38671875	63272.41015625	66775.6328125	64377.10546875	71677.046875	70245.8125	70409.1171875
Q14376	GALE	UDP-glucose 4-epimerase	Q14376	GALE_HUMAN	2	2	2	2	2	2	2	2	2	2	2	2	2	2	2	2	2	2	2	2	2	2	2	2	2	2	2	2	2	2	2	47850.11328125	46923.8828125	40409.3359375	47426.9140625	46158.73046875	52514.78515625	52390.90625	51873.4453125	50171.3203125	46098.53125	45344.17578125	43996.75	47214.07421875	44857.5078125	47447.01171875	43353.03515625	52484.203125	50732.01953125	49892.375	51202.97265625	41727.28515625	50479.15625	60977.01953125	49491.71484375	58279.23046875	55180.2265625	55480.984375	58284.37109375	52224.1328125	46930.49609375	46382.10546875
Q14520	HABP2	Hyaluronan-binding protein 2	Q14520	HABP2_HUMAN	16	15	17	17	14	14	16	17	17	17	17	17	17	17	17	17	16	16	16	16	15	17	16	15	17	16	16	17	17	17	16	29834.357421875	29600.671875	28742.3828125	28557.759765625	27885.044921875	26057.369140625	29556.47265625	52899.73046875	53986.18359375	55883.26953125	56837.16796875	53419.6640625	51996.9453125	58049.46484375	36444.05859375	34353.51171875	35306.1328125	29314.978515625	32019.400390625	36294.01171875	29733.685546875	34573.30859375	33690.19921875	37676.41796875	36771.31640625	37875.6796875	39137.30859375	37011.84375	41175.45703125	38405.85546875	39884.1875
Q14558	PRPSAP1	Phosphoribosyl pyrophosphate synthase-associated protein 1	Q14558	KPRA_HUMAN	7	7	7	7	7	7	7	7	7	6	7	7	6	7	7	7	7	7	7	7	7	7	7	7	7	7	7	7	7	7	7	41433.609375	41345.6484375	41630.5546875	40179.47265625	43622.1953125	39605.92578125	41793.625	30786.00390625	31777.728515625	32070.033203125	32816.0078125	33467.0546875	31363.361328125	33165.47265625	35601.296875	35464.2734375	31084.533203125	33762.9609375	34955.59375	35606.45703125	36138.3515625	34196.765625	30903.703125	33313.53515625	32275.150390625	32549.74609375	34781.1875	30889.48828125	32399.697265625	33580.4609375	36530.33203125
Q14624	ITIH4	Inter-alpha-trypsin inhibitor heavy chain H4	Q14624	ITIH4_HUMAN	70	70	71	74	74	73	71	79	79	79	78	80	78	75	72	71	73	73	69	70	73	77	79	73	75	75	73	74	78	77	78	624359.375	608907.625	613551.8125	600441.375	628020.25	622937.375	618564.375	1041467.3125	1066697.625	1058459.125	1017883.3125	1138398	1050765.625	1063523.25	721498.625	684698.8125	710473.5	698200.8125	706063.125	717317.0625	716636.5	912372.6875	862561.8125	943817	919326.4375	949144.6875	912495.25	958430.4375	835643.5	823200.875	838369.6875
Q14677	CLINT1	Clathrin interactor 1	Q14677	EPN4_HUMAN	3	2	3	3	3	3	3	3	3	3	3	3	3	3	3	3	3	3	3	3	3	3	3	3	3	3	3	3	3	3	3	3679.123291015625	4971.11474609375	3850.70361328125	5373.4912109375	3264.583984375	4499.3974609375	4257.87353515625	4006.91064453125	5395.4296875	4698.47021484375	4537.6201171875	4532.92578125	3933.577880859375	5507.68505859375	4829.943359375	3987.6748046875	6617.3115234375	5522.95654296875	4908.255859375	5558.9716796875	5915.97021484375	6066.02490234375	4558.76708984375	4990.7685546875	4921.814453125	5077.8662109375	4989.44677734375	5009.06982421875	4526.2021484375	4618.095703125	4658.50341796875
Q14697	GANAB	Neutral alpha-glucosidase AB	Q14697	GANAB_HUMAN	3	4	4	4	3	3	2	4	4	4	4	4	4	4	3	4	3	4	4	4	3	4	4	4	3	4	4	4	4	4	4	5618.67236328125	4859.625	5025.5068359375	4258.5419921875	5180.17138671875	6406.623046875	5755.4130859375	10357.837890625	8056.05224609375	9840.8974609375	12073.3779296875	12961.8837890625	9768.900390625	10537.1484375	8751.9873046875	8315.5380859375	8785.10546875	7084.18310546875	5778.7958984375	10841.087890625	10091.0048828125	8548.736328125	7783.12158203125	8997.0927734375	8311.5908203125	12061.4169921875	6969.09326171875	8823.802734375	8641.84375	7932.01220703125	9050.9365234375
Q14766	LTBP1	Latent-transforming growth factor beta-binding protein 1	Q14766	LTBP1_HUMAN	5	6	6	5	6	6	6	5	7	6	7	7	6	7	7	7	6	7	6	7	6	7	7	6	7	7	7	7	6	7	6	5740.41650390625	5263.9375	6411.8115234375	6059.62255859375	5450.9453125	5638.72998046875	5144.03125	6572.80126953125	7806.5791015625	8717.546875	7805.76220703125	8027.6552734375	8389.6865234375	9110.494140625	8115.33251953125	8321.638671875	8150.27587890625	7430.2802734375	9033.705078125	8230.974609375	8999.9404296875	8259.19140625	8163.06640625	9614.560546875	9012.720703125	10177.228515625	8200.1318359375	9825.798828125	7205.119140625	7276.5537109375	7442.375
Q14773	ICAM4	Intercellular adhesion molecule 4	Q14773	ICAM4_HUMAN	2	2	2	2	2	2	2	2	1	1	2	2	2	1	2	2	2	2	2	2	2	2	2	2	2	2	2	2	2	2	2	14684.037109375	18674.396484375	17081.78515625	17695.4921875	20642.53515625	17597.80078125	15469.947265625	2797.69287109375	4689.4560546875	5901.30908203125	6377.61083984375	5926.60400390625	3835.07470703125	2946.279541015625	20167.8671875	18157.896484375	18608.923828125	18297.3515625	17655.39453125	22173.638671875	21413.984375	22902.220703125	14852.08203125	21322.388671875	17653.775390625	21596.064453125	16148.9677734375	19929.521484375	15362.5400390625	14725.7724609375	14358.62890625
Q14847	LASP1	LIM and SH3 domain protein 1	Q14847	LASP1_HUMAN	14	16	16	16	16	16	15	16	16	16	16	16	16	16	16	15	15	16	15	16	16	16	15	15	15	14	16	16	16	16	16	96503.25	100404.15625	99751.796875	95882.2421875	93236.0546875	94555.359375	94092.203125	100475.765625	91348.6875	91694.9453125	97595.3828125	86388.8984375	88806.3984375	96325.3203125	87729.8203125	90977.53125	85630	88357.828125	91208.9140625	89128.15625	88215.9296875	81739.0859375	80236.3046875	82420.609375	80696.1796875	79656.5	85317.609375	80313.7890625	90105.328125	87250.2421875	86847.0859375
Q14974	KPNB1	Importin subunit beta-1	Q14974	IMB1_HUMAN	22	22	22	22	22	22	21	22	22	22	22	22	22	22	22	21	22	22	22	22	21	22	22	22	22	22	22	22	22	22	22	78259.8515625	77083.4609375	75140.3984375	76099.578125	79472.9140625	78130.4453125	74182.078125	81908.171875	81011.15625	82583.296875	84512.6796875	79426.109375	83159.6875	84200.2421875	87488.453125	92225.3125	88462.90625	91542.234375	92323.421875	94659.9453125	89760.359375	73798.046875	66966.8125	76875.8359375	76630.7890625	71489.6796875	72666.046875	73662.0625	78857.46875	80949.2421875	78833.9453125
Q14C86	GAPVD1	GTPase-activating protein and VPS9 domain-containing protein 1	Q14C86	GAPD1_HUMAN	18	18	18	18	18	18	18	18	18	18	18	18	18	18	18	18	18	18	18	17	18	16	18	18	18	18	18	18	18	18	18	48812.48046875	50300.51953125	48302.07421875	47964.65234375	46229.10546875	47884.140625	48097.4609375	45527.38671875	40781.27734375	39606.09765625	42772.546875	39282.77734375	41346.421875	43385.5390625	40954.9140625	42157.19921875	43680.90625	41666.16015625	42116.03515625	42217.859375	40604.890625	40793.50390625	43201.83203125	40611.13671875	41329.70703125	39206.98046875	39719.2109375	41753.1796875	42499.23828125	43447.703125	41038.3046875
Q15008	PSMD6	26S proteasome non-ATPase regulatory subunit 6	Q15008	PSMD6_HUMAN	16	15	16	16	14	16	16	15	16	16	16	15	16	16	16	15	15	15	15	16	15	16	16	16	16	16	16	16	16	16	15	36783.43359375	40357.7734375	39193.9765625	39049.90234375	39157.5859375	38920.625	42323.99609375	33004.890625	32343.84765625	36219.2421875	34045.54296875	30775.146484375	33389.0625	34260.6484375	34064.3828125	35439.84375	33575.01171875	36540.09765625	35958.68359375	36184.29296875	34962.125	33669.08984375	29545.111328125	32939.80078125	34481.37890625	32996.1796875	34292.9140625	32285.0078125	33712.65625	33801.125	34099.796875
Q15018	ABRAXAS2	BRISC complex subunit Abraxas 2	Q15018	ABRX2_HUMAN	2	2	2	2	2	2	2	2	2	2	2	2	2	2	2	2	2	2	2	1	2	2	2	2	2	2	2	2	2	2	2	9905.7275390625	13714.5146484375	9655.259765625	13812.9443359375	15840.806640625	12900.1552734375	12853.447265625	10315.0986328125	9409.8818359375	11646.0478515625	10802.1533203125	8279.376953125	13832.8193359375	13887.517578125	9258.4287109375	11095.2958984375	13462.82421875	11032.2548828125	11450.501953125	11420.578125	8312.123046875	12147.23828125	12529.7421875	12683.4365234375	12817.8330078125	12768.4306640625	11735.0234375	12733.15234375	11747.740234375	13230.78125	12288.931640625
Q15084	PDIA6	Protein disulfide-isomerase A6	Q15084	PDIA6_HUMAN	4	5	4	4	4	4	4	4	5	5	5	5	5	5	4	5	5	5	4	4	4	4	4	5	4	5	5	5	5	5	4	15286.3271484375	13055.240234375	14605.615234375	15170.2412109375	17223.09765625	14143.7099609375	14633.244140625	17399.85546875	17560.060546875	20899.310546875	21268.490234375	16637.478515625	18067.177734375	16053.0361328125	21985.76171875	17365.599609375	17053.4296875	19199.380859375	17986.76953125	18913.32421875	16510.208984375	19059.12890625	15646.3466796875	21351.16796875	20392.6328125	15400.85546875	20072.7265625	15624.8701171875	17030.345703125	16079.1884765625	15500.609375
Q15102	PAFAH1B3	Platelet-activating factor acetylhydrolase IB subunit alpha1	Q15102	PA1B3_HUMAN	15	15	15	15	15	15	15	15	15	15	15	15	15	15	15	15	15	15	15	15	14	15	15	15	15	15	15	15	15	15	15	132195.421875	136981.859375	124363.109375	128610.84375	130160.8046875	141099.609375	142669.25	119355.53125	113719.84375	93220.7265625	94646.4921875	113384.46875	105724.765625	113704.0703125	118867.109375	122841.734375	118976.28125	120281.4296875	121456.9765625	125043.265625	116044.5546875	114669.515625	122995.796875	114756.3359375	118764.6328125	112837.1640625	114357.0234375	113851.46875	119373.9296875	115827.765625	111757.2578125
Q15166	PON3	Serum paraoxonase/lactonase 3	Q15166	PON3_HUMAN	1	1	1	1	1	1	1	1	1	1	1	1	1	1	1	1	1	1	1	1	1	1	1	1	1	1	1	1	1	1	1	157009.015625	160220.03125	153629	155622.8125	152585.59375	186846.515625	158553.71875	196280.59375	186752.96875	198948.515625	192183.78125	201276.359375	197131.21875	192296.21875	175898.390625	176803.3125	173839	182930.34375	173504.5	185089.6875	171946.859375	196283.53125	180865.390625	197789.96875	199074.34375	212849.859375	197337.171875	209218.21875	172605.0625	180157.921875	183212.875
Q15181	PPA1	Inorganic pyrophosphatase	Q15181	IPYR_HUMAN	15	16	16	16	14	16	15	14	15	16	17	15	16	15	16	15	16	16	16	16	17	17	14	15	16	16	17	17	15	16	15	69975.484375	70604.53125	69089.09375	66435.3203125	68503.7265625	66923.6640625	66235.3828125	58052.4453125	57838.484375	61288.16015625	58699.27734375	58641.9140625	57199.40625	61059.90234375	67933.2890625	64458.5546875	63708.48828125	62763.52734375	63293.1796875	56953.37890625	63909.6171875	66432.640625	68420.1328125	66101.4921875	68711.109375	69129.6015625	66430.8671875	68492.6328125	62091.81640625	61712.390625	64302.67578125
Q15185	PTGES3	Prostaglandin E synthase 3	Q15185	TEBP_HUMAN	6	6	6	6	6	6	6	6	6	6	6	6	6	6	6	6	6	6	6	6	6	5	5	6	5	6	5	6	6	6	6	27879.376953125	25728.037109375	27099.15625	24937.826171875	25333.4453125	26347.041015625	25744.759765625	20345.193359375	21041.1640625	21159.91015625	23032.671875	21095.8046875	21398.47265625	22481.572265625	25176.798828125	23577.25	23700.275390625	22516.9921875	25430.841796875	25013.263671875	25401.05859375	19724.515625	15911.9970703125	21212.9453125	19603.337890625	18650.673828125	20338.064453125	20374.90625	21060.046875	20500.826171875	21289.48828125
Q15257	PTPA	Serine/threonine-protein phosphatase 2A activator	Q15257	PTPA_HUMAN	10	10	10	10	10	10	10	10	10	10	10	10	10	10	10	10	10	10	10	10	10	10	10	9	10	9	10	10	10	10	10	239002.515625	247539.703125	243011.09375	245458.25	231352.234375	233421.859375	234094.765625	168155.953125	161874.03125	154831.234375	172627.515625	163009.859375	167507.5625	168055.734375	218378.46875	218528.015625	224443.546875	222433.59375	225887	229444.984375	226896.4375	164027.28125	147098.09375	177757.109375	167191.953125	161350.9375	167401.8125	164078.8125	189312.296875	194942.765625	191184.546875
Q15286	RAB35	Ras-related protein Rab-35	Q15286	RAB35_HUMAN	3	3	3	3	3	3	3	3	3	3	3	3	3	3	3	3	3	3	3	3	3	3	3	3	3	3	3	3	3	3	3	13325.830078125	13780.650390625	11210.2587890625	11642.509765625	12550.0947265625	14148.8212890625	15296.4228515625	10975.3916015625	10510.3076171875	11368.515625	10578.6044921875	11555.3544921875	10961.5849609375	9766.0791015625	11101.1533203125	13649.8955078125	12448.6484375	11076.8662109375	12951.857421875	10091.5087890625	10414.6103515625	12767.2734375	13382.740234375	11493.1337890625	10220.2568359375	12207.1318359375	11552.525390625	12279.5634765625	9523.1416015625	11345.5166015625	14074.8603515625
Q15365	PCBP1	Poly(rC)-binding protein 1	Q15365	PCBP1_HUMAN	9	9	9	9	9	9	9	9	9	9	9	9	9	9	9	9	9	9	9	9	9	9	9	9	9	9	9	9	9	9	9	53600.97265625	54739.1640625	55301.8125	54492.18359375	50427.74609375	48463.6484375	52736.99609375	47858.66796875	43686.8125	44342.00390625	45247.53515625	42558.234375	45861.30859375	44912.69921875	47517.15625	44275.4765625	48419.5	47030.2578125	45501.71484375	45059.21875	44465.09375	44743.3125	44680.1875	44080.8125	41105.17578125	41247.6171875	41906.66796875	41882.78125	45477.18359375	44234.51171875	47373.8359375
Q15366	PCBP2	Poly(rC)-binding protein 2	Q15366	PCBP2_HUMAN	4	4	4	4	4	4	4	4	4	4	4	4	4	4	4	4	4	4	4	4	4	4	4	4	4	4	4	4	4	4	4	22694.623046875	26178.146484375	25005.216796875	24731.328125	23881.318359375	26915.6953125	26932.1015625	21553.70703125	23334.734375	19935.818359375	21427.994140625	23338.78125	23729.408203125	23987.470703125	19927.7109375	17827.421875	20312.140625	18340.474609375	17265.388671875	22064.736328125	21408.494140625	20195.7734375	20136.3984375	25003.3984375	21368.888671875	24326.005859375	23963.400390625	21441.158203125	20552.41015625	23851.802734375	22110.0625
Q15369	ELOC	Elongin-C	Q15369	ELOC_HUMAN	2	2	2	2	2	2	2	2	2	2	2	2	2	2	2	2	2	2	2	2	2	2	2	2	2	2	2	2	2	2	2	19551.125	21245.634765625	11120.4130859375	20301.853515625	14920.2578125	9020.564453125	8290.0234375	13729.224609375	14704.6103515625	10814.8408203125	9909.294921875	9851.6611328125	19263.2734375	15806.6455078125	9675.96875	19566.439453125	12114.7939453125	10392.17578125	18963.59765625	12894.47265625	469.9200439453125	13729.5478515625	9866.65625	21174.05859375	23717.0234375	10108.6201171875	11677.890625	10653.861328125	14857.1826171875	8141.84033203125	12400.576171875
Q15370	ELOB	Elongin-B	Q15370	ELOB_HUMAN	4	4	4	4	4	4	4	4	4	4	4	4	4	4	4	4	4	4	4	4	4	4	4	3	4	3	4	3	4	4	4	14423.5654296875	14628.49609375	14032.619140625	14005.1162109375	14688.0673828125	12467.62890625	14095.0419921875	12874.8740234375	12360.787109375	13028.0732421875	12095.955078125	12818.2421875	12586.1240234375	12565.46875	14041.9423828125	12765.8193359375	13749.083984375	12851.595703125	12621.2431640625	12609.2021484375	13982.30078125	10415.140625	10306.84765625	11603.27734375	11599.9404296875	10387.611328125	10614.6630859375	12126.8681640625	12307.3857421875	11450.9091796875	13352.1650390625
Q15404	RSU1	Ras suppressor protein 1	Q15404	RSU1_HUMAN	12	12	12	12	12	12	12	12	12	12	12	12	12	12	12	12	12	12	12	12	12	12	12	12	12	12	12	12	12	12	12	55480.515625	55851.03125	51495.8359375	51967.07421875	52220.8046875	50838.6015625	52687.16796875	62825.890625	62629.46484375	63057.34765625	62278.49609375	61271.1171875	63030.9375	61509.6875	66404.171875	67732.9921875	72269.421875	67999.1640625	69279.6875	69799.59375	69829.1875	55419.03125	59201.9140625	57703.1875	60671.73828125	56738.94140625	55144.40234375	58970.15625	58663.328125	58321.08203125	55841.4375
Q15435	PPP1R7	Protein phosphatase 1 regulatory subunit 7	Q15435	PP1R7_HUMAN	13	13	13	13	13	13	13	13	13	13	13	13	13	13	13	13	13	13	13	13	13	12	13	12	12	13	13	13	13	13	13	67892.28125	65000.69140625	62976.19140625	63901.69921875	63250.1015625	62369.53125	63322.17578125	53026.60546875	54421.66796875	51855.04296875	54127.84375	51241.53515625	56218.16796875	54760.84375	61097.63671875	56744.3203125	60231.01953125	58958.0625	60170.390625	58844.41015625	56817.9140625	50727.8515625	53304.98828125	51806.46875	49715.1015625	49489.2890625	50458.7265625	47389.81640625	53949.27734375	56758.046875	51689.125
Q15485	FCN2	Ficolin-2	Q15485	FCN2_HUMAN	5	7	6	7	8	5	6	7	8	8	8	8	8	8	8	8	8	7	8	8	8	8	7	9	9	8	8	8	9	8	8	12875.83203125	10448.5244140625	11014.2373046875	10573.6865234375	11085.1513671875	11464.8349609375	11759.0244140625	28734.51953125	30134.384765625	31851.5234375	29224.029296875	32958.5703125	30026.6640625	31393.826171875	35521.171875	32980.140625	33328.20703125	33938.23828125	33928.56640625	35883.8828125	34883.1484375	36216.13671875	34368.1171875	35154.67578125	34977.10546875	36191.9453125	36140.04296875	36993.1484375	28479.716796875	27457.279296875	26630.453125
Q15555	MAPRE2	Microtubule-associated protein RP/EB family member 2	Q15555	MARE2_HUMAN	1	1	0	1	1	0	1	1	1	1	1	1	1	1	1	1	1	1	1	1	1	1	1	1	1	1	1	1	1	1	1	1736.647216796875	1989.211669921875	NaN	1689.7315673828125	1284.8936767578125	NaN	1753.2313232421875	8.931988716125488	2055.475830078125	4631.6513671875	1522.6181640625	2125.6025390625	2996.93603515625	2514.869384765625	3127.36474609375	2083.662109375	3658.31591796875	1389.38916015625	3238.603759765625	3827.40087890625	1322.8001708984375	2636.585693359375	4831.43701171875	3273.784912109375	2459.614501953125	4530.6201171875	1520.826171875	2535.498779296875	3537.511474609375	2667.365234375	2861.874755859375
Q15562	TEAD2	Transcriptional enhancer factor TEF-4	Q15562	TEAD2_HUMAN	1	1	1	1	1	1	1	0	0	0	1	1	1	0	0	0	0	1	1	1	1	1	0	1	1	1	1	1	1	1	1	10877.7412109375	13664.1904296875	15711.232421875	17048.0703125	18581.814453125	27671.42578125	18711.626953125	NaN	NaN	NaN	10355.1494140625	15338.392578125	15679.1572265625	NaN	NaN	NaN	NaN	18046.009765625	11536.248046875	16444.3203125	20552.01953125	13996.35546875	NaN	9945.3115234375	24691.703125	19114.4921875	20094.392578125	15897.421875	17177.25	14064.3466796875	15669.0029296875
Q15582	TGFBI	Transforming growth factor-beta-induced protein ig-h3	Q15582	BGH3_HUMAN	8	9	9	10	7	10	8	10	10	10	10	10	10	10	7	9	10	9	8	8	10	10	10	9	10	10	9	10	10	10	10	11187.0185546875	10307.3984375	10669.220703125	10930.2412109375	11490.498046875	10924.2744140625	11716.3837890625	25538.1484375	23959.373046875	27571.572265625	25553.134765625	29683.1328125	23637	26256.4453125	14728.5908203125	12037.537109375	13272.4970703125	12435.744140625	12752.494140625	11871.1826171875	12229.6865234375	18972.587890625	17151.947265625	18043.595703125	20059.828125	17303.720703125	16232.2666015625	21141.08984375	16358.80859375	14699.3349609375	17015.93359375
Q15631	TSN	Translin	Q15631	TSN_HUMAN	13	13	13	13	13	13	13	13	13	13	13	13	13	13	13	13	13	13	13	13	12	13	13	13	13	12	13	13	13	13	13	69066.6796875	62069.16015625	64810.04296875	67059.1796875	62741.15234375	67156.7421875	67213.234375	58472.5546875	58362.328125	54201.109375	53285.44921875	55271.46875	56011.5546875	56851.1796875	67767.359375	62542.41796875	68486.453125	66850.2890625	62304.3828125	64958.91796875	70056.84375	58786.3046875	61348.53515625	60464.27734375	60324.29296875	58013.34375	58605.875	59191.8203125	60587.63671875	59874.03515625	66362.8828125
Q15648	MED1	Mediator of RNA polymerase II transcription subunit 1	Q15648	MED1_HUMAN	1	1	1	1	1	0	0	1	1	1	1	1	1	1	1	1	1	1	1	1	1	1	1	1	1	1	1	1	1	1	1	26471.865234375	40725.8046875	24056.845703125	28332.599609375	39383.09765625	NaN	NaN	35688.58984375	39072.38671875	43202.8046875	25119.29296875	30332.626953125	34142.92578125	34868.515625	31152.654296875	59641.44140625	48993.30078125	42698.44140625	32616.4140625	27169.984375	34448.36328125	32446.361328125	20507.404296875	38421.7734375	34110.06640625	49215.2109375	45775.6875	42702.40234375	40445.94921875	25236.85546875	35273.65234375
Q15691	MAPRE1	Microtubule-associated protein RP/EB family member 1	Q15691	MARE1_HUMAN	12	12	12	12	12	12	12	12	12	12	12	12	12	12	12	12	12	12	12	12	12	12	11	11	12	12	12	11	12	12	12	36851.09375	37682.71875	37192.76171875	36795.43359375	37783.52734375	38114.30078125	37337.15625	35553.3125	35936.20703125	36219.3359375	37276.3515625	35478.234375	38102.86328125	38157.484375	37134.34765625	35133.734375	37654.015625	37975.71875	37172.8984375	36969.078125	35039.98046875	36111.0703125	33891.62890625	38584.59375	33724.80859375	35080.734375	35178.76171875	34748.47265625	36227.47265625	35984.76171875	35228.3671875
Q15819	UBE2V2	Ubiquitin-conjugating enzyme E2 variant 2	Q15819	UB2V2_HUMAN	1	1	1	1	1	1	1	1	1	1	1	1	1	1	1	1	1	1	1	1	1	1	1	1	1	1	1	1	1	1	1	37372.796875	42667.7578125	41515.73828125	38470.62109375	35407.96484375	36775.96875	35789.8359375	29453.296875	31750.634765625	32207.005859375	34082.55078125	28752.767578125	32045.857421875	34426.74609375	31845.26171875	34605.92578125	36399.48828125	34548.15625	33271.98046875	33600.3046875	32875.1484375	27473.044921875	29994.40625	30998.09765625	28122.09375	27379.75	30106.427734375	28816.68359375	29328.091796875	30793.4140625	30709.65234375
Q15833	STXBP2	Syntaxin-binding protein 2	Q15833	STXB2_HUMAN	3	3	3	2	2	3	3	3	3	3	3	3	3	3	3	3	3	3	3	3	3	2	3	2	3	3	3	3	3	2	3	7367.30322265625	6773.333984375	6347.39404296875	7514.47900390625	8990.9697265625	6111.0888671875	6845.1796875	11106.3037109375	9051.0478515625	10354.9033203125	10059.8212890625	10715.5986328125	8717.5361328125	9340.6962890625	8857.2998046875	9658.203125	9019.013671875	10143.5810546875	9103.1220703125	7961.66552734375	8735.5078125	8504.5791015625	10409.970703125	9721.880859375	9590.123046875	12243.7353515625	11784.583984375	10001.451171875	9418.4033203125	8627.697265625	8080.6279296875
Q15836	VAMP3	Vesicle-associated membrane protein 3	Q15836	VAMP3_HUMAN	2	2	2	2	2	2	2	2	2	2	2	2	2	2	2	2	2	2	2	2	2	2	2	2	2	2	2	2	2	2	2	15726.0234375	15162.396484375	14245.9296875	12489.5830078125	14511.6689453125	14870.3564453125	14557.43359375	13946.505859375	15008.0302734375	12760.1630859375	15733.7197265625	14471.4560546875	13684.8642578125	13788.8447265625	16292.296875	15169.69921875	17415.818359375	16268.1455078125	16317.6162109375	16337.0234375	17296.9609375	15158.7900390625	15489.0888671875	13978.96484375	15887.6953125	14688.732421875	17069.162109375	15873.2578125	13775.7900390625	14815.0517578125	13452.1513671875
Q15842	KCNJ8	ATP-sensitive inward rectifier potassium channel 8	Q15842	KCNJ8_HUMAN	0	1	1	1	1	1	1	1	1	1	1	1	1	1	1	1	0	1	1	1	0	0	1	1	1	0	0	1	1	1	1	NaN	9860.9677734375	7288.419921875	5797.79150390625	13126.1376953125	8598.3701171875	11303.6142578125	11271.333984375	10057.9990234375	7455.1904296875	8979.841796875	12970.6357421875	14873.779296875	14159.8837890625	8603.1513671875	15753.0439453125	NaN	4772.0498046875	8996.306640625	6808.638671875	NaN	NaN	15005.451171875	6361.453125	11240.27734375	NaN	NaN	13828.365234375	7134.81103515625	1814.95751953125	8217.6533203125
Q15843	NEDD8	NEDD8	Q15843	NEDD8_HUMAN	1	1	1	1	1	1	1	1	1	1	1	1	1	1	1	1	1	1	1	1	1	1	1	1	1	1	1	1	1	1	1	10467.4287109375	11712.5888671875	9919.05859375	10576.5068359375	10215.7744140625	9658.421875	12414.0634765625	8948.396484375	9161.4306640625	8348.419921875	5513.935546875	10395.1259765625	9309.98046875	10478.5712890625	11541.5439453125	9443.9921875	10665.1591796875	11585.572265625	12446.244140625	10104.501953125	9734.7978515625	9453.15625	7781.88232421875	10206.576171875	10075.6181640625	9209.2470703125	9260.2314453125	9328.4560546875	7780.66845703125	9416.5595703125	8226.6875
Q15848	ADIPOQ	Adiponectin	Q15848	ADIPO_HUMAN	3	3	3	3	2	3	3	3	3	3	3	3	3	3	3	3	3	3	3	3	3	3	3	3	3	3	3	3	3	3	3	8980.029296875	10386.521484375	10511.7783203125	11910.7080078125	9194.6103515625	11502.2021484375	10296.0126953125	19120.3046875	15834.9716796875	15990.25390625	16141.3310546875	13573.888671875	19182.37890625	21321.578125	15228.75	12957.7451171875	14332.0048828125	13098.76953125	14299.2041015625	13813.5458984375	10745.009765625	30607.515625	17636.02734375	26657.978515625	27667.5625	31275.634765625	27181.05078125	31017.54296875	15299.861328125	15028.2294921875	19459.974609375
Q15907	RAB11B	Ras-related protein Rab-11B	Q15907	RB11B_HUMAN	10	10	10	10	10	10	10	10	10	9	9	9	10	10	10	10	10	10	10	10	10	10	10	10	10	10	9	10	9	10	10	68987.953125	65420.61328125	64478.8125	70627.4609375	66174.703125	61554.48046875	70107.375	60674.94921875	63957.6484375	64719.75	67077.6484375	64175.59375	66034.9609375	60123.328125	68399.34375	66340.2109375	69026.9609375	67636.1484375	69849.2890625	66786.8359375	69207.0546875	66195.2109375	59525.7265625	64577.53515625	64404.5078125	67884.6875	63611.50390625	68284.8125	65204.9296875	64644.44921875	63589.75390625
Q15942	ZYX	Zyxin	Q15942	ZYX_HUMAN	12	12	12	12	12	12	12	12	12	12	12	12	12	12	12	12	12	12	12	12	12	12	12	12	12	12	12	12	12	12	12	41040.94140625	39642.30859375	40677.19921875	40963.5859375	37130.60546875	38166.41015625	39234.91015625	59363.75	55638.46875	61346.48046875	58476.19140625	50392.4375	53117.890625	52088.15625	54977.546875	56274.3984375	53905.1484375	56525.40234375	52650.41796875	53471.04296875	50752.37109375	46198.45703125	48339.6640625	47541.37890625	47583.78125	47063.35546875	42257.4765625	46138.7265625	47529.71875	47551.9921875	47571.65625
Q16181	SEPTIN7	Septin-7	Q16181	SEPT7_HUMAN	3	4	4	4	4	3	4	4	4	4	3	4	4	4	4	4	4	3	4	4	4	4	4	4	4	4	4	4	4	4	4	5903.7041015625	6555.486328125	7540.95068359375	5490.28271484375	7704.69921875	7085.8447265625	7879.34326171875	10418.5263671875	9030.435546875	8783.8681640625	8776.79296875	7746.5830078125	8625.6396484375	10384.1689453125	9331.6396484375	8721.2353515625	8333.5849609375	8371.8447265625	8263.8515625	10830.38671875	8540.5224609375	9592.7255859375	7017.861328125	8690.1806640625	7278.15966796875	7647.791015625	9738.083984375	8422.6328125	8163.001953125	7671.86279296875	8022.69970703125
Q16186	ADRM1	Proteasomal ubiquitin receptor ADRM1	Q16186	ADRM1_HUMAN	1	1	1	1	1	1	1	1	1	1	1	1	1	1	1	1	1	1	1	1	1	1	1	1	1	1	1	1	1	1	1	4233.9345703125	5443.55908203125	5378.7646484375	5040.68115234375	4884.08544921875	5775.751953125	5911.49755859375	5964.2509765625	4214.09130859375	5083.078125	4499.578125	5105.421875	4938.904296875	5114.06640625	5799.8876953125	5599.59375	5761.78955078125	5183.03271484375	5960.78515625	4891.1962890625	5631.34814453125	4938.501953125	5513.07421875	5953.09619140625	4967.41064453125	4346.8359375	4849.02734375	3599.077880859375	4287.43994140625	4731.724609375	2918.74365234375
Q16401	PSMD5	26S proteasome non-ATPase regulatory subunit 5	Q16401	PSMD5_HUMAN	13	13	12	12	13	13	13	13	13	13	13	13	13	12	13	13	13	13	13	13	13	13	12	13	13	13	12	13	13	13	13	92135.1875	91105.296875	86375.828125	88885.390625	88973.0234375	90289.09375	87344.3359375	79231.8515625	81276.1875	80060.3828125	82128.375	79340.7109375	83508.5234375	84324.5703125	79701.3359375	85095.046875	87529.140625	84083.3671875	84101.3359375	83200.3359375	85274.8671875	82832.0703125	85800.5703125	83522.1171875	86352.96875	88140.34375	84566.96875	82731.3828125	84336.7890625	83182.1796875	80592.1875
Q16531	DDB1	DNA damage-binding protein 1	Q16531	DDB1_HUMAN	30	31	31	30	31	31	31	31	30	31	31	31	30	31	30	31	31	31	30	31	31	31	30	30	30	31	31	31	31	30	31	37862.58203125	39494.27734375	37705.79296875	40294.296875	40302.36328125	39730.66015625	38654.03515625	32683.42578125	34465.12890625	33727.9375	33094.81640625	32231.34765625	34731.5234375	35292.86328125	34048.7109375	36374.2734375	33221.3203125	36367.40625	36151.13671875	33884.8359375	33874.3125	37955.00390625	31763.85546875	37107.078125	36624.05859375	39071.73828125	38073.38671875	35455.25	35639.49609375	34680.58984375	36073.3828125
Q16543	CDC37	Hsp90 co-chaperone Cdc37	Q16543	CDC37_HUMAN	7	7	7	7	7	7	7	7	7	7	7	7	7	7	7	7	7	7	7	7	7	7	7	7	7	7	7	7	7	7	7	21705.591796875	21140.26171875	23440.583984375	20126.7578125	22642.04296875	21336.490234375	21406.6796875	20115.447265625	21320.400390625	18148.685546875	19644.701171875	19167.6484375	18794.587890625	19401.24609375	21878.548828125	23226.515625	21744.611328125	21138.904296875	20127.22265625	21512.84765625	19915.068359375	17685.693359375	18466.380859375	19435.15234375	17078.177734375	17691.240234375	20249.1875	19279.046875	20798.396484375	19975.095703125	18303.49609375
Q16555	DPYSL2	Dihydropyrimidinase-related protein 2	Q16555	DPYL2_HUMAN	3	3	4	4	4	3	4	4	4	4	4	4	4	4	4	4	4	4	4	4	4	4	4	4	4	4	4	4	4	4	4	5723.3388671875	3766.24609375	4504.052734375	5133.49609375	3597.58837890625	4897.984375	4086.6865234375	8427.46484375	7491.0927734375	8233.033203125	8659.302734375	6999.04638671875	8405.490234375	7479.95703125	7288.12255859375	8800.001953125	8768.2119140625	8229.12109375	8783.087890625	8114.41162109375	7980.51806640625	7704.42919921875	8169.33642578125	7149.630859375	8488.9873046875	8504.517578125	9173.2080078125	8721.3125	7534.60302734375	7041.5078125	7171.71533203125
Q16570	ACKR1	Atypical chemokine receptor 1	Q16570	ACKR1_HUMAN	1	1	1	1	1	1	1	1	1	1	1	1	1	1	1	1	1	1	1	1	1	1	1	1	1	1	1	1	1	1	1	37725.4140625	31449.62890625	39759.88671875	49585.546875	25502.587890625	42181.9140625	43801.44140625	56833.79296875	49843.25	39902.34375	48143.421875	47793.48046875	47159.8984375	54210.38671875	38316.68359375	50658.07421875	35622.06640625	49505.2890625	48704.3359375	50371.44921875	47364.94921875	58646.80859375	52442.8984375	58123.72265625	50852.421875	49810.5078125	53246.984375	58496.6796875	46851.10546875	45192.22265625	49447.55078125
Q16572	SLC18A3	Vesicular acetylcholine transporter	Q16572	VACHT_HUMAN	1	1	1	1	1	1	1	1	1	1	1	1	1	1	1	1	1	1	1	1	1	1	1	0	1	1	1	0	1	1	1	8153.69970703125	3734.38037109375	8992.0703125	8526.2373046875	7687.31103515625	4183.91748046875	7056.72705078125	21269.67578125	15737.8203125	7664.2236328125	9623.8564453125	18207.236328125	12079.607421875	12188.7744140625	8491.0029296875	3360.142333984375	8030.9453125	3663.41455078125	7618.77197265625	7548.17919921875	7511.36279296875	15105.46484375	10289.66796875	NaN	11211.466796875	15505.1953125	3830.32080078125	NaN	6714.8037109375	9356.2607421875	15218.1416015625
Q16610	ECM1	Extracellular matrix protein 1	Q16610	ECM1_HUMAN	11	12	12	12	13	12	12	12	12	12	12	11	11	11	13	11	12	13	13	12	10	12	13	12	13	12	13	12	13	12	12	50711.6640625	50891.4765625	51045.75390625	48641.58203125	45350.41796875	52132.6328125	53421.4765625	40708.015625	41261.1875	44524.46484375	44162.953125	45773.58203125	42912.54296875	43422.48828125	48056.625	47955.34375	47916.6796875	51921.5703125	49614.95703125	49549.25	51965.453125	60695.6875	57544.01171875	61924.640625	58162.73828125	63933.171875	56267.58984375	62501.546875	50709.984375	52262.8203125	49778.1484375
Q16643	DBN1	Drebrin	Q16643	DREB_HUMAN	1	1	1	1	1	1	1	1	1	1	1	1	1	1	1	1	1	1	1	1	1	1	1	1	1	1	0	1	1	1	1	3803.7001953125	3097.432373046875	3285.8662109375	3236.758056640625	2509.242919921875	3268.965576171875	2532.3935546875	3865.627685546875	3838.582275390625	3231.27001953125	3677.913330078125	1613.1925048828125	1894.0745849609375	1981.013916015625	3956.860595703125	4866.2451171875	4996.52490234375	3913.008056640625	2532.06298828125	2763.501220703125	2240.86083984375	3033.67822265625	3648.852294921875	3004.06494140625	3281.840576171875	3783.112060546875	NaN	1513.6763916015625	2853.5478515625	3791.395263671875	3401.251708984375
Q16658	FSCN1	Fascin	Q16658	FSCN1_HUMAN	16	16	16	16	16	16	16	16	16	16	15	16	16	16	16	16	16	16	16	16	16	16	16	16	16	16	16	16	16	16	16	46468.640625	44889.0078125	48998.2890625	47180.1328125	50033.62890625	49836.00390625	47244.109375	35703.16796875	35267.91796875	35178.0703125	34322.1953125	34993.4765625	35848.9453125	35499.20703125	31145.029296875	34317.84375	36286.44921875	35126.71875	34022.1328125	35387.1015625	36002.01953125	40176.16015625	35593.56640625	34667.4140625	38228.2265625	39619.9609375	37834.79296875	35691.4375	34828.15625	38073.71484375	38277.109375
Q16774	GUK1	Guanylate kinase	Q16774	KGUA_HUMAN	9	9	9	9	9	9	9	9	9	8	9	9	9	8	9	9	8	8	8	9	9	8	8	9	8	9	9	9	9	9	9	25580.87109375	26136.888671875	26307.947265625	25375.796875	26047.162109375	26276.900390625	24249.525390625	20134.3125	18675.412109375	16623.8359375	18312.953125	19995.662109375	19622.701171875	18769.52734375	24002.12890625	21905.84765625	21597.591796875	22059.146484375	23644.119140625	21793.478515625	22059.78515625	19759.513671875	19074.416015625	16226.970703125	19725.951171875	17357.701171875	19369.880859375	17677.830078125	22393.40625	20065.236328125	20939.76953125
Q16775	HAGH	Hydroxyacylglutathione hydrolase, mitochondrial	Q16775	GLO2_HUMAN	19	19	19	19	19	19	19	19	19	18	19	19	19	19	19	19	19	19	19	19	19	19	19	18	19	19	19	19	19	19	19	259737.046875	282151.75	263267.90625	266019.40625	252608.765625	267755.9375	267093.59375	201937.046875	200628.265625	194050.28125	189232.3125	195989.765625	192643.09375	195217.15625	224660.15625	223737.96875	225017.484375	218432.671875	220195.5	213168.984375	218639.34375	228920.96875	246555.6875	231220.515625	227378.25	226002.1875	240674.796875	225599.875	217538.953125	217245.3125	227497.328125
Q16851	UGP2	UTP--glucose-1-phosphate uridylyltransferase	Q16851	UGPA_HUMAN	25	25	26	25	26	25	26	26	26	26	25	26	26	26	26	26	26	26	26	25	26	26	25	26	26	26	26	26	26	26	26	68557.109375	68883.375	68219.7890625	65752.6171875	68532.171875	66571.015625	67059.65625	60686.1875	58514.91015625	63885.08984375	62601.8046875	59120.015625	60793.74609375	61112.7265625	60146.18359375	61272.01953125	62794.07421875	68687.6328125	62321.5859375	61303.0078125	61846.12109375	57229.01171875	51474.67578125	57025.62890625	56688.98828125	57712.890625	58066.73046875	56444.55078125	59952.80078125	59916.7734375	58395.00390625
Q16864	ATP6V1F	V-type proton ATPase subunit F	Q16864	VATF_HUMAN	2	2	2	2	2	2	2	2	2	2	2	2	2	2	2	2	2	2	2	2	2	2	2	2	2	2	2	2	2	2	2	27224.171875	28532.18359375	20472.544921875	25949.42578125	23132.7421875	22999.71484375	26244.478515625	20151.466796875	16277.2529296875	19916.396484375	13477.8427734375	18157.939453125	10222.42578125	15671.1181640625	28073.197265625	23748.84765625	26438.712890625	14955.41015625	21829.44921875	25795.09375	20473.728515625	18784.513671875	23507.833984375	16268.5302734375	19281.33984375	15999.82421875	16697.39453125	17754.056640625	24051.712890625	23767.373046875	21873.650390625
Q16881	TXNRD1	Thioredoxin reductase 1, cytoplasmic	Q16881	TRXR1_HUMAN	11	11	11	11	11	11	11	11	11	11	11	11	11	11	11	11	11	11	11	11	11	11	11	11	11	11	11	11	11	11	11	33166.4921875	34545.71875	31794.271484375	32047.716796875	31301.595703125	32428.380859375	32263.30078125	26463.9609375	29984.150390625	27755.986328125	29000.62109375	25524.21484375	28651.9921875	30361.259765625	27819.203125	29225.1484375	27275.490234375	29534.291015625	29413.033203125	28869.6953125	28447.03515625	29239.291015625	27457.619140625	28781.30859375	29607.005859375	30307.185546875	29213.767578125	29551.07421875	28380.916015625	28073.18359375	30071.201171875
Q2TAA2	IAH1	Isoamyl acetate-hydrolyzing esterase 1 homolog	Q2TAA2	IAH1_HUMAN	5	6	6	6	6	6	6	6	6	6	6	5	6	6	6	6	6	6	5	6	6	6	5	6	6	6	6	6	6	6	6	18768.576171875	20433.16796875	19387.2109375	20473.5234375	21281.7890625	21577.267578125	18782.6640625	21146.33203125	23777.958984375	22228.458984375	22837.66015625	22235.853515625	23271.837890625	21311.630859375	18174.84375	17473.75390625	18900.064453125	17518.26953125	18838.41796875	18386.548828125	19263.126953125	13736.5439453125	19879.986328125	18773.611328125	16019.275390625	12561.859375	18405.869140625	18741.92578125	18200.876953125	18242.541015625	20342.826171875
Q3LXA3	TKFC	Triokinase/FMN cyclase	Q3LXA3	TKFC_HUMAN	16	17	17	17	17	17	17	17	18	17	15	17	17	17	17	17	17	17	16	17	17	17	15	17	17	17	17	15	17	17	17	67931.375	66575.265625	70770.5625	71134.234375	69375.59375	68975.515625	65990.640625	51093.91015625	53385.48828125	51898.94921875	52301.16796875	49658.3984375	52391.21484375	52355.6015625	67743.828125	72945.6328125	68070.140625	67934.984375	68088.046875	69505.296875	67744.5703125	43029.3671875	43979.546875	39975.734375	44716.8515625	44068.6953125	43356.62890625	41530.93359375	56706.2578125	58027.65625	56067.2265625
Q3ZCW2	LGALSL	Galectin-related protein	Q3ZCW2	LEGL_HUMAN	1	0	1	1	1	1	0	1	1	1	1	1	1	1	1	1	1	1	1	1	1	1	1	1	1	1	1	1	1	1	1	990.7745361328125	NaN	8.06358814239502	454.4758605957031	376.7911071777344	1008.4641723632812	NaN	1732.00390625	2431.76806640625	1477.7550048828125	1296.5679931640625	2980.77783203125	2385.45654296875	2357.1767578125	2040.6263427734375	2342.047119140625	1390.787353515625	1938.6766357421875	2391.9443359375	1193.03125	2176.91943359375	1740.17138671875	2286.680419921875	731.76025390625	2443.66259765625	2525.9111328125	1563.549072265625	1618.8226318359375	1038.6273193359375	1537.1492919921875	971.0575561523438
Q53FA7	TP53I3	Quinone oxidoreductase PIG3	Q53FA7	QORX_HUMAN	2	2	2	2	2	2	2	2	2	2	2	2	2	2	2	2	2	2	2	2	2	2	2	2	2	2	2	2	2	2	2	9130.2392578125	7403.58447265625	8174.1982421875	8512.2080078125	7175.341796875	6859.5703125	9319.388671875	6595.123046875	9310.390625	6976.61279296875	7043.4287109375	6327.93701171875	7166.95751953125	9143.0322265625	9452.3525390625	11369.255859375	9402.5244140625	9614.599609375	9777.41015625	8905.7216796875	9229.9423828125	5515.64794921875	8414.12890625	5671.17041015625	5218.97509765625	7706.314453125	6643.32861328125	6498.87744140625	6695.16796875	8639.712890625	8886.853515625
Q53H82	LACTB2	Endoribonuclease LACTB2	Q53H82	LACB2_HUMAN	1	1	1	1	1	1	1	1	1	1	1	1	1	1	1	1	0	1	1	1	1	1	1	1	1	1	1	1	1	1	1	4895.8349609375	5036.16845703125	2200.244140625	2142.227294921875	3905.491455078125	2529.079833984375	4282.3046875	2323.211181640625	1226.3807373046875	1501.315185546875	1663.80224609375	3185.24609375	1739.5924072265625	3952.247802734375	2347.88232421875	3687.516845703125	NaN	1774.4503173828125	3851.684326171875	1897.496826171875	3263.9326171875	831.4779052734375	2545.07177734375	1042.0908203125	2511.97998046875	3461.343994140625	2176.830078125	2115.76904296875	1480.7640380859375	3245.96875	1081.0941162109375
Q53H96	PYCR3	Pyrroline-5-carboxylate reductase 3	Q53H96	P5CR3_HUMAN	3	2	3	3	3	3	3	1	2	1	2	3	2	1	3	3	3	3	3	3	3	3	3	2	3	3	3	3	3	3	2	13094.0068359375	14968.7138671875	11724.677734375	14684.69921875	15913.0126953125	14932.6318359375	13722.619140625	18.89966583251953	74.43414306640625	13.816814422607422	852.5718994140625	257.1357116699219	1165.1822509765625	18.731271743774414	12738.208984375	10364.17578125	10425.5244140625	11960.0029296875	13793.7109375	11221.3994140625	12895.3720703125	7213.68212890625	6946.91796875	10037.419921875	7543.5732421875	9167.3388671875	6500.92041015625	9920.3544921875	7975.90625	8930.1787109375	8127.71142578125
Q53TN4	CYBRD1	Plasma membrane ascorbate-dependent reductase CYBRD1	Q53TN4	CYBR1_HUMAN	2	2	2	2	2	2	2	3	3	3	3	3	3	3	3	3	3	3	3	3	3	3	3	3	2	3	2	2	2	3	3	7482.3759765625	11297.794921875	7667.72265625	12116.5625	9267.8544921875	9944.1279296875	4985.04052734375	9110.45703125	7330.01513671875	8413.6923828125	9682.90625	8851.333984375	9355.6357421875	9424.6923828125	12177.888671875	16139.0654296875	9167.1171875	14789.5146484375	10636.6015625	11533.18359375	14910.50390625	7222.94189453125	8085.79443359375	6172.07666015625	9640.765625	9467.515625	6766.0517578125	7801.80712890625	8334.1884765625	7996.1416015625	12272.0361328125
Q562E7	WDR81	WD repeat-containing protein 81	Q562E7	WDR81_HUMAN	1	1	1	1	1	1	1	1	1	1	1	1	1	1	1	1	1	1	1	1	1	1	1	1	1	1	1	1	1	1	1	6947.15087890625	5173.623046875	6168.21630859375	3590.709228515625	6414.88330078125	5911.25341796875	4766.1943359375	4712.720703125	5693.36962890625	5973.58251953125	5942.67919921875	8313.0224609375	6147.61865234375	5987.8232421875	5592.99609375	5342.9580078125	5825.86328125	7845.15234375	5772.99169921875	7288.29931640625	7744.65478515625	4614.26953125	4800.4619140625	5394.08544921875	4957.64697265625	3124.33642578125	6046.578125	5501.50244140625	5271.71435546875	6277.21875	5886.51953125
Q58WW2	DCAF6	DDB1- and CUL4-associated factor 6	Q58WW2	DCAF6_HUMAN	2	2	2	2	2	2	2	2	2	2	2	2	2	2	2	2	2	2	2	2	2	2	2	2	2	2	2	2	2	2	2	12543.4013671875	11844.57421875	14417.2470703125	14900.796875	15162.384765625	17337.8125	14526.884765625	12979.87109375	13413.1748046875	13247.0673828125	13481.103515625	14404.36328125	14300.3603515625	14705.6640625	13019.779296875	11736.5888671875	12504.890625	14294.9169921875	15071.119140625	11912.4130859375	15858.7109375	15485.2705078125	13571.9091796875	13475.2041015625	13440.7099609375	12770.5869140625	13919.7138671875	14047.0361328125	10128.912109375	12782.4482421875	12697.837890625
Q5DID0	UMODL1	Uromodulin-like 1	Q5DID0	UROL1_HUMAN	1	1	1	1	1	1	1	1	1	1	1	1	1	1	1	1	1	1	1	1	1	1	1	1	1	1	1	1	1	1	1	27600.322265625	28214.798828125	24505.046875	26036.46875	23270.322265625	25629.04296875	23552.830078125	35378.77734375	33635.98046875	36014.85546875	30801.662109375	32425.251953125	32778.2734375	37233.0078125	36818.84765625	45001.8828125	32663.6171875	48319.07421875	38436.66015625	36019.3203125	39957.9609375	56391.8671875	38835.3515625	56108.51171875	63239.76171875	65304.01171875	42907.19140625	49237.078125	43405.19140625	38743.015625	39255.0625
Q5H9R7	PPP6R3	Serine/threonine-protein phosphatase 6 regulatory subunit 3	Q5H9R7	PP6R3_HUMAN	3	3	3	3	3	3	2	3	3	3	3	3	3	3	3	3	3	3	3	3	3	3	2	2	3	2	2	3	3	3	2	13861.72265625	14745.0380859375	16472.38671875	15799.30078125	14781.7783203125	15451.607421875	18769.96875	14330.6240234375	13083.2939453125	12225.0458984375	11049.712890625	14886.7568359375	15769.693359375	13933.2470703125	13217.46875	11094.58984375	12502.14453125	11332.2666015625	13284.0078125	14457.7841796875	13167.57421875	12924.521484375	15928.1796875	12253.326171875	9945.1357421875	9576.169921875	13016.8369140625	12173.53125	10498.763671875	10872.8486328125	11818.7998046875
Q5QJ74	TBCEL	Tubulin-specific chaperone cofactor E-like protein	Q5QJ74	TBCEL_HUMAN	14	14	14	14	14	14	14	14	14	14	14	14	14	14	14	14	14	14	14	14	14	14	14	14	14	14	14	14	14	14	14	47979.765625	50076.01953125	48673.4453125	49319.05859375	48479.36328125	48574.8359375	49168.546875	37045.08203125	35509.63671875	34644.3125	35032.9296875	33010.4609375	34617.390625	35747.73828125	43881.9921875	44247.05859375	47153.2109375	44626.33203125	43575.91796875	43063.6171875	42119.8203125	39689.48046875	46316.515625	38499.4921875	38324.59375	36881.59375	38392.35546875	37102.81640625	39182.78515625	41154.7734375	41353.47265625
Q5T4S7	UBR4	E3 ubiquitin-protein ligase UBR4	Q5T4S7	UBR4_HUMAN	29	30	30	31	30	30	30	30	31	31	30	30	31	30	31	30	30	30	30	30	30	28	29	29	30	30	31	31	31	31	31	22569.634765625	24694.8359375	25690.69140625	24079.421875	25242.099609375	22887.71875	24388.841796875	23787.8359375	23118.07421875	21591.796875	23764.818359375	21564.404296875	23692.279296875	23944.197265625	21919.099609375	22946.359375	21428.44140625	22768.638671875	22999.9921875	24252.62890625	23863.939453125	20281.27734375	19075.08203125	19952.6796875	20376.634765625	19364.1015625	20817.369140625	20525.810546875	20665.451171875	21052.662109375	21897.37109375
Q5TDH0	DDI2	Protein DDI1 homolog 2	Q5TDH0	DDI2_HUMAN	22	22	22	22	22	22	22	22	22	22	22	22	22	22	22	22	22	22	22	22	22	22	22	22	22	22	22	22	22	22	22	299961.53125	305319.34375	306291.53125	297063.84375	302499.75	299828.46875	304071.4375	250071.671875	248628.703125	248764.375	252089.25	245666.609375	250898.84375	246086.78125	275704.59375	272268.28125	275593.375	276777.0625	269907.6875	269789.3125	277826.21875	233151.546875	263627.3125	223409.0625	237383.53125	224162.921875	232616.71875	232014.5625	255856.375	259465.625	257772.203125
Q5TEC6	H3-7	Histone H3-7	Q5TEC6	H37_HUMAN	2	2	2	2	2	1	2	2	2	2	2	2	2	2	2	2	2	2	2	2	2	2	2	2	2	1	2	1	1	1	2	7795.74267578125	8821.412109375	10610.900390625	9333.6591796875	6964.83203125	8987.4658203125	8354.826171875	15456.1435546875	11279.755859375	12313.90625	11257.80078125	18185.69140625	10771.9228515625	12378.6337890625	16261.0078125	14645.310546875	11937.052734375	14474.412109375	3735.00927734375	12537.146484375	13364.8720703125	8453.5087890625	9160.54296875	6243.353515625	9985.1279296875	18234.83203125	10302.470703125	10884.2080078125	7417.0400390625	11617.5048828125	13883.74609375
Q5VVQ6	YOD1	Ubiquitin thioesterase OTU1	Q5VVQ6	OTU1_HUMAN	16	16	15	16	16	16	16	14	14	16	16	15	16	16	16	15	15	15	16	16	15	16	16	16	16	16	16	16	16	16	16	156501.171875	154216.703125	149131.875	148465.953125	156843.75	144104.0625	153368.453125	131646.109375	126608.0078125	126728.8828125	128401.4765625	126369.34375	133159.25	131090.890625	121964.5703125	119365.65625	123015.9765625	122032.875	126046.0234375	122191.25	123573.1953125	126676.0703125	127417.6875	126141.5546875	131725.015625	127925.2421875	128111.2265625	123904.6171875	129621.265625	126926.3046875	130555.734375
Q5VW32	BROX	BRO1 domain-containing protein BROX	Q5VW32	BROX_HUMAN	8	9	9	9	9	9	9	9	9	8	9	8	8	9	9	9	8	9	8	8	9	9	9	8	7	7	8	7	8	9	8	31178.6875	33930.671875	31507.7109375	31228.634765625	29024.697265625	32686.61328125	30593.5859375	31032.12109375	32146.271484375	29567.10546875	32826.51171875	31021.701171875	31076.9296875	30801.05078125	31473.986328125	33326.42578125	31782.1796875	32114.59375	32606.630859375	33072.5	32463.291015625	31602.80859375	26577.443359375	34107.16796875	31367.5390625	33914.2421875	31454.380859375	29217.12109375	31370.640625	30776.998046875	30105.861328125
Q5VWZ2	LYPLAL1	Lysophospholipase-like protein 1	Q5VWZ2	LYPL1_HUMAN	1	1	1	1	1	1	1	0	1	0	1	0	0	0	1	1	1	1	1	1	1	1	1	1	1	1	0	1	1	1	1	3702.091552734375	2172.547607421875	1443.97509765625	4257.12841796875	4946.7490234375	4979.421875	1032.7623291015625	NaN	4416.20361328125	NaN	312.72607421875	NaN	NaN	NaN	7423.048828125	1287.12744140625	5144.39892578125	9019.775390625	2260.233154296875	5117.2041015625	1825.7698974609375	2280.8154296875	779.7234497070312	2920.73876953125	8.48886775970459	2172.5888671875	NaN	753.3870239257812	619.014404296875	3920.59716796875	737.0322265625
Q5VYK3	ECPAS	Proteasome adapter and scaffold protein ECM29	Q5VYK3	ECM29_HUMAN	2	2	2	2	2	2	2	2	2	2	2	2	2	2	2	2	2	2	2	2	2	2	2	2	2	2	2	2	2	2	2	17324.7421875	18753.83203125	19192.2890625	18286.07421875	16670.8203125	19420.7578125	17364.74609375	13582.3232421875	15657.4619140625	15273.7900390625	18857.017578125	17059.86328125	17170.330078125	18848.03515625	13940.40625	10881.568359375	17965.828125	16166.990234375	17389.37890625	15035.0146484375	15145.697265625	15753.8818359375	13274.59765625	13683.681640625	16028.9677734375	12867.759765625	14578.5390625	15204.861328125	14352.7509765625	17553.603515625	18044.080078125
Q5XPI4	RNF123	E3 ubiquitin-protein ligase RNF123	Q5XPI4	RN123_HUMAN	19	20	19	21	21	21	20	20	21	21	17	19	19	20	21	20	20	20	21	20	19	20	20	20	18	21	20	19	21	19	21	117303.125	123529.2265625	127151.8046875	125421.6015625	124173.7265625	123898.3203125	128106.9296875	121461.8359375	115941.4609375	114762.859375	128890.84375	116055.4453125	125186.03125	128205.5390625	116388.8515625	123802.1171875	119662.359375	125360.734375	126595.796875	128846.1171875	118811.296875	114959.09375	107293.75	113810.6015625	108778.7890625	109908.0625	115235.8359375	105268.6875	115776.8984375	116992.234375	110709.953125
Q66K41	ZNF385C	Zinc finger protein 385C	Q66K41	Z385C_HUMAN	0	0	0	1	0	1	1	0	0	1	1	1	1	0	1	0	0	1	1	1	1	0	1	1	0	1	1	1	0	1	0	NaN	NaN	NaN	409.1706237792969	NaN	4840.4755859375	7126.14892578125	NaN	NaN	4377.79736328125	4958.458984375	4861.88427734375	5631.7841796875	NaN	6215.34765625	NaN	NaN	3043.135009765625	2015.85546875	5716.3525390625	4811.283203125	NaN	9483.8173828125	2193.576904296875	NaN	5314.091796875	3353.828857421875	5088.51220703125	NaN	1523.060302734375	NaN
Q6B0K9	HBM	Hemoglobin subunit mu	Q6B0K9	HBM_HUMAN	3	3	3	3	3	3	3	3	3	3	3	3	3	3	3	3	3	3	3	3	3	3	3	3	3	3	3	3	3	3	3	20958.91015625	21771.8671875	21779.787109375	25199.294921875	20901.4296875	21343.587890625	20646.830078125	35620.48046875	32031.673828125	26440.056640625	29359.615234375	32064.287109375	29854.431640625	30362.453125	47257.5390625	40924.40625	47494.96875	47697.31640625	48158.33203125	48372.64453125	49382.65234375	29027.22265625	24017.55078125	29233.162109375	22970.384765625	26622.994140625	24524.18359375	28389.521484375	29126.6875	31400.677734375	32272.98046875
Q6DD88	ATL3	Atlastin-3	Q6DD88	ATLA3_HUMAN	2	2	2	2	2	2	2	2	2	2	2	2	2	2	2	2	2	2	2	2	2	2	2	2	2	2	2	2	2	2	2	7776.59521484375	8121.86376953125	9082.564453125	8105.26318359375	9245.21484375	8502.615234375	8906.181640625	9462.9921875	8468.3203125	7383.59521484375	5683.2724609375	7967.13037109375	6240.89794921875	8842.724609375	7010.58544921875	7488.05615234375	6599.5849609375	6187.3857421875	6983.5263671875	7061.2138671875	6057.93798828125	7586.02099609375	7135.69677734375	7520.27490234375	7557.82080078125	5298.67919921875	5621.1650390625	8344.3583984375	6448.16845703125	8027.59228515625	7113.794921875
Q6EMK4	VASN	Vasorin	Q6EMK4	VASN_HUMAN	3	4	4	4	4	4	3	4	4	4	3	4	4	4	4	4	3	3	3	4	3	4	4	4	4	4	3	4	3	4	4	16601.197265625	19087.7265625	18420.26171875	17062.6328125	16175.4736328125	17245.5546875	13876.0517578125	14678.298828125	13164.1484375	14938.353515625	12909.662109375	12549.0859375	13025.703125	13628.654296875	13491.9375	13090.134765625	11451.880859375	12026.0869140625	13664.6650390625	14904.224609375	11979.16015625	16302.81640625	16507.443359375	15482.984375	15871.3740234375	14270.2294921875	17279.4765625	18072.01953125	15728.8984375	14409.77734375	14657.2197265625
Q6FI81	CIAPIN1	Anamorsin	Q6FI81	CPIN1_HUMAN	1	2	2	2	1	2	2	2	2	2	2	1	2	2	2	2	2	2	2	2	2	2	2	1	2	2	2	2	1	2	2	12114.05859375	16757.521484375	27812.470703125	14036.5966796875	50224.33984375	14607.9365234375	21974.642578125	16093.6298828125	11425.9755859375	11603.919921875	21701.533203125	116.44349670410156	1360.5955810546875	1161.06591796875	21446.46484375	1164.269775390625	7539.197265625	9308.642578125	6887.5654296875	10009.5166015625	15249.603515625	10005.4599609375	17715.013671875	12009.0146484375	8846.8037109375	9943.240234375	1471.7313232421875	12470.8232421875	9267.6884765625	9048.0244140625	20294.734375
Q6GMV3	PTRHD1	Putative peptidyl-tRNA hydrolase PTRHD1	Q6GMV3	PTRD1_HUMAN	8	8	8	8	8	8	8	8	8	8	8	8	8	8	8	8	8	8	8	8	8	8	8	8	8	8	8	8	8	8	8	37465.046875	35735.3515625	37362.33984375	37736.9921875	34807.69921875	36433.265625	34980.1796875	32184.935546875	28846.146484375	30508.19140625	31736.408203125	29011.376953125	31150.45703125	30455.759765625	34505.19140625	35695.87890625	33654.578125	35024.0234375	34863.96875	35544.2421875	35915.3984375	32108.427734375	31817.4609375	30713.27734375	34889.37109375	32416.6328125	32752.078125	34286.87890625	33200.27734375	33270.953125	31857.73046875
Q6IBS0	TWF2	Twinfilin-2	Q6IBS0	TWF2_HUMAN	1	1	1	1	1	1	1	1	1	1	1	1	1	1	1	1	1	1	1	1	1	1	1	1	1	1	1	1	1	1	1	3242.540771484375	3306.8427734375	6595.55908203125	3754.634033203125	7216.1669921875	4217.74072265625	1705.67919921875	8133.58203125	2727.99267578125	4524.9755859375	5713.6162109375	5572.021484375	7378.451171875	7921.29345703125	7439.98583984375	9382.818359375	3565.726318359375	3532.577880859375	6717.341796875	8241.505859375	6357.84130859375	4423.77685546875	1776.0391845703125	10144.6923828125	5876.53759765625	2498.444091796875	5282.06396484375	1637.983154296875	7433.21142578125	5839.07080078125	2960.3203125
Q6ICL3	TANGO2	Transport and Golgi organization protein 2 homolog	Q6ICL3	TNG2_HUMAN	15	14	15	15	15	15	14	14	14	13	14	14	14	14	14	14	14	15	14	14	15	15	14	15	14	13	13	15	15	15	15	90401	86599.109375	88671.3984375	91393.5	85460.171875	90520.3203125	91071.921875	61494.6328125	61985.4453125	61618.78125	63268.47265625	64189.87109375	63580.31640625	67324.609375	72852.65625	72604.9296875	75300.3671875	75838.2578125	69435.375	71230.375	69073.328125	73955.65625	74071.7421875	68766.6953125	74199.8671875	68083.3984375	72512.890625	70669.8203125	71794.7265625	75072.40625	73318.375
Q6L8Q7	PDE12	2',5'-phosphodiesterase 12	Q6L8Q7	PDE12_HUMAN	3	3	3	3	3	3	3	3	3	3	2	3	2	3	3	3	3	3	3	3	3	2	2	2	2	3	2	3	3	3	3	211836.09375	202097.65625	168585.6875	162008.5625	166409.859375	186571.796875	161858.09375	115498.109375	116811.96875	132734.015625	203609.890625	119714.765625	171929.609375	134157.40625	78882.8046875	142978.734375	175113.109375	117359.6796875	140815.484375	150565.203125	137798.375	113493.6796875	177175.390625	170741.65625	188892.53125	138468.625	197696.484375	153649.5625	158385.671875	135594.28125	147570.828125
Q6P1N9	TATDN1	Deoxyribonuclease TATDN1	Q6P1N9	TATD1_HUMAN	1	1	1	1	1	1	1	1	1	1	1	1	1	1	1	1	1	1	1	1	1	1	1	1	1	1	1	1	1	1	1	28476.8515625	25615.03125	24399.3046875	25098.8046875	24011.033203125	16900.529296875	25491.912109375	19565.744140625	23228.86328125	22314.857421875	23513.951171875	24960.353515625	27328.158203125	22967.60546875	19195.044921875	19963.59375	19076.13671875	14442.87109375	20758.845703125	18785.775390625	14636.7041015625	18074.78515625	14458.6904296875	10895.8125	22943.369140625	17860.484375	16748.56640625	21154.91796875	19965.15234375	20405.970703125	15856.77734375
Q6PCE3	PGM2L1	Glucose 1,6-bisphosphate synthase	Q6PCE3	PGM2L_HUMAN	16	16	16	16	16	16	16	16	16	16	16	16	15	15	16	16	16	16	16	16	16	16	16	16	16	16	16	15	16	16	16	52150.39453125	50954.25390625	52728.75	54210.609375	55400.046875	54084.9453125	52797.64453125	42723	40559.96484375	41663.91796875	41643.48046875	42828.390625	42034.55078125	44769.9453125	41641.546875	47257.64453125	41963.13671875	46618.33984375	46471.5	45562.109375	47103.75	40670.37109375	33263.78125	41771.0234375	42825.3671875	40795.96875	43536.9375	39560.54296875	42007.3515625	42020.59375	43546.7265625
Q6UWP2	DHRS11	Dehydrogenase/reductase SDR family member 11	Q6UWP2	DHR11_HUMAN	6	6	6	6	6	6	6	6	6	6	6	6	6	6	6	6	6	6	6	6	6	5	6	6	5	6	5	6	6	6	6	28788.294921875	28741.373046875	30080.576171875	29591.9765625	29804.052734375	28228.6796875	29376.984375	27663.279296875	26671.634765625	24959.150390625	29714.875	24810.359375	28375.572265625	25033.115234375	34307.17578125	30376.4296875	33336.6328125	28563.775390625	32895.42578125	30900.400390625	34210.01953125	16965.287109375	14406.794921875	14702.291015625	18717.6953125	16187.31640625	17151.51953125	16773.568359375	26304.62890625	25336.943359375	27518.939453125
Q6UXB8	PI16	Peptidase inhibitor 16	Q6UXB8	PI16_HUMAN	1	1	1	1	1	1	1	1	1	1	1	1	1	1	1	1	1	1	1	1	1	1	1	1	1	1	1	1	1	1	1	10848.7822265625	14439.3486328125	16742.4453125	17334.33203125	11156.994140625	20031.365234375	14759.4580078125	17641.34375	16802.91796875	19383.38671875	19667.552734375	15010.818359375	20106.70703125	17825.533203125	7424.015625	11247.5595703125	8073.53515625	8697.0615234375	7017.8828125	9242.279296875	5851.6982421875	10044.23046875	5431.5439453125	9591.654296875	6874.04248046875	8127.5068359375	7767.73388671875	5726.380859375	8469.2958984375	9554.9873046875	13541.7412109375
Q6XQN6	NAPRT	Nicotinate phosphoribosyltransferase	Q6XQN6	PNCB_HUMAN	16	16	16	16	16	16	16	15	16	16	16	15	15	16	16	16	16	16	16	16	16	16	16	15	16	16	16	16	16	16	16	165987.484375	176301.671875	182148.421875	172424.078125	163046.828125	167725.28125	170008.015625	152386.8125	157088.40625	155704.40625	156149.671875	149211.953125	153615.546875	151843.6875	164418.078125	167267.28125	166710.765625	165584.5	165990.140625	163210.234375	164123.28125	114713.2890625	127768.859375	116513.484375	118872.3515625	112432.4296875	116834.78125	114772.078125	138390.59375	148020.03125	143574.125
Q6ZVF9	GPRIN3	G protein-regulated inducer of neurite outgrowth 3	Q6ZVF9	GRIN3_HUMAN	1	1	1	1	1	1	1	1	1	1	1	1	1	1	1	1	1	1	1	1	1	1	1	1	1	1	1	1	1	1	1	13122.5498046875	12962.734375	13543.8935546875	13940.49609375	16939.25	12836.1865234375	14277.1728515625	10301.3828125	9742.87890625	9559.6318359375	10259.998046875	9366.7177734375	10614.3896484375	8727.6591796875	13027.861328125	12400.9375	12264.1708984375	13308.9970703125	13322.34375	14076.076171875	13198.466796875	11109.7099609375	10519.9677734375	10952.9189453125	10437.3359375	12203.076171875	11388.81640625	10959.9609375	11918.9248046875	10773.1689453125	11357.505859375
Q70J99	UNC13D	Protein unc-13 homolog D	Q70J99	UN13D_HUMAN	1	1	1	1	1	1	1	1	1	1	1	1	1	1	1	1	1	1	1	1	1	1	1	1	1	1	1	1	1	1	1	11707.2265625	14210.41015625	14458.2880859375	15006.4501953125	13079.904296875	12293.1455078125	12127.2265625	15112.2255859375	14707.98828125	16769.123046875	15305.4521484375	17247.115234375	15678.2978515625	13215.0673828125	14808.9482421875	13606.533203125	12109.6962890625	16773.482421875	14654.9638671875	14719.841796875	14818.2763671875	13978.544921875	10728.513671875	14312.2236328125	15580.083984375	19106.96484375	12598.7470703125	16245.158203125	11366.4990234375	13519.7451171875	16279.9150390625
Q7KZF4	SND1	Staphylococcal nuclease domain-containing protein 1	Q7KZF4	SND1_HUMAN	2	3	2	3	3	3	3	3	3	3	3	3	3	3	3	3	3	3	3	3	3	3	3	3	3	3	3	3	3	3	3	6418.96923828125	7588.03857421875	7334.35693359375	7796.1396484375	7756.37646484375	6600.41943359375	7260.3251953125	5913.05322265625	7528.69580078125	6513.0361328125	6963.41162109375	6704.462890625	6811.80078125	6103.384765625	7382.4111328125	7281.4990234375	6132.79296875	7160.5234375	7818.794921875	7559.5244140625	6623.56005859375	7888.62451171875	6515.125	7962.1826171875	7649.8896484375	7885.71533203125	6860.31103515625	7901.8505859375	6299.8359375	6572.24853515625	6289.56591796875
Q7L5N1	COPS6	COP9 signalosome complex subunit 6	Q7L5N1	CSN6_HUMAN	11	11	11	11	11	11	11	11	11	11	11	11	11	11	11	11	11	11	11	11	11	11	11	11	11	11	11	11	11	11	11	22228.740234375	22034.724609375	21974.716796875	22589.029296875	21487.41015625	19613.32421875	21817.927734375	19328.564453125	18086.849609375	18262.484375	18884.23046875	17416.27734375	18765.10546875	19404.55859375	19356.765625	18118.75	18822.20703125	18050.638671875	19210.048828125	19148.666015625	19132.8359375	18137.48828125	15188.46484375	18042.3046875	19484.88671875	18594.23046875	19088.67578125	17916.291015625	18481.76171875	18582.7109375	18332.318359375
Q7L5Y1	ENOSF1	Mitochondrial enolase superfamily member 1	Q7L5Y1	ENOF1_HUMAN	2	3	3	3	2	2	3	1	1	2	2	2	2	2	2	2	1	1	1	2	2	3	2	3	3	3	3	3	3	2	3	10981.619140625	13448.970703125	13793.6123046875	12857.9072265625	11867.22265625	11284.080078125	13458.94140625	3556.77880859375	5926.32666015625	6646.71484375	5617.7666015625	4939.5361328125	6503.70361328125	4947.69140625	2126.0205078125	5209.6669921875	5580.2451171875	6710.19921875	6125.71923828125	5334.21484375	5650.056640625	18070.302734375	12608.36328125	15125.75390625	18860.0234375	17182.439453125	17639.53515625	16991.77734375	8657.16015625	9038.763671875	11259.970703125
Q7L9L4;Q9H8S9	MOB1B;MOB1A	MOB kinase activator 1B;MOB kinase activator 1A	Q7L9L4;Q9H8S9	MOB1B_HUMAN;MOB1A_HUMAN	2	2	2	2	2	2	2	2	2	2	2	2	2	2	2	2	2	2	2	2	2	2	2	2	2	2	2	2	2	2	2	32239.119140625	34203.83203125	29501.228515625	31121.763671875	34678.6875	30060.412109375	32960.3984375	29844.55078125	26269.29296875	27974.7265625	30674.80859375	17629.44140625	29738.26171875	27211.505859375	28579.251953125	25557.154296875	26712.583984375	26140.005859375	24781.955078125	25788.609375	25305.76953125	24721.06640625	26594.0625	24393.572265625	27868.408203125	25405.697265625	22447.033203125	24996.44921875	25694.22265625	27122.37890625	27197.5234375
Q7Z2W4	ZC3HAV1	Zinc finger CCCH-type antiviral protein 1	Q7Z2W4	ZCCHV_HUMAN	4	4	4	4	4	4	4	4	4	3	3	3	2	4	4	4	4	3	4	4	4	4	4	4	4	4	4	4	3	4	4	13687.5009765625	13382.23046875	15072.3251953125	14583.3447265625	15408.75	12977.9765625	13314.4423828125	15226.6416015625	12537.162109375	15487.453125	12545.1298828125	13190.205078125	12492.0537109375	11483.7451171875	14888.2705078125	13270.5478515625	14212.673828125	13796.0576171875	11841.3759765625	13222.4052734375	13570.474609375	11167.8212890625	14690.1884765625	11821.087890625	13286.486328125	11780.193359375	14680.6904296875	12749.6865234375	11116.005859375	10983.375	13080.0830078125
Q7Z353	HDX	Highly divergent homeobox	Q7Z353	HDX_HUMAN	0	0	0	0	0	0	0	1	0	1	0	0	0	1	0	0	0	0	0	0	0	0	0	1	0	0	0	1	0	1	0	NaN	NaN	NaN	NaN	NaN	NaN	NaN	2025.1363525390625	NaN	1216.291748046875	NaN	NaN	NaN	2029.6307373046875	NaN	NaN	NaN	NaN	NaN	NaN	NaN	NaN	NaN	765.8365478515625	NaN	NaN	NaN	2050.697265625	NaN	643.683837890625	NaN
Q7Z4H3	HDDC2	5'-deoxynucleotidase HDDC2	Q7Z4H3	HDDC2_HUMAN	3	3	3	3	3	3	3	3	3	3	3	3	3	2	3	3	3	3	3	3	3	3	3	3	2	3	3	3	3	3	3	16119.509765625	14675.837890625	19426.337890625	15903.921875	14526.8740234375	12387.513671875	16515.912109375	9269.8984375	9387.466796875	9264.4619140625	4708.55908203125	9089.7333984375	11505.5810546875	9904.7978515625	14594.0712890625	13138.7646484375	12082.404296875	13450.205078125	15149.2763671875	12120.0107421875	12523.33984375	9144.0078125	15804.57421875	9831.15234375	9888.08984375	9816.9873046875	10013.998046875	9398.30859375	12441.169921875	10767.55859375	11202.6572265625
Q7Z4W1	DCXR	L-xylulose reductase	Q7Z4W1	DCXR_HUMAN	3	3	3	3	3	3	3	3	3	2	2	2	1	2	3	3	3	3	3	3	3	3	3	3	3	3	3	3	3	3	3	15155.1806640625	18701.466796875	15828.4072265625	15114.9765625	15756.20703125	16084.4912109375	18828.400390625	4747.0205078125	2914.60693359375	3698.94091796875	3732.031982421875	4028.49462890625	4908.67529296875	5333.76025390625	17773.0546875	17017.109375	16757.177734375	18193.7265625	15894.9970703125	16336.044921875	14983.916015625	13587.8349609375	12726.82421875	11846.2734375	10076.5791015625	14130.3720703125	14184.58984375	14848.474609375	11552.6904296875	11918.681640625	12681.548828125
Q7Z6Z7	HUWE1	E3 ubiquitin-protein ligase HUWE1	Q7Z6Z7	HUWE1_HUMAN	16	19	19	19	19	19	19	18	19	19	19	19	19	18	19	19	17	19	19	19	19	18	19	18	18	17	18	18	19	19	19	21193.31640625	21498.541015625	22583.341796875	20594.83203125	21327.248046875	21598.0703125	20566.017578125	20661.619140625	20002.765625	21317.177734375	21779.203125	19493.982421875	19834.076171875	19629.26171875	24151.287109375	22082.619140625	23197.751953125	22772.37890625	20468.408203125	22017.833984375	21458.416015625	17745.494140625	18893.013671875	16486.271484375	19068.251953125	17432.41796875	18459.984375	17633.96484375	19556.4453125	19995.87890625	20864.498046875
Q86TI2	DPP9	Dipeptidyl peptidase 9	Q86TI2	DPP9_HUMAN	1	1	1	1	1	1	1	1	1	1	1	1	1	1	1	1	1	1	1	1	1	1	1	1	1	1	1	1	1	1	1	10457.763671875	10639.5986328125	9532.1865234375	8599.7724609375	8697.2841796875	8656.064453125	10780.8759765625	8766.1484375	9907.2265625	9650.2607421875	9435.0625	5659.38037109375	8411.224609375	8628.640625	7843.50244140625	6886.9267578125	9570.3125	7869.0849609375	9076.0380859375	9851.60546875	9379.5224609375	8131.86572265625	9877.2353515625	5136.51953125	7234.7099609375	7343.08251953125	8013.62255859375	7991.25390625	8526.06640625	8771.611328125	5204.33984375
Q86UX7	FERMT3	Fermitin family homolog 3	Q86UX7	URP2_HUMAN	22	23	22	23	23	21	22	23	23	22	22	23	23	23	23	23	23	23	23	23	22	23	21	23	23	23	23	22	23	23	23	98191.5625	107262.3828125	106286.1640625	109382.5078125	111635.9296875	113736.546875	105836.015625	127619.0546875	127095.28125	145330.453125	123721.328125	128120.6015625	134419.671875	132777.125	128326.265625	148263.0625	129126.015625	144623.984375	138315.265625	136061.390625	134185.390625	119560.7734375	107694.0390625	114531.40625	118152.40625	129251.8125	125173.6640625	117118.7265625	119628.7578125	118310.6796875	118907.1015625
Q86V88	MDP1	Magnesium-dependent phosphatase 1	Q86V88	MGDP1_HUMAN	2	2	2	2	2	2	2	2	2	2	2	2	2	2	2	2	2	2	2	2	2	2	2	2	2	2	2	2	2	2	2	14523.2509765625	13889.8046875	15680.5390625	14387.1630859375	14137.2666015625	15334.998046875	13302.5859375	13887.3935546875	11113.474609375	12092.4560546875	13591.603515625	12247.5390625	11947.642578125	12513.84765625	13718.5654296875	10851.130859375	13612.37109375	10106.056640625	12633.677734375	10702.6015625	9396.220703125	11748.54296875	13777.6708984375	14211.390625	11953.9541015625	11008.63671875	13114.4375	12291.7470703125	12198.935546875	12764.15234375	13338.3681640625
Q86VP6	CAND1	Cullin-associated NEDD8-dissociated protein 1	Q86VP6	CAND1_HUMAN	47	47	48	48	48	48	47	48	48	49	48	49	48	48	48	48	48	48	48	48	48	48	47	49	48	48	49	49	48	48	49	179192.796875	181532.46875	177690.21875	182983.03125	179814.71875	174415.09375	173824.84375	148252.765625	151708.234375	146754.453125	150433.328125	144645.9375	149856.609375	153138.625	158518.75	162830.984375	159856.546875	162994.890625	158155.515625	155759.421875	156466.921875	163466.703125	152192.625	160727.0625	155341.65625	158054.421875	157804.40625	153350	157638.84375	155278.875	155525.359375
Q86WK6	AMIGO1	Amphoterin-induced protein 1	Q86WK6	AMGO1_HUMAN	0	0	0	0	0	0	0	1	1	1	1	1	1	1	0	0	0	0	0	0	0	0	0	0	0	0	0	0	1	0	1	NaN	NaN	NaN	NaN	NaN	NaN	NaN	7367.89013671875	7322.99853515625	5888.13525390625	5589.73095703125	8147.11572265625	6942.236328125	7139.3330078125	NaN	NaN	NaN	NaN	NaN	NaN	NaN	NaN	NaN	NaN	NaN	NaN	NaN	NaN	1252.8778076171875	NaN	900.6021118164062
Q86WQ0	NR2C2AP	Nuclear receptor 2C2-associated protein	Q86WQ0	NR2CA_HUMAN	1	1	1	1	1	1	1	1	1	1	1	1	1	1	1	1	1	1	1	1	1	1	1	1	1	1	1	1	1	1	1	22048.99609375	24655.23828125	24042.048828125	20832.279296875	22413.2890625	28104.345703125	21571.0859375	19567.193359375	17014.75390625	25611.55078125	24166.572265625	20849.138671875	21394.103515625	22557.578125	18671.85546875	15956.8291015625	19002.451171875	18514.169921875	18431.484375	20931.7734375	19654.43359375	19364.98828125	12108.904296875	20584.251953125	25414.11328125	18970.404296875	15983.8828125	21931.798828125	17861.337890625	16845.171875	23682.23828125
Q86X55	CARM1	Histone-arginine methyltransferase CARM1	Q86X55	CARM1_HUMAN	7	7	7	7	7	7	7	7	7	7	7	7	7	7	7	7	7	7	7	7	7	7	7	7	7	7	7	7	7	7	7	66133.5859375	63737.796875	63751.10546875	63578.41015625	64362.4453125	65224.5	56953.25390625	55131.94921875	52985.25390625	55066.60546875	55756.71484375	55702.1640625	55958.19140625	59718.7421875	59940.1484375	59897.58203125	60768.71875	61357.5859375	57845	61405.09765625	60817.00390625	52878.14453125	42992.17578125	49721.9453125	48516.2109375	53947.3359375	48157.421875	47814.4453125	51165.828125	54781.05859375	56140.4921875
Q86X76	NIT1	Deaminated glutathione amidase	Q86X76	NIT1_HUMAN	2	2	2	2	2	2	2	2	2	2	2	2	2	2	2	2	2	2	2	2	2	2	2	2	2	2	2	2	2	2	2	19352.560546875	21826.236328125	23523.806640625	23589.642578125	23387.1640625	19315.046875	22383.32421875	18180.341796875	16264.4375	18211.357421875	17160.755859375	19688.451171875	19634.669921875	20880.529296875	20771.232421875	19461.283203125	17793.07421875	19977.990234375	19395.916015625	14261.5537109375	19914.85546875	19252.025390625	20144.26953125	20046.400390625	17993.470703125	17901.0234375	17727.953125	19682.537109375	19294.83984375	18154.896484375	17165.490234375
Q86YA3	ZGRF1	5'-3' DNA helicase ZGRF1	Q86YA3	ZGRF1_HUMAN	1	0	1	1	0	1	1	1	1	1	1	1	1	1	1	1	1	1	1	1	1	1	1	1	1	1	1	1	1	1	1	6770.40576171875	NaN	5671.31787109375	4485.82568359375	NaN	6097.833984375	3967.396484375	16084.962890625	13358.060546875	18197.830078125	17779.33203125	19899.505859375	18558.01953125	18111.921875	6155.27294921875	4614.03515625	9400.8876953125	7429.24658203125	9611.9990234375	10589.3984375	8771.080078125	11439.677734375	6961.62841796875	11446.8515625	9302.0087890625	10708.7353515625	9892.1611328125	10515.3828125	7576.4150390625	12271.3349609375	11589.4990234375
Q8IUI8	CRLF3	Cytokine receptor-like factor 3	Q8IUI8	CRLF3_HUMAN	12	12	12	12	12	12	12	12	12	12	12	12	12	12	11	12	12	12	12	12	12	12	12	12	12	12	12	12	12	12	12	45995.6953125	39928.171875	42860.296875	42064.9609375	38962.5234375	41375.78515625	41392.6875	35398.34375	31733.03515625	35674.7265625	36717.375	32020.025390625	35378.88671875	36359.5546875	34318.875	35031.8828125	37390.1875	37183.8984375	33216.09375	39148.0546875	39060.1171875	34273.33984375	29538.0859375	34691.24609375	33440.8828125	36026.2265625	38000.640625	35197.015625	36295.265625	33868.6640625	35582.66796875
Q8IUR5	TMTC1	Protein O-mannosyl-transferase TMTC1	Q8IUR5	TMTC1_HUMAN	0	1	1	1	1	1	1	0	1	0	1	1	1	0	1	1	1	1	1	1	1	1	1	0	0	0	0	1	1	1	1	NaN	39440.71484375	22469.390625	36209.16796875	20853.15234375	38793.890625	23905.99609375	NaN	15640.53515625	NaN	19154.791015625	11744.98828125	17693.900390625	NaN	21969.12890625	24057.728515625	35808.0234375	24016.130859375	20249.98828125	25099.267578125	23603.552734375	10123.8681640625	11443.662109375	NaN	NaN	NaN	NaN	6722.41650390625	10142.5751953125	18344.427734375	21936.681640625
Q8IVF2	AHNAK2	Protein AHNAK2	Q8IVF2	AHNK2_HUMAN	1	1	1	1	1	1	1	1	1	1	1	1	1	1	1	1	1	1	1	1	1	1	1	1	1	1	1	1	1	1	1	1167222.375	1790137.75	1558064.5	1364804.625	1220660.25	1456051.375	1746144.5	993964.3125	1057160.75	903818.125	961466.1875	1101270.75	1081038.5	1009482.4375	1334463	1563410.375	1380838.375	1285126.625	1103763.125	1029993.8125	1131230.5	949498.125	1509319	791695.4375	848561.5625	794870.1875	1169868.125	915308.25	867380.6875	1332655.5	1282019.875
Q8IWB7	WDFY1	WD repeat and FYVE domain-containing protein 1	Q8IWB7	WDFY1_HUMAN	1	1	1	1	1	1	1	1	1	1	1	1	1	1	1	1	1	1	1	1	1	1	1	1	1	1	1	1	1	1	1	12394.048828125	10967.2978515625	12940.072265625	12279.5849609375	12898.76953125	11955.865234375	12361.2919921875	7396.9638671875	9313.0888671875	9824.708984375	6051.28173828125	8227.7421875	10898.9462890625	8133.81201171875	9714.3115234375	8676.3193359375	7988.5732421875	7908.314453125	9084.328125	9575.111328125	6998.67822265625	11360.677734375	5277.287109375	7328.04150390625	11697.4208984375	11121.8623046875	8204.232421875	9954.0732421875	8221.5546875	8226.2431640625	10231.8193359375
Q8IXQ3	C9orf40	Uncharacterized protein C9orf40	Q8IXQ3	CI040_HUMAN	4	4	4	4	4	4	4	4	4	4	4	4	4	4	4	4	4	4	4	4	4	4	4	4	4	4	4	4	4	4	4	109856.2890625	106659.828125	110846.421875	116549	115283.9921875	118842.390625	117814.390625	78840.6171875	79034.578125	80859.2265625	91741.03125	82476.71875	87353.4609375	85143.8515625	94333.0546875	88329.34375	85418.703125	84836.4765625	85574.984375	90810.4453125	94030.734375	87126.9609375	88144.1484375	85250.5703125	94211.6640625	78512.703125	86351.984375	94786.984375	92349.34375	86298.6875	86650.625
Q8IZ83	ALDH16A1	Aldehyde dehydrogenase family 16 member A1	Q8IZ83	A16A1_HUMAN	22	22	22	22	22	22	22	22	22	22	21	22	22	22	22	22	22	22	22	22	22	22	22	22	22	22	22	22	22	22	22	75341.0625	79232.6953125	79173.203125	75396.15625	74203.2265625	77827.0859375	76818.34375	66775.2265625	67842.375	66501.46875	67260.6328125	66172.34375	67703.5234375	69684.203125	78059.2421875	79434.7421875	78496.3125	79321.53125	78665.96875	80219.125	79993.609375	71821.421875	76972.9140625	71563.7421875	74067.2109375	67087.890625	72806.453125	70156.3671875	74456.7421875	73621.40625	73252.75
Q8N3D4	EHBP1L1	EH domain-binding protein 1-like protein 1	Q8N3D4	EH1L1_HUMAN	4	4	4	4	4	4	3	4	3	3	4	4	4	4	4	4	4	3	4	4	3	4	4	4	2	4	4	3	4	4	4	7457.9931640625	7626.8154296875	7010.46875	7798.11767578125	7621.4169921875	8280.525390625	8506.3388671875	6393.14697265625	7332.12158203125	7255.64990234375	7798.80859375	5060.98876953125	5585.9052734375	6962.734375	7363.36328125	8734.78515625	8444.703125	8202.466796875	5341.5478515625	7112.2490234375	7691.53662109375	6665.61376953125	7765.86572265625	6370.021484375	6284.6015625	5203.3134765625	6222.20263671875	6224.8642578125	7589.0185546875	6783.3466796875	6250.94091796875
Q8N3F0	MTURN	Maturin	Q8N3F0	MTURN_HUMAN	2	2	2	2	2	2	2	2	2	2	2	2	2	2	2	2	2	2	2	2	2	2	2	2	2	2	2	2	2	2	2	12059.52734375	9419.8955078125	10050.029296875	10424.1513671875	10675.978515625	9965.01953125	10200.5	8607.2314453125	7851.4228515625	10760.4375	10112.5810546875	10022.923828125	10547.767578125	8682.001953125	12017.8974609375	12563.359375	9959.9658203125	11378.2314453125	10673.2900390625	13647.52734375	12130.9541015625	8505.72265625	9069.9541015625	8613.6103515625	10948.9091796875	8963.7255859375	10138.0478515625	8324.759765625	7588.63720703125	10077.525390625	8219.4775390625
Q8N4L4	SPEM1	Spermatid maturation protein 1	Q8N4L4	SPEM1_HUMAN	0	0	1	1	0	0	0	0	0	0	1	1	1	1	1	0	1	1	0	1	1	1	0	0	1	1	0	0	0	0	0	NaN	NaN	1597.067138671875	1717.4375	NaN	NaN	NaN	NaN	NaN	NaN	3796.429443359375	1619.740478515625	1699.850830078125	5946.40234375	4566.5986328125	NaN	2727.789306640625	4786.8427734375	NaN	1592.1163330078125	5903.509765625	5310.91162109375	NaN	NaN	2398.254638671875	2044.1090087890625	NaN	NaN	NaN	NaN	NaN
Q8N6D5	ANKRD29	Ankyrin repeat domain-containing protein 29	Q8N6D5	ANR29_HUMAN	1	1	1	1	1	1	1	1	1	1	1	1	1	1	1	1	1	1	1	1	1	1	1	1	1	1	1	1	1	1	1	86778.515625	86953.6328125	88860.78125	86470.703125	90301.4140625	78747.6875	78957.1640625	76011.6640625	75790.875	80296.484375	78835.8828125	80517.5078125	73409.4140625	72448.1015625	77197.859375	78694.5625	75990.9609375	78701.6171875	72766.1328125	80057.453125	80426.953125	86078.609375	87062.75	84814.078125	90456.5703125	87064.1796875	82346.6640625	90467.8359375	76606.5234375	82976.0703125	86184.140625
Q8N6M0	OTUD6B	Deubiquitinase OTUD6B	Q8N6M0	OTU6B_HUMAN	1	1	1	1	1	1	1	1	1	1	1	1	1	1	1	1	1	1	1	1	1	1	1	1	1	1	1	1	0	1	1	7606.4423828125	3667.65185546875	7352.5361328125	6672.2041015625	4016.58349609375	4939.7216796875	7505.2763671875	3915.45263671875	5142.4619140625	5584.7783203125	7175.92041015625	4341.751953125	8934.783203125	10129.8076171875	6606.86669921875	4004.431396484375	4096.54638671875	6671.19921875	2826.414794921875	5459.43994140625	7511.86328125	7313.02001953125	4913.69580078125	11005.5849609375	5773.09912109375	7875.10888671875	5261.2080078125	4787.6240234375	NaN	5748.16845703125	3911.073486328125
Q8N9N7	LRRC57	Leucine-rich repeat-containing protein 57	Q8N9N7	LRC57_HUMAN	0	1	1	1	1	1	0	0	1	1	1	0	1	1	1	0	1	1	1	1	1	1	1	1	1	1	1	1	1	1	1	NaN	8059.64599609375	7130.1162109375	7655.94873046875	6994.9296875	6899.0341796875	NaN	NaN	9099.56640625	9817.43359375	6068.74072265625	NaN	8191.1083984375	6660.220703125	7977.1572265625	NaN	6555.60791015625	7629.38037109375	7189.04638671875	7160.79248046875	6765.00927734375	7250.109375	4857.609375	5930.61962890625	5837.6220703125	5851.42626953125	4980.28466796875	6570.1845703125	6877.67919921875	7073.15966796875	7418.193359375
Q8NBI5	SLC43A3	Equilibrative nucleobase transporter 1	Q8NBI5	S43A3_HUMAN	1	1	1	1	1	1	1	1	1	1	1	1	1	1	1	1	1	1	1	1	1	1	1	1	1	1	1	1	1	1	1	29470.634765625	28675.607421875	30008.158203125	30513.392578125	26958.111328125	28455.765625	28157.970703125	26456.201171875	24426.2421875	26955.515625	26158.185546875	26322.685546875	25233.634765625	25003.654296875	28403.18359375	31556.04296875	30102.416015625	29983.669921875	28414.009765625	29469.919921875	28348.640625	31294.09765625	28727.59765625	27281.189453125	26494.998046875	26243.27734375	29591.4921875	28263.05859375	24774.837890625	26831.58203125	29067.173828125
Q8NCW5	NAXE	NAD(P)H-hydrate epimerase	Q8NCW5	NNRE_HUMAN	7	7	7	7	7	7	7	7	7	7	7	7	7	7	7	7	7	7	7	7	7	7	7	7	7	7	7	7	7	7	7	53928.42578125	49467.74609375	54423.1640625	51332.13671875	46149.4609375	52144.140625	52832.91015625	40247.94140625	42755.375	40240.89453125	42479.7421875	45475.96484375	40185.62109375	42861.80859375	51040.59375	49885.92578125	50422.01953125	45999.12109375	48635.890625	51865.390625	51829.3359375	39788.87890625	37464.80078125	42934.9921875	40345.61328125	42075.91796875	40194.171875	41216.6640625	45558.17578125	47506.15625	46269.05859375
Q8NEZ2	VPS37A	Vacuolar protein sorting-associated protein 37A	Q8NEZ2	VP37A_HUMAN	1	1	1	1	1	1	1	1	1	1	1	0	1	1	1	1	1	1	1	1	1	1	1	1	1	0	1	1	1	1	1	4846.27880859375	4956.728515625	3989.89990234375	5677.25	5295.7197265625	5550.03271484375	5582.3056640625	3505.66943359375	4109.58544921875	4151.205078125	4208.72265625	NaN	4085.73974609375	3787.5986328125	6159.38037109375	4391.1640625	4514.349609375	4361.28076171875	4496.26025390625	4497.8994140625	4892.541015625	3664.35791015625	4072.189453125	3045.683349609375	5310.5615234375	NaN	4272.0166015625	3851.206787109375	4107.568359375	4038.314697265625	5084.8935546875
Q8NEZ4	KMT2C	Histone-lysine N-methyltransferase 2C	Q8NEZ4	KMT2C_HUMAN	2	2	2	2	2	2	2	2	2	2	2	2	2	2	2	2	2	2	2	2	2	2	2	2	2	2	2	2	2	2	2	92045.8828125	115115.1640625	126277.9375	130988.8515625	131786.28125	112889.6015625	107850.0703125	95672.4453125	98470	118234.5234375	108285.1640625	121627.21875	101032.5078125	81533.0703125	89705.5625	86750	91781.3515625	82550.125	83982.796875	69417.171875	86733.5859375	41694.76171875	109815.3828125	68881.375	75623.8046875	51088.2734375	58028.04296875	60582.09765625	89292.234375	91020.25	115310.5078125
Q8NFQ8	TOR1AIP2	Torsin-1A-interacting protein 2	Q8NFQ8	TOIP2_HUMAN	1	0	1	1	0	1	1	1	1	1	1	0	1	1	1	1	1	0	1	1	1	1	0	1	1	1	1	1	1	1	1	5441.69189453125	NaN	6815.56201171875	6718.048828125	NaN	7667.8798828125	7526.77783203125	5287.65625	5721.97265625	3004.1748046875	527.2545166015625	NaN	5943.771484375	4427.224609375	1966.1112060546875	7728.4736328125	5617.8154296875	NaN	7154.8095703125	7637.15283203125	4928.7607421875	7844.7275390625	NaN	5249.9306640625	8885.8232421875	5718.61279296875	7716.421875	2352.386474609375	6307.9189453125	6364.70263671875	7740.365234375
Q8NG06	TRIM58	E3 ubiquitin-protein ligase TRIM58	Q8NG06	TRI58_HUMAN	1	1	1	1	1	1	1	1	1	0	1	0	1	0	1	1	1	0	1	1	1	0	0	0	1	0	0	0	0	1	1	3473.981689453125	2721.41552734375	5358.23779296875	3959.36474609375	7312.62109375	4312.07275390625	4711.17724609375	1196.3123779296875	1521.8831787109375	NaN	1298.048828125	NaN	585.753662109375	NaN	3953.232177734375	760.0457763671875	416.9913330078125	NaN	2555.075927734375	2806.95751953125	4469.40625	NaN	NaN	NaN	502.8434753417969	NaN	NaN	NaN	NaN	1549.469482421875	2461.355224609375
Q8NGZ2	OR14K1	Olfactory receptor 14K1	Q8NGZ2	O14K1_HUMAN	1	1	1	1	1	1	1	1	1	1	1	1	1	1	1	1	1	1	1	1	1	1	1	1	1	1	1	1	1	1	1	129492.3046875	123969.1484375	125090.5546875	129452.4296875	129345.375	129643.671875	117245.453125	98755.484375	109382.1875	103482.0703125	104893.3984375	98595.4140625	96809.5078125	93613.1640625	112271.8984375	112244.875	115293.6953125	109645.8203125	95072.40625	107605.9453125	111460.8359375	117887.640625	100601.734375	98283.0546875	108767.671875	97686.09375	115682.515625	100051.9296875	112302.234375	100060.65625	114147.9453125
Q8NHG7	SVIP	Small VCP/p97-interacting protein	Q8NHG7	SVIP_HUMAN	2	2	2	2	2	2	2	2	2	2	2	2	2	2	2	2	2	2	2	2	2	2	2	2	2	2	2	2	2	2	2	24122.046875	27883.921875	28675.392578125	24839.287109375	27994.56640625	28258.17578125	25661.251953125	31118.248046875	30540.3671875	32027.58203125	34771.09765625	32296.904296875	35287.77734375	31131.515625	31450.8359375	32403.060546875	28326.765625	27699.095703125	27718.845703125	28642.248046875	28516.388671875	28473.7265625	34291.8359375	33818.60546875	29028.328125	31223.9296875	22644.96875	30461.71484375	31168.48828125	32060.95703125	26690.2421875
Q8TAC1	RFESD	Rieske domain-containing protein	Q8TAC1	RFESD_HUMAN	7	7	7	7	7	7	7	7	7	7	7	7	7	7	7	7	7	7	7	7	7	7	7	7	7	7	7	7	7	7	7	31757.845703125	31788.0078125	32271.669921875	31967.990234375	28287.068359375	26622.84375	30548.994140625	25664.90625	28139.71875	27824.587890625	29285.62890625	27914.474609375	27265.134765625	25861.595703125	30877.521484375	29892.62109375	31494.84375	31860.326171875	30590.376953125	31361.73828125	30102.0078125	26910.720703125	27239.16015625	27174.1015625	28590.3046875	26223.767578125	27488.919921875	25623.150390625	26396.4921875	28370.376953125	29254.697265625
Q8TBC4	UBA3	NEDD8-activating enzyme E1 catalytic subunit	Q8TBC4	UBA3_HUMAN	2	2	2	2	2	2	1	2	2	2	2	2	2	2	2	2	2	2	1	1	2	2	2	2	2	2	2	2	2	2	2	13572.8427734375	15259.89453125	22945.71484375	22221.357421875	13185.81640625	16523.9375	11670.5712890625	13123.830078125	11610.8916015625	18676.26953125	16249.4228515625	11471.2294921875	16246.6142578125	11874.8994140625	12405.3173828125	24086.140625	10034.6103515625	13736.69921875	14927.3271484375	11541.900390625	17186.92578125	12369.6591796875	13544.1533203125	10823.986328125	21384.33203125	13426.78125	15177.5107421875	20778.1875	11748.2548828125	12240.82421875	12679.9482421875
Q8TBK6	ZCCHC10	Zinc finger CCHC domain-containing protein 10	Q8TBK6	ZCH10_HUMAN	1	1	1	1	1	1	1	1	1	1	1	1	1	1	1	1	1	1	1	1	1	1	1	1	1	1	1	1	1	1	1	35216220	27408294	32251214	37509648	41938336	34741432	34532412	35679696	25976162	31980060	29931478	35772044	35615120	25097904	28408144	27242438	31874096	24556268	26487960	35520616	31539238	35096992	25999454	38277052	37295384	8425792	31931822	32596752	25508762	32678844	37418660
Q8TBY9	CFAP251	Cilia- and flagella-associated protein 251	Q8TBY9	CF251_HUMAN	1	1	1	1	1	1	1	1	1	1	1	1	1	1	1	1	1	1	1	1	1	1	1	1	1	1	1	1	1	1	1	879615	871669.75	888096.3125	844608.8125	842087.1875	805409.3125	846781.125	744590.6875	709064	759841.5	752512.75	715632.125	739765.5625	692340.625	780510.4375	758930.5625	764810.25	766981.375	745476.5625	782413.5	796408.1875	746195.1875	760546.6875	736385.875	800383	755112.9375	730417.1875	722123.8125	733483.1875	695955.5	768080.625
Q8TC12	RDH11	Retinol dehydrogenase 11	Q8TC12	RDH11_HUMAN	1	1	1	1	1	1	1	1	1	1	1	1	1	1	1	1	1	1	1	1	1	1	1	1	1	1	1	1	1	1	1	4167.1328125	4980.17041015625	4155.30712890625	4961.48876953125	5380.8271484375	4020.17333984375	4949.814453125	4699.97412109375	5526.96728515625	6119.07666015625	5591.3671875	5173.90478515625	5084.7626953125	4360.22607421875	5882.0029296875	5471.2783203125	5884.6201171875	3771.5048828125	5242.568359375	6940.73779296875	4089.11083984375	3089.260009765625	4194.14306640625	4655.76953125	2559.748779296875	3592.383056640625	5139.34765625	4121.18408203125	4791.6162109375	4910.3974609375	5398.53564453125
Q8TC84	FANK1	Fibronectin type 3 and ankyrin repeat domains protein 1	Q8TC84	FANK1_HUMAN	1	1	1	1	1	1	1	1	1	1	1	1	1	1	1	1	1	1	1	1	1	1	1	1	1	1	1	1	1	1	1	29628.095703125	25635.0859375	30609.48828125	29314.2421875	35070.75	31766.802734375	32738.95703125	19882.2421875	13390.2705078125	16118.673828125	12414.474609375	22629.498046875	17180.00390625	28681.947265625	30795.55078125	18517.17578125	20670.779296875	24021.87890625	34825.1015625	29672.466796875	28954.44140625	27385.373046875	26311.203125	28428.154296875	28031.0078125	26412.97265625	28839.92578125	24487.9296875	25501.76171875	24921.375	27502.212890625
Q8TCU6	PREX1	Phosphatidylinositol 3,4,5-trisphosphate-dependent Rac exchanger 1 protein	Q8TCU6	PREX1_HUMAN	1	1	1	1	1	1	1	1	1	1	1	1	1	1	1	1	1	1	1	1	1	1	1	1	1	1	1	1	1	1	1	120109.7890625	91336.09375	122115.96875	148512.828125	151959.6875	109896.578125	111121.984375	86177.78125	99698.5546875	100633.984375	82044.4140625	106887.2265625	103133.421875	84500.015625	85326.7421875	88567.0390625	119380.1875	111463.609375	97298.3984375	83531.0546875	111181.703125	95680.8359375	101953.8046875	95059.8203125	87149.9453125	77948.4765625	96039.515625	84296.9140625	103035.3203125	77110.7109375	78693.625
Q8TD08	MAPK15	Mitogen-activated protein kinase 15	Q8TD08	MK15_HUMAN	1	1	1	1	1	1	1	1	1	1	1	1	1	1	1	1	1	1	1	1	1	1	1	1	1	1	1	1	1	1	1	38331.40625	39067.25	38142.5078125	41537.08984375	32004.578125	31078.7734375	36060.109375	28620.046875	29436.33203125	31986.771484375	28754.5546875	28715.01953125	31991.369140625	32863.0078125	29952.419921875	36147.5078125	32692.958984375	35856.76171875	34095.49609375	27014.265625	34390.62890625	30596.642578125	32295.099609375	34035.875	29336.53125	30202.7734375	20988.458984375	34006.82421875	33660.42578125	35921.703125	32825.48828125
Q8TEB1	DCAF11	DDB1- and CUL4-associated factor 11	Q8TEB1	DCA11_HUMAN	2	2	2	2	2	2	2	2	2	2	2	2	2	2	2	2	2	2	2	2	2	2	2	2	2	2	2	2	2	2	2	9758.4443359375	6399.525390625	6621.61181640625	8309.796875	6717.88916015625	11015.5244140625	11257.9052734375	6802.92138671875	5676.96044921875	5725.85009765625	5892.4931640625	5115.25537109375	7821.6455078125	7531.6142578125	12156.6494140625	10237.384765625	10784.740234375	12507.5283203125	8699.50390625	9185.8828125	6717.14208984375	4661.84375	4220.77587890625	4991.876953125	5435.4423828125	3120.76025390625	4976.93505859375	6122.3974609375	4340.3896484375	7591.83349609375	6965.72021484375
Q8WTU0	DDI1	Protein DDI1 homolog 1	Q8WTU0	DDI1_HUMAN	1	1	1	1	1	1	1	1	1	1	1	1	1	1	1	1	0	1	0	1	1	1	1	1	1	1	1	1	1	1	1	18940.986328125	15670.9365234375	22305.18359375	20431.541015625	15254.072265625	24487.064453125	17465.931640625	20114.966796875	17944.498046875	16411.03515625	9268.7216796875	17763.904296875	13624.5302734375	18658.09765625	15358.8427734375	23614.560546875	NaN	28694.2890625	NaN	18529.0859375	13937.7841796875	24460.28125	19784.775390625	18349.30078125	12653.4345703125	16139.197265625	13453.5869140625	12406.79296875	13317.435546875	17436.013671875	18717.337890625
Q8WUD1	RAB2B	Ras-related protein Rab-2B	Q8WUD1	RAB2B_HUMAN	1	1	1	1	1	1	1	1	1	1	1	1	1	1	1	1	1	1	1	1	1	1	1	1	1	1	1	1	1	1	1	16391.2265625	15450.376953125	17343.130859375	17240.048828125	16864.4765625	16438.990234375	15452.921875	14791.8056640625	15634.021484375	15658.8046875	16490.701171875	16153.4873046875	16003.416015625	16431.8671875	17529.234375	18302.04296875	17878.005859375	15807.841796875	15209.5234375	17112.484375	17278.689453125	11108.6103515625	13504.2158203125	11110.1708984375	13957.9970703125	11995.23046875	11879.5234375	11654.08984375	14461.0107421875	15787.3798828125	17329.025390625
Q8WUM4	PDCD6IP	Programmed cell death 6-interacting protein	Q8WUM4	PDC6I_HUMAN	37	36	37	37	37	37	37	36	38	36	38	36	36	37	35	36	36	36	36	36	36	38	35	37	38	36	37	37	37	36	36	63763.8515625	66562.1640625	64960.9921875	64573.875	65556.3984375	64179.265625	64815.80078125	58404.359375	55454.44921875	58084.15234375	58280.12890625	57655.0859375	57912.375	57934.71484375	67359.1484375	65287.46484375	68194.359375	66479.796875	64760.2421875	67732.4453125	68015.8828125	54989.86328125	59031.36328125	57597.65234375	56894.328125	54973.703125	57149.82421875	55016.296875	61117.65234375	61728.73828125	62472.9140625
Q8WVJ2	NUDCD2	NudC domain-containing protein 2	Q8WVJ2	NUDC2_HUMAN	5	5	5	5	5	5	5	5	5	5	5	5	5	5	5	5	5	5	5	5	5	5	5	5	5	5	5	5	5	5	5	40834.70703125	43164.37890625	38821.51953125	38617.46484375	38625.25390625	38225.2109375	39872.8046875	33704.125	32767.9609375	33355.58984375	36068.53125	31073.35546875	34536.34375	34962.9375	36471.94140625	35488.21875	37596.4609375	34237.2578125	35888.74609375	36649.671875	35733.70703125	32305.6640625	31830.427734375	35113.3515625	32674.57421875	32511.28515625	33743.1875	31496.865234375	35503.17578125	34144.5078125	35999.6328125
Q8WVM8	SCFD1	Sec1 family domain-containing protein 1	Q8WVM8	SCFD1_HUMAN	11	11	11	11	11	11	11	11	11	10	11	11	11	11	11	11	11	11	11	11	11	11	11	11	11	10	11	11	11	11	11	13687.1005859375	15260.9794921875	14480.3876953125	13981.22265625	14620.806640625	14597.009765625	12650.6494140625	10414.7236328125	10927.1064453125	10731.841796875	11110.884765625	10655.0419921875	9948	10962.029296875	11871.927734375	11222.84765625	11309.9169921875	11481.05078125	10270.42578125	11623.376953125	10987.521484375	9851.0439453125	10094.33203125	9449.31640625	9562.3662109375	8628.236328125	9817.1318359375	8746.2099609375	10927.9775390625	11195.13671875	11190.986328125
Q8WW12	PCNP	PEST proteolytic signal-containing nuclear protein	Q8WW12	PCNP_HUMAN	2	2	2	2	2	2	2	2	2	2	2	2	2	2	2	2	2	2	2	2	2	2	2	2	2	2	2	2	2	2	2	4221.87060546875	3690.7744140625	3244.68359375	3444.9482421875	4731.02880859375	3351.826171875	3827.822509765625	4887.31201171875	5116.27490234375	1955.9154052734375	4525.9833984375	4072.604736328125	3068.129638671875	3276.864013671875	4924.125	4779.802734375	4682.880859375	4297.32763671875	5186.779296875	4162.69921875	4120.10888671875	3362.90380859375	5207.22412109375	2457.477783203125	3355.361572265625	2681.46728515625	2739.095947265625	3921.00439453125	3883.119140625	3582.024658203125	4106.46484375
Q8WW22	DNAJA4	DnaJ homolog subfamily A member 4	Q8WW22	DNJA4_HUMAN	7	8	8	8	6	7	8	7	8	8	8	7	8	8	7	8	7	7	8	7	7	7	8	6	7	8	7	7	7	7	7	23078.728515625	22695.53125	23068.1875	22690.79296875	22600.134765625	20702.765625	23955.658203125	20596.103515625	20637.185546875	20289.91015625	21771.912109375	20591.98828125	21992.109375	20574.05078125	20093.935546875	19157.4921875	19832.021484375	19305.9453125	20768.1953125	18583.974609375	18582.50390625	16708.595703125	16360.0615234375	15459.69921875	15933.263671875	16140.6171875	14949.4052734375	15442.9169921875	17941.314453125	18906.19921875	18931.216796875
Q8WZ42	TTN	Titin	Q8WZ42	TITIN_HUMAN	1	1	1	1	1	1	1	1	1	1	1	1	1	1	1	1	1	1	1	1	1	1	1	1	1	1	1	1	1	1	1	8907.5654296875	6811.2265625	6889.384765625	6425.4375	8827.4228515625	6863.2509765625	6973.9189453125	7500.55322265625	7677.7314453125	6647.16650390625	5545.75390625	3683.590087890625	6093.21240234375	3846.33203125	5935.70458984375	3593.341796875	8146.25146484375	5729.15185546875	5295.0673828125	5511.5390625	7693.4111328125	8585.7001953125	4233.318359375	6936.9794921875	11532.3134765625	7243.77197265625	6012.287109375	13931.8779296875	3339.978271484375	7613.923828125	4099.83837890625
Q8WZA0	LZIC	Protein LZIC	Q8WZA0	LZIC_HUMAN	7	8	8	8	7	8	8	8	7	8	8	7	8	7	8	8	7	8	8	8	8	8	7	8	8	8	8	8	8	8	7	36447.6171875	36508.125	35009.53515625	37337.734375	34353.0859375	37028.171875	36076.7265625	32336.27734375	32204.833984375	30076.6875	32776.24609375	30279.4453125	29625.111328125	31726.1484375	31440.50390625	36701.12890625	36105.26171875	36257.609375	36986.24609375	34321.09765625	30537.642578125	33397.2265625	29026.4765625	28766.533203125	32132.119140625	27171.361328125	29910.099609375	28890.462890625	34995.3203125	28706.80859375	29387.482421875
Q92482	AQP3	Aquaporin-3	Q92482	AQP3_HUMAN	0	0	1	1	1	1	1	1	1	1	1	1	1	1	1	1	1	1	1	1	1	1	0	0	1	0	0	1	1	0	1	NaN	NaN	3469.509521484375	3031.459716796875	3019.075439453125	3763.65966796875	1656.386962890625	5517.6298828125	5016.33154296875	5683.9150390625	5534.87158203125	4125.2138671875	6297.39599609375	6706.64208984375	2882.57177734375	4594.13232421875	4473.62744140625	3850.148193359375	9151.943359375	4476.41015625	775.0523681640625	3672.716064453125	NaN	NaN	3529.642822265625	NaN	NaN	3968.425537109375	3425.05322265625	NaN	4080.963134765625
Q92496	CFHR4	Complement factor H-related protein 4	Q92496	FHR4_HUMAN	3	3	3	3	3	3	3	3	3	3	3	3	3	3	1	3	3	2	1	0	3	3	3	3	3	3	3	3	3	3	3	24543.30078125	23284.400390625	28081.783203125	25793.59765625	21185.98828125	28166.078125	29536.640625	24117.9765625	25580.095703125	27633.25390625	29338.994140625	27223.244140625	23088.47265625	30030.162109375	15645.7587890625	8254.794921875	4967.94189453125	7622.2734375	2032.62646484375	NaN	6015.0966796875	23712.60546875	22401.212890625	21734.482421875	20208.712890625	22532.486328125	20493.869140625	18091.013671875	18986.4921875	21008.4140625	23004.33984375
Q92530	PSMF1	Proteasome inhibitor PI31 subunit	Q92530	PSMF1_HUMAN	10	11	11	11	10	10	11	10	11	11	11	11	10	10	11	10	11	10	11	11	11	11	10	11	10	11	11	11	10	11	11	219161.84375	221831.75	219644.15625	214330.3125	215495.671875	211121.8125	217025.421875	180878.3125	176487.921875	171783.109375	177123.734375	171843.6875	172132.6875	179730.34375	196224.921875	195564.015625	202126.046875	198680.515625	197811.515625	198443.9375	198175.6875	178417.5	193908.921875	175830.953125	176468.15625	168443.1875	174581.3125	174101.828125	188363.53125	189806.609375	183504.84375
Q92539	LPIN2	Phosphatidate phosphatase LPIN2	Q92539	LPIN2_HUMAN	2	2	2	2	2	2	2	2	2	2	2	2	2	2	2	2	2	2	2	2	2	2	2	2	2	2	2	2	2	2	2	11390.0927734375	12745.2919921875	11976.421875	11766.0322265625	12730.3134765625	11774.734375	11649.4853515625	11406.3720703125	9349.986328125	9547.162109375	7168.552734375	12780.51171875	10635.0986328125	11586.83203125	17839.26171875	15397.8046875	17447.62890625	18611.69921875	17528.48046875	17403.79296875	15472.0498046875	13765.833984375	10402.9462890625	12313.8369140625	11192.9228515625	12304.5498046875	10851.2099609375	10156.5693359375	14413.5595703125	11161.2666015625	12220.2861328125
Q92614	MYO18A	Unconventional myosin-XVIIIa	Q92614	MY18A_HUMAN	2	2	2	2	2	2	2	2	2	2	2	2	2	2	2	2	2	2	1	2	2	1	2	2	2	2	1	2	2	2	2	7495.1708984375	6638.6640625	7752.67041015625	7020.751953125	7646.9228515625	8661.5283203125	6626.86669921875	6872.73486328125	7227.9326171875	6481.60693359375	7484.2470703125	7686.646484375	7366.86181640625	5636.26708984375	9212.6181640625	9547.3720703125	8588.923828125	8909.966796875	11972.4853515625	8848.2265625	10595.9697265625	6739.50830078125	6305.3251953125	6355.7255859375	6901.19970703125	8385.328125	4061.325927734375	6855.423828125	7535.12060546875	8082.34130859375	7531.33349609375
Q92734	TFG	Protein TFG	Q92734	TFG_HUMAN	1	1	1	1	1	1	1	1	1	1	1	1	1	1	1	1	1	1	1	1	1	1	1	1	1	1	1	1	1	1	1	38162.76953125	38095.81640625	29732.330078125	29250.24609375	29153.796875	31455.560546875	36893.4765625	37630.26953125	37943.2265625	36798.46484375	36475.69140625	33855.2109375	36749.9765625	40315.44140625	27069.580078125	30361.89453125	30625.171875	33780.12109375	24860.287109375	22423.189453125	34014.390625	41299.80078125	40031.04296875	32930.03125	36200.8125	34983.98828125	35935.0234375	35776.8046875	34560.62109375	34932.16015625	31631.86328125
Q92783	STAM	Signal transducing adapter molecule 1	Q92783	STAM1_HUMAN	5	5	5	5	5	5	5	5	5	4	5	5	5	5	4	5	5	5	5	5	5	5	5	5	5	5	5	5	5	5	4	14874.349609375	13309.455078125	15881.0556640625	11980.8974609375	12815.001953125	14691.65234375	13733.58984375	12586.923828125	11680.353515625	14357.529296875	13414.6845703125	13920.90625	13682.9111328125	13051.580078125	12428.8173828125	13870.814453125	11629.3779296875	13385.740234375	12522.8037109375	14178.982421875	12144.8701171875	13052.4853515625	13292.89453125	14577.107421875	13356.1357421875	14759.05859375	13766.837890625	12596.4140625	12344.9443359375	12769.2392578125	12155.6962890625
Q92841	DDX17	Probable ATP-dependent RNA helicase DDX17	Q92841	DDX17_HUMAN	1	1	1	1	1	1	1	1	1	1	1	1	1	1	1	1	1	1	1	1	1	1	1	1	1	1	1	1	1	1	1	8559.724609375	8850.703125	7867.7451171875	8640.9150390625	8674.056640625	7457.83837890625	7108.66943359375	7194.1123046875	5514.96044921875	7342.68408203125	7412.6376953125	3934.667724609375	6904.8271484375	6441.42138671875	7560.5302734375	6135.86474609375	7799.31591796875	7365.896484375	7122.3955078125	6437.75390625	5110.4267578125	7974.32373046875	5425.2529296875	4543.93359375	3871.302734375	1274.4718017578125	6265.748046875	7606.5966796875	6729.8427734375	7944.517578125	6948.25537109375
Q92882	OSTF1	Osteoclast-stimulating factor 1	Q92882	OSTF1_HUMAN	1	1	1	1	1	1	1	1	1	1	1	1	1	1	1	1	1	1	1	1	1	1	1	1	1	1	1	1	1	1	1	28376.00390625	21166.244140625	26691.02734375	20323.482421875	11092.509765625	22823.4609375	25510.08984375	21050.9453125	8436.4697265625	12034.3232421875	19300.865234375	13370.42578125	24655.25390625	5054.14599609375	20370.5234375	11048.306640625	15323.8583984375	20008.7734375	22251.318359375	17118.412109375	18587.408203125	11008.306640625	23327.072265625	21839.572265625	6287.1865234375	12211.275390625	9465.501953125	12259.3828125	20608.287109375	11476.0419921875	13969.205078125
Q92905	COPS5	COP9 signalosome complex subunit 5	Q92905	CSN5_HUMAN	8	8	8	8	8	8	8	8	8	8	8	7	8	8	8	8	8	8	8	8	8	8	7	8	8	7	8	8	8	8	8	43856.03515625	45911.0859375	43915.02734375	47034.484375	43955.62109375	43425.25	43126.69140625	37277.84375	37773.13671875	38337.4375	39838.1171875	37855.5	38124.79296875	39218.1640625	37371.96875	40810.35546875	38132.11328125	40631.19140625	37364.39453125	40081.86328125	41793.94921875	40683.9609375	32245.4609375	40636.8671875	41746.61328125	40060.97265625	38518.359375	38905.58203125	40221.18359375	41043.58203125	37807.9921875
Q92930	RAB8B	Ras-related protein Rab-8B	Q92930	RAB8B_HUMAN	3	3	3	3	4	3	3	3	4	4	4	4	3	4	4	3	4	4	3	3	4	3	3	3	2	3	3	4	4	4	4	25655.607421875	27343.869140625	24731.619140625	17413.515625	24200.771484375	26777.994140625	34993.75	17020.25	16992.65234375	15674.59765625	15304.9013671875	18296.11328125	26607.943359375	25127.189453125	22162.51171875	19277.32421875	23097.21484375	24957.4765625	21917.375	23036.220703125	26698.0234375	21190.677734375	13712.8056640625	9458.4287109375	21156.482421875	8094.705078125	10218.7568359375	9567.046875	29415.443359375	21369.009765625	6323.2314453125
Q92954	PRG4	Proteoglycan 4	Q92954	PRG4_HUMAN	3	3	4	5	1	4	4	4	4	5	5	5	5	5	4	4	5	4	4	5	5	5	4	5	5	5	5	5	4	4	4	6184.9775390625	7076.3955078125	6219.12353515625	5396.95458984375	8357.275390625	5639.87353515625	7463.2587890625	15850.466796875	16035.330078125	14012.865234375	18264.2890625	17229.615234375	15329.90625	17366.80078125	11365.5322265625	7114.2470703125	8222.5341796875	9577.869140625	13277.6640625	12287.8486328125	10765.3798828125	13123.833984375	12323.8173828125	18834.388671875	15675.3369140625	15750.6435546875	17615.15625	17876.87109375	11004.7880859375	13002.0771484375	14180.5830078125
Q92973	TNPO1	Transportin-1	Q92973	TNPO1_HUMAN	4	3	4	4	4	4	4	4	4	4	4	4	4	4	4	4	4	4	4	4	4	4	4	4	4	4	4	4	4	4	4	12458.224609375	11280.9267578125	13334.396484375	12812.9609375	13510.751953125	11367.724609375	13560.48046875	10216.20703125	11442.8779296875	12411.751953125	9221.205078125	9616.484375	10263.0029296875	10095.5234375	11150.615234375	12123.580078125	11147.2724609375	11994.3173828125	10925.3642578125	14066.6875	13064.181640625	10337.0478515625	11405.5966796875	7213.3818359375	11827.470703125	9906.0009765625	10545.7919921875	9897.7509765625	8676.2822265625	8808.1015625	11944.990234375
Q93008	USP9X	Probable ubiquitin carboxyl-terminal hydrolase FAF-X	Q93008	USP9X_HUMAN	27	28	28	28	28	28	28	28	28	28	27	27	27	28	28	28	28	28	28	28	28	26	27	28	28	27	26	27	28	28	28	50054.640625	49606.6015625	49582.08203125	49528.453125	48714.13671875	47416.63671875	48608.8359375	39626.6484375	39519.83984375	39858.3203125	40551.82421875	37878.67578125	37526.57421875	41169.9375	44319.671875	42287.00390625	43200.671875	42438.265625	43947.421875	43583.4296875	42015.453125	41194.37109375	43310.46484375	41536.7578125	42773.48046875	39460.80859375	40592.8125	40251.08984375	41152.09765625	42026.63671875	42880.75390625
Q93009	USP7	Ubiquitin carboxyl-terminal hydrolase 7	Q93009	UBP7_HUMAN	6	6	6	6	6	6	6	6	6	6	6	6	6	6	5	6	6	6	5	6	6	6	6	6	6	6	6	6	6	6	6	15084.7705078125	18592.3984375	16579.052734375	18397.048828125	15577.2294921875	16598.015625	17124.7421875	13768.3916015625	12951.494140625	13734.1337890625	12346.052734375	14564.9775390625	11221.162109375	13942.5849609375	12629.619140625	13155.8447265625	11991.62109375	13274.765625	13075.2353515625	13055.498046875	15281.62890625	16778.228515625	13745.4609375	15079.1533203125	14754.2509765625	15276.7568359375	13973.693359375	15447.4931640625	16156.474609375	15443.6513671875	12918.06640625
Q93034	CUL5	Cullin-5	Q93034	CUL5_HUMAN	5	5	5	5	5	5	5	4	4	5	5	4	5	5	5	5	5	5	5	5	5	5	5	5	4	4	4	5	5	5	5	14967.1044921875	14573.6474609375	15887.251953125	15581.9423828125	15377.7060546875	16068.3154296875	16564.255859375	11753.767578125	13282.12109375	11568.6171875	11443.1796875	11879.7763671875	12394.42578125	11770.6083984375	11639.3583984375	13499.0458984375	13453.5478515625	12301.990234375	13598.6240234375	13010.5205078125	14331.9521484375	10691.0791015625	11292.658203125	9254.7900390625	10955.1484375	12185.60546875	10313.576171875	10254.5205078125	12233.177734375	12527.6923828125	10885.0732421875
Q93070	ART4	Ecto-ADP-ribosyltransferase 4	Q93070	NAR4_HUMAN	1	1	1	1	1	1	1	1	1	1	1	1	1	1	1	1	1	1	1	1	1	1	1	1	1	1	1	1	1	1	1	17480.7578125	14498.97265625	17730.80078125	11487.1640625	17144.298828125	14168.3427734375	17722.591796875	15815.26171875	10141.6181640625	14584.7646484375	13891.703125	16220.765625	14964.9248046875	14903.044921875	15186.9521484375	14592.8486328125	15024.720703125	14936.3408203125	15426.091796875	18280.994140625	18722.6875	13312.7197265625	10232.431640625	13708.908203125	15383.134765625	13513.232421875	11914.72265625	13153.05859375	10791.6962890625	9549.185546875	14883.734375
Q93084	ATP2A3	Sarcoplasmic/endoplasmic reticulum calcium ATPase 3	Q93084	AT2A3_HUMAN	5	4	5	5	4	5	5	5	5	5	5	5	5	5	5	5	5	5	5	5	5	5	5	5	5	5	5	5	5	5	5	7254.50390625	9008.3125	10248.4326171875	8766.72265625	9604.90625	10141.3046875	9473.6064453125	12658.0576171875	11544.4365234375	14655.0771484375	13103.5673828125	12407.8076171875	13840.0126953125	11747.5400390625	11595.115234375	11445.51953125	11642.54296875	11628.146484375	11077.12109375	10941.2041015625	13703.8017578125	8850.1435546875	12971.51953125	7238.7587890625	9874.4755859375	9026.0966796875	9325.1767578125	8618.05078125	9670.662109375	11677.5478515625	10575.240234375
Q969R2	OSBP2	Oxysterol-binding protein 2	Q969R2	OSBP2_HUMAN	2	2	2	2	2	2	2	2	2	2	2	2	2	2	2	2	2	2	2	2	2	2	2	2	2	2	2	2	2	2	2	14102.458984375	15019.419921875	15948.609375	14881.01953125	14047.46875	15123.751953125	12701.794921875	14818.9599609375	16439.171875	16680.8203125	15021.26953125	15763.7275390625	18191.134765625	19951.447265625	13914.2509765625	14913.357421875	15892.7158203125	16208.328125	11020.43359375	14612.8330078125	13283.857421875	19018.806640625	16156.1953125	17454.53125	16326.9150390625	15351.6015625	15356.7529296875	16848.109375	17390.5	12736.4140625	13704.1875
Q969T9	WBP2	WW domain-binding protein 2	Q969T9	WBP2_HUMAN	8	8	8	8	8	8	8	8	8	8	8	8	8	8	8	8	8	8	8	8	8	8	8	8	8	8	8	8	8	8	8	92675.015625	92101.1640625	94490.0625	92093.4140625	86696.15625	84100.4453125	91609.546875	103417.1796875	100044.7265625	98156.296875	103128.4609375	105877.640625	97623.625	101797.734375	102285.734375	95704.1171875	103854.8046875	101608.3828125	99427.40625	100439.375	106105.84375	86861.015625	83789.90625	86191.0546875	89344.625	81832.796875	86089.4765625	85440.140625	96695.46875	91266.25	87075.1796875
Q96AT9	RPE	Ribulose-phosphate 3-epimerase	Q96AT9	RPE_HUMAN	6	6	6	6	6	6	6	6	6	6	6	6	6	6	6	6	6	6	6	6	6	6	5	6	6	6	6	6	6	6	6	29541.16015625	32421.126953125	33146.42578125	30916.333984375	28507.548828125	32926.35546875	28863.310546875	23411.150390625	24931.609375	23399.708984375	25168.62890625	24209.5390625	22768.236328125	28268.28125	30728.40625	25950.548828125	28422.123046875	27324.0625	32463.095703125	28210.41796875	29304.923828125	24377.296875	27663.513671875	25083.17578125	25837.169921875	25495.328125	27510.029296875	25649.25390625	30091.216796875	24471.20703125	27211.015625
Q96AZ6	ISG20	Interferon-stimulated gene 20 kDa protein	Q96AZ6	ISG20_HUMAN	1	1	1	1	1	1	1	1	1	1	1	1	1	1	1	1	1	1	1	1	1	1	0	1	1	1	1	1	1	1	1	7974.72265625	8451.5234375	8320.517578125	9063.4814453125	8501.8486328125	8851.0185546875	7122.11767578125	6156.39990234375	5475.88916015625	5826.017578125	8622.025390625	4175.84619140625	11308.9501953125	8286.6162109375	7811.7001953125	8407.8359375	8671.5234375	6919.7783203125	10227.46875	8768.6044921875	8270.7373046875	9515.4013671875	NaN	8419.5322265625	5552.21435546875	8587.4794921875	8267.3876953125	8683.0517578125	6796.2939453125	5782.92138671875	8076.7939453125
Q96BJ3	AIDA	Axin interactor, dorsalization-associated protein	Q96BJ3	AIDA_HUMAN	6	6	6	6	6	6	6	6	6	6	6	5	6	6	6	6	6	6	5	6	6	6	6	6	6	6	6	6	6	6	6	32030.763671875	31053.95703125	32305.400390625	33564.87109375	33228.66015625	32749.14453125	32123.486328125	28521.771484375	25965.330078125	25090.3125	27791.716796875	23279.138671875	27836.6875	24193.173828125	25657.798828125	29904.244140625	26871.232421875	27033.060546875	28935.302734375	27789.791015625	27244.78125	25133.0625	25344.203125	24242.81640625	26587.05859375	24031.900390625	26420.294921875	23890.240234375	27564.13671875	28084.75	26460.697265625
Q96BN8	OTULIN	Ubiquitin thioesterase otulin	Q96BN8	OTUL_HUMAN	1	1	1	1	1	1	1	1	1	1	1	1	1	1	1	1	1	1	1	1	1	1	1	1	1	1	1	1	1	1	1	17246.046875	16793.119140625	17309.591796875	14738.9091796875	13928.931640625	16517.341796875	16953.796875	7745.736328125	10954.01953125	10216.5244140625	11689.0419921875	9263.0712890625	10572.6357421875	10543.9638671875	16657.052734375	15843.7685546875	15725.8232421875	10846.3115234375	12947.9931640625	14158.1875	14706.03515625	11730.0107421875	13145.2578125	10898.94140625	13730.755859375	8649.7275390625	10019.9541015625	6803.98291015625	15076.2021484375	11130.384765625	11638.767578125
Q96BR1	SGK3	Serine/threonine-protein kinase Sgk3	Q96BR1	SGK3_HUMAN	1	1	1	1	1	1	1	1	1	1	1	1	1	1	1	1	1	1	1	1	1	1	1	1	1	1	1	1	1	1	1	22625.84765625	20245.416015625	24366.3671875	23010.501953125	22163.21875	22624.498046875	21439.599609375	15274.787109375	13926.341796875	13378.5703125	15611.53515625	15488.017578125	11114.623046875	12653.052734375	18674.326171875	16707.24609375	14492.83984375	14970.5126953125	18853.1171875	16742.677734375	17669.90234375	12806.4599609375	18821.05078125	11941.9990234375	16682.8984375	9074.982421875	14501.3486328125	8500.126953125	15461.11328125	15330.478515625	15630.220703125
Q96CD2	PPCDC	Phosphopantothenoylcysteine decarboxylase	Q96CD2	COAC_HUMAN	4	4	4	4	4	4	4	4	4	4	4	4	4	4	4	4	4	4	4	4	4	4	4	4	5	4	4	4	4	5	4	21373.89453125	20454.478515625	18108.62890625	16355.23828125	20384.12890625	18848.7109375	20293.04296875	13982.1357421875	13284.5673828125	11666.578125	16004.890625	15798.736328125	13142.2060546875	15140.7412109375	26178.515625	21455.578125	24580.021484375	23779.357421875	24862.421875	25438.083984375	24912.30859375	14267.1943359375	14663.54296875	14171.7509765625	11818.5703125	11491.9814453125	12179.1787109375	8843.4296875	16387.796875	18799.07421875	17076.876953125
Q96CV9	OPTN	Optineurin	Q96CV9	OPTN_HUMAN	5	5	5	5	5	5	5	4	5	5	4	5	4	5	5	5	5	5	5	5	5	4	5	4	4	5	4	4	4	4	5	12307.1591796875	13192.3818359375	12376.1298828125	11272.87890625	12485.72265625	12962.5126953125	12226.7587890625	13572.8134765625	12038.5732421875	12282.8642578125	13592.6484375	12435.234375	12426.7373046875	12175.197265625	14750.3720703125	14042.2734375	12738.3056640625	15268.005859375	15775.6953125	14414.0009765625	14717.1796875	9305.2626953125	11059.3544921875	10118.8916015625	11459	9511.2236328125	10698.8896484375	10388.671875	13201.736328125	11386.162109375	12764.6630859375
Q96CW1	AP2M1	AP-2 complex subunit mu	Q96CW1	AP2M1_HUMAN	10	10	10	10	10	10	10	9	9	10	10	9	9	9	9	9	9	8	9	9	8	9	7	9	9	10	10	10	10	9	9	45835.59375	40139.54296875	42487.2265625	44155.2578125	44669.19921875	46096	46367.421875	31973.9296875	31575.03125	32166.28125	26401.365234375	29827.341796875	30077.046875	32552.255859375	27420.04296875	26642.59375	24251.39453125	28832.7578125	28021.7578125	27217.5546875	23767.625	36432.32421875	33271.37109375	34960.984375	28416.658203125	34798.671875	33904.8203125	32768.65234375	31334.32421875	33299.54296875	32272.423828125
Q96DG6	CMBL	Carboxymethylenebutenolidase homolog	Q96DG6	CMBL_HUMAN	11	11	11	11	11	11	11	10	11	10	11	10	11	11	11	11	11	11	11	11	11	11	11	11	11	11	11	11	11	11	11	33929.734375	31923.283203125	32237.89453125	35285.78125	31707.080078125	29399.26171875	32783.08984375	19259.697265625	17491.095703125	18112.1953125	17860.14453125	18102.1953125	19290.990234375	16010.9052734375	39705.58984375	36193.80859375	35321.84765625	36848.47265625	37155.3203125	36341.26171875	37888.984375	33468.88671875	30768.748046875	32473.791015625	32244.134765625	29844.259765625	30843.826171875	31543.33984375	27865.07421875	27448.171875	29047.775390625
Q96DT7	ZBTB10	Zinc finger and BTB domain-containing protein 10	Q96DT7	ZBT10_HUMAN	0	0	0	0	0	0	0	0	0	0	0	0	0	0	1	1	1	1	1	1	1	0	0	0	0	0	0	0	1	1	1	NaN	NaN	NaN	NaN	NaN	NaN	NaN	NaN	NaN	NaN	NaN	NaN	NaN	NaN	24303.435546875	24741.880859375	30572.1015625	19182.03515625	19767.255859375	19561.9375	22108.59375	NaN	NaN	NaN	NaN	NaN	NaN	NaN	10205.3564453125	10265.41796875	15165.0185546875
Q96EP5	DAZAP1	DAZ-associated protein 1	Q96EP5	DAZP1_HUMAN	3	3	3	3	3	3	3	3	3	3	2	3	3	3	3	3	3	3	3	3	3	3	3	3	3	2	3	3	3	3	3	23310.896484375	23022.52734375	19875.330078125	21887.728515625	23330.8046875	20297.634765625	20583.953125	17660.005859375	18206.46484375	17598.4375	19350.1484375	13913.224609375	15070.4443359375	16146.259765625	16235.41015625	16465.060546875	17259.53515625	17177.154296875	17593.21484375	13672.0078125	18119.333984375	14294.15625	18793.158203125	17049.80078125	16632.60546875	13767.5751953125	16830.255859375	15214.451171875	17550.748046875	15774.48046875	16187.2314453125
Q96F85	CNRIP1	CB1 cannabinoid receptor-interacting protein 1	Q96F85	CNRP1_HUMAN	10	10	10	10	10	10	10	10	10	10	10	10	10	10	10	10	10	10	10	10	10	10	9	10	9	9	9	9	10	10	10	68465.34375	64978.15234375	66952.5625	62237.0625	66496.53125	64136.30859375	64087.20703125	70625.5625	70107.5234375	69498.2578125	71070.84375	69670.2578125	70851.4765625	71045.8125	66769.7109375	70046.8125	66386.171875	66649.640625	68096.3125	66587.5625	70640.4609375	46870.5234375	44738.9140625	48578.8671875	50660.4375	46198.73046875	47523.3359375	49064.96875	59674.7109375	61420.59375	63321.3671875
Q96FJ2	DYNLL2	Dynein light chain 2, cytoplasmic	Q96FJ2	DYL2_HUMAN	3	3	3	3	3	3	3	3	3	3	3	3	3	3	3	3	3	3	3	3	3	3	3	3	3	3	3	3	3	3	3	35237.80859375	35058.51953125	35749.8828125	35312.72265625	26921.66796875	33523.47265625	35504.9765625	29555.798828125	29538.509765625	31890.361328125	27355.470703125	25961.50390625	27023.974609375	29509.744140625	28138.953125	29921.4375	31302.994140625	31502.392578125	23495.419921875	26950.44140625	29205.0078125	19979.806640625	27621.0390625	18294.68359375	23033.482421875	20173.3046875	23027.08203125	22485.986328125	27516.890625	27844.486328125	27267.96875
Q96FV2	SCRN2	Secernin-2	Q96FV2	SCRN2_HUMAN	2	2	2	2	1	2	2	2	3	2	2	2	3	2	3	3	3	3	3	3	3	3	2	3	3	3	3	3	3	2	3	6342.59326171875	6529.9990234375	5968.10498046875	6201.8671875	6415.74658203125	5690.966796875	5787.87109375	5115.09130859375	6584.2236328125	6727.90234375	6920.68212890625	6728.63720703125	6519.38037109375	6020.5751953125	10689.0703125	8731.677734375	9856.1220703125	9358.40234375	10378.896484375	8203.6865234375	12553.6142578125	9449.8603515625	9273.4912109375	10636.7080078125	9710.9580078125	10647.2646484375	9027.763671875	10709.8310546875	8642.4755859375	7864.818359375	6794.53662109375
Q96FW1	OTUB1	Ubiquitin thioesterase OTUB1	Q96FW1	OTUB1_HUMAN	11	11	11	11	11	11	11	11	11	10	11	11	10	11	11	11	11	11	11	11	11	11	11	11	11	11	10	11	11	11	11	30416.712890625	29479.173828125	30136.5078125	28765.521484375	28801.73828125	28546.423828125	31262.466796875	27901.33984375	28258.58984375	26335.67578125	29286.544921875	26919.802734375	27542.396484375	27292.53125	32526.134765625	29240.396484375	30832.728515625	30485.564453125	29842.30859375	30028.40625	31852.126953125	26944.859375	26257.94921875	27611.037109375	28949.83203125	27532.369140625	27145.806640625	27112.755859375	27399.4609375	27684.642578125	28172.451171875
Q96FZ7	CHMP6	Charged multivesicular body protein 6	Q96FZ7	CHMP6_HUMAN	1	1	1	1	1	1	1	0	1	1	1	1	1	1	1	0	1	1	1	1	1	1	0	1	1	0	0	0	1	0	0	6587.34619140625	4924.1337890625	4914.3408203125	6151.99169921875	2784.08544921875	5901.99072265625	5187.9375	NaN	2383.69091796875	6209.60302734375	6444.6689453125	3976.406982421875	4589.38427734375	9083.265625	4114.57470703125	NaN	4137.57763671875	1149.9874267578125	5011.03369140625	6684.1201171875	1668.4774169921875	1512.5933837890625	NaN	2110.404296875	1874.8641357421875	NaN	NaN	NaN	4059.978515625	NaN	NaN
Q96G03	PGM2	Phosphopentomutase	Q96G03	PGM2_HUMAN	23	24	24	24	24	24	23	23	23	23	23	23	23	23	23	23	24	24	23	24	24	24	23	23	23	24	24	23	24	24	24	63352.671875	63866.5859375	64574.13671875	65254.53125	62850.65625	63272.20703125	61551.4765625	59878.35546875	60853.56640625	64435.53515625	63164.26171875	59226.66796875	63037.84375	64567.6875	63457.06640625	65615.1015625	66341.640625	68728.25	67721.5703125	67551.8515625	65497.57421875	62924.8203125	58680.7109375	62905.2890625	59306.3515625	65078.41796875	63056.7421875	60506.0078125	63489.31640625	63487.9140625	60537.41796875
Q96GD0	PDXP	Chronophin	Q96GD0	PLPP_HUMAN	10	10	10	10	10	10	10	10	10	10	10	10	10	10	10	10	10	10	10	10	10	9	10	10	10	10	10	9	10	10	10	52808.14453125	56286.48046875	54684.70703125	51397.1484375	55525.39453125	53145.46484375	51150.30859375	49206.70703125	50211.53125	51846.0625	53115.1484375	47472.40234375	54074.81640625	48922.25	54371.37890625	52454.546875	53508.25	54046.91796875	51892.8984375	51980.91015625	51869.49609375	45176	46490.203125	47507.0546875	48050.78125	47604.27734375	47566.08203125	48794.6328125	47812.34375	49296.26171875	48623.33203125
Q96GG9	DCUN1D1	DCN1-like protein 1	Q96GG9	DCNL1_HUMAN	9	9	9	9	9	9	9	9	9	9	9	9	9	9	9	9	9	9	9	9	9	9	9	9	9	9	9	9	9	9	9	60433.5390625	69804.4140625	68660.140625	68646.1328125	63356.5	60732.90625	60054.39453125	53315.84765625	52757.26171875	52880.94921875	53695.23828125	49721.7421875	51886.36328125	57080.03125	59649.203125	58088.06640625	58448.125	57306.16015625	53318.265625	55204.078125	55214.9609375	51557.26953125	55467.56640625	54835.58984375	53968.0703125	49395.140625	58512.2734375	55470.828125	58679.16796875	55859.2421875	52629.72265625
Q96GT9	XAGE2	X antigen family member 2	Q96GT9	XAGE2_HUMAN	1	1	1	1	1	1	1	1	1	1	1	1	1	1	1	1	1	0	1	1	1	1	1	1	1	1	1	1	1	1	1	16010.0791015625	5573.31640625	6568.00048828125	15121.7421875	3416.606689453125	8096.0751953125	6576.58203125	9073.6796875	7817.1728515625	7776.57275390625	20525.01953125	8.59099006652832	8.658872604370117	11108.6083984375	19283.083984375	16447.87109375	9013.40625	NaN	7979.00341796875	17877.994140625	19466.748046875	5344.396484375	7.7266154289245605	11185.7353515625	12041.13671875	3720.5703125	8892.265625	12.868494987487793	11717.017578125	20923.38671875	8.142631530761719
Q96H20	SNF8	Vacuolar-sorting protein SNF8	Q96H20	SNF8_HUMAN	1	1	1	1	1	1	1	1	1	1	1	1	1	1	1	1	1	1	1	1	1	1	1	1	1	1	1	1	1	1	1	22716.724609375	19565.689453125	20389.892578125	20624.65234375	18445.330078125	23407.08203125	20511.322265625	24325.853515625	23758.119140625	22634.671875	26838.1953125	24378.689453125	26041.646484375	27449.857421875	28119.859375	22932.5234375	27476.8359375	25375.98828125	24714.962890625	25573.73046875	26476.34375	27707.283203125	24132.01953125	26772.63671875	29064.890625	30545.22265625	28179.513671875	25669.115234375	24642.4375	22846.052734375	25338.986328125
Q96HD1	CRELD1	Protein disulfide isomerase CRELD1	Q96HD1	CREL1_HUMAN	1	1	1	1	1	1	1	1	1	1	1	1	1	1	1	1	1	1	1	1	1	1	1	1	1	1	1	1	1	1	1	3014.936767578125	1462.3670654296875	3060.865478515625	3051.028076171875	1605.2672119140625	1356.066650390625	3159.20703125	6751.01123046875	5719.189453125	7153.509765625	7619.78857421875	6934.1279296875	6740.369140625	6977.07470703125	4706.80517578125	4274.74169921875	3621.37060546875	3873.141357421875	4295.671875	4115.73095703125	4424.15673828125	2088.41064453125	4641.97021484375	4291.8232421875	4152.3095703125	4576.81494140625	3222.30322265625	4315.439453125	4649.93359375	4974.78564453125	4849.31884765625
Q96IJ6	GMPPA	Mannose-1-phosphate guanyltransferase alpha	Q96IJ6	GMPPA_HUMAN	4	3	3	4	4	3	4	3	4	2	4	4	4	2	4	4	3	4	4	4	4	3	3	4	4	4	4	4	4	4	4	24720.5703125	20627.494140625	19170.658203125	20429.255859375	19746.6328125	22928.76953125	17636.794921875	15362.4619140625	18761.392578125	16856.82421875	13019.2919921875	11031.5126953125	15888.3828125	16580.6953125	14391.29296875	15454.916015625	16246.880859375	14422.24609375	17489.6796875	14614.994140625	18010.537109375	21478.5390625	18641.62109375	21883.994140625	20710.48828125	19329.10546875	21775.859375	24723.1328125	18486.46875	16759.416015625	16766.408203125
Q96IU4	ABHD14B	Putative protein-lysine deacylase ABHD14B	Q96IU4	ABHEB_HUMAN	9	9	9	9	9	9	9	9	9	9	9	9	9	9	9	9	9	9	9	9	9	9	9	9	9	9	9	9	9	9	9	106959.8515625	118422.9140625	112716.6484375	107607.84375	105915.46875	107303.2421875	106544.3671875	87947.6328125	107041.3515625	96442.109375	96794.1875	88922.0859375	98259.65625	97864.8203125	96542.140625	97361.859375	98697.0078125	100364.9375	98624.265625	94482.0546875	95589.1015625	94814.78125	93513.3125	96400.2421875	97467.4140625	95206.484375	97469.8515625	94263.9765625	101109.3359375	94412.7890625	98638.125
Q96IY4	CPB2	Carboxypeptidase B2	Q96IY4	CBPB2_HUMAN	13	14	15	15	14	13	14	15	15	15	15	14	15	15	14	14	15	14	14	14	14	15	15	15	14	14	15	15	15	14	15	38463.23046875	39582.94140625	35825.953125	39272.48046875	37932.3359375	38409.125	38199.3125	63325.35546875	62310.86328125	66194.46875	60017.7578125	70716.96875	65141.96484375	65253.74609375	40527.140625	42858.49609375	42627.62109375	40878.69140625	43751.8125	43017.8359375	41990.56640625	57800.0078125	48385.390625	55722.6875	56431.19921875	62625.27734375	55367.83203125	59970.7734375	50640.265625	51096.109375	47300.82421875
Q96KN2	CNDP1	Beta-Ala-His dipeptidase	Q96KN2	CNDP1_HUMAN	10	10	10	10	10	10	9	10	10	10	10	10	10	10	10	10	10	10	10	10	10	10	9	10	10	10	10	10	10	10	10	29704.578125	31257.283203125	29914.216796875	30064.107421875	29984.68359375	31494.974609375	29186.4609375	34705.859375	32157.19921875	35353.671875	34455.63671875	35208.31640625	35107.16015625	34335.37109375	25322.12890625	25845.046875	25301.533203125	29015.91796875	26185.583984375	27434.740234375	25389.833984375	17868.2265625	19812.623046875	21104.19921875	21193.552734375	24407.849609375	22345.408203125	19201.171875	28813.87890625	26688.859375	28553.671875
Q96KP4	CNDP2	Cytosolic non-specific dipeptidase	Q96KP4	CNDP2_HUMAN	13	13	13	12	12	12	13	12	12	13	12	12	13	13	12	12	12	12	12	12	12	12	12	12	13	13	12	12	12	13	12	90327.2890625	91580.171875	87172.8046875	90049.3984375	88225.375	81546.2265625	94590.9296875	74252.828125	77631.1796875	67533.4296875	75605.1640625	74532.46875	71298.984375	70896.203125	68317.9453125	66336.953125	67638.1875	68302.25	70347.0234375	64035.05859375	68029.984375	80111.0390625	97597.421875	89447.9140625	88558.4296875	83652.21875	87639.5625	86802.875	79894.296875	82258.1953125	77606.90625
Q96L15	ART5	Ecto-ADP-ribosyltransferase 5	Q96L15	NAR5_HUMAN	1	1	1	1	1	1	1	1	1	1	1	1	1	1	1	1	1	1	1	1	1	1	1	1	1	1	1	1	1	1	1	19376.703125	23323.2734375	18995.771484375	18591.986328125	23598.037109375	20295.70703125	19396.21875	22427.171875	22562.59375	24454.7578125	16623.642578125	16833.955078125	22619.3203125	20274.884765625	21057.1171875	25033.736328125	23760.984375	20656.322265625	21848.009765625	15416.8671875	18762.869140625	22742.59375	12734.29296875	24730.048828125	20359.58203125	24630.333984375	26341.396484375	26446.326171875	19142.796875	20868.521484375	20627.1328125
Q96MG7	NSMCE3	Non-structural maintenance of chromosomes element 3 homolog	Q96MG7	NSE3_HUMAN	1	1	1	1	1	1	1	1	1	1	1	1	1	1	1	1	1	1	1	1	1	1	1	1	1	1	1	1	1	1	1	77520.2421875	100591.859375	57012.40625	80568.2578125	61101.91796875	75360.046875	79850.5390625	68740.2578125	86705.3671875	73356.40625	55957.3515625	73966.203125	64292.25	64980.9609375	77147.4921875	61300.0703125	62839.69921875	104409.03125	88543.65625	50729.95703125	62968.44921875	70089.4609375	55621.12109375	47511.140625	72164.9140625	53707.25	60546.875	44768.8828125	87633.8828125	74019.2109375	50088.2421875
Q96NA2	RILP	Rab-interacting lysosomal protein	Q96NA2	RILP_HUMAN	3	3	3	3	3	3	3	3	3	3	3	3	3	3	3	3	3	3	3	3	3	3	3	3	3	3	3	3	3	3	3	17601.298828125	23269.568359375	23457.9296875	24857.8125	25242.2109375	23566.580078125	21743.671875	23280.51953125	23094.16796875	20623.546875	23891.89453125	25009.7578125	21088.70703125	23533.802734375	25354.623046875	24468.50390625	23737.25390625	25053.244140625	22054.791015625	24264.85546875	24278.16796875	21705.33984375	12341.599609375	26486.509765625	19202.064453125	22950.763671875	19631.203125	18288.75390625	23954.55078125	21963.16796875	26057.35546875
Q96P70	IPO9	Importin-9	Q96P70	IPO9_HUMAN	12	12	12	12	12	12	12	12	12	11	12	12	11	11	12	12	12	12	12	12	12	12	11	11	11	11	11	12	12	12	12	55003.5234375	54199.203125	53911.98046875	55887.90625	57647.953125	53463.953125	56153.4140625	47595.7734375	47759.24609375	45005.3125	48136.8828125	45581.49609375	46534.30078125	47434.12109375	49751.875	48709.58984375	48059.94921875	48779.58984375	50956.98828125	50076.66015625	50759.84375	47816.2734375	44811.046875	45356.48046875	46062.01171875	46094.8046875	43924.0703125	44498.46875	46734.19140625	48781.6875	45556.875
Q96PD5	PGLYRP2	N-acetylmuramoyl-L-alanine amidase	Q96PD5	PGRP2_HUMAN	18	18	18	18	18	18	18	18	19	18	19	18	18	18	19	19	18	19	19	19	19	19	18	19	19	19	19	19	19	19	19	129240.296875	124094.890625	123086.984375	122537.90625	112239.5234375	120529.1328125	127080.96875	101699.953125	101078.5859375	97851.265625	88472.484375	105887.9375	90162.5703125	103511.40625	130025.234375	129068.8984375	133223.640625	133170.8125	133306.453125	132271.484375	131128.203125	160909.765625	178845.21875	164697.328125	159337.75	173983.25	154000.625	167474.0625	126373.125	131823.109375	130765.875
Q96PL5	ERMAP	Erythroid membrane-associated protein	Q96PL5	ERMAP_HUMAN	3	3	3	3	3	3	3	3	3	3	3	3	3	3	3	3	3	3	3	3	3	3	3	3	3	3	3	3	3	3	3	42110.1328125	45316.90234375	42768.30078125	40899.35546875	41815.04296875	44232.68359375	39940.12109375	36047.1953125	36628.06640625	38350.2421875	40164.90234375	33045.578125	37129.73828125	38556.796875	35158.5859375	35941.30078125	36172.16015625	39164.57421875	37183.265625	36509.9296875	39596.515625	37950.32421875	38308.68359375	36371.53515625	38559.63671875	35019.17578125	37615.40625	36375.3671875	39813.7734375	37677.64453125	36842.33984375
Q96QK1	VPS35	Vacuolar protein sorting-associated protein 35	Q96QK1	VPS35_HUMAN	1	1	1	1	1	1	1	1	1	1	1	1	1	1	1	1	1	1	1	1	1	1	1	1	1	1	1	1	1	1	1	13987.3310546875	14524.119140625	14345.0712890625	13701.8076171875	14630.5009765625	14032.8515625	14642.5654296875	14165.333984375	12435.6884765625	11578.626953125	11510.5625	12154.8291015625	10543.017578125	10383.169921875	10544.6669921875	11575.09375	12264.880859375	13106.091796875	9477.783203125	13087.84375	11910.140625	12345.4111328125	14585.8330078125	12378.744140625	10747.51171875	10242.3798828125	9236.57421875	10501.0390625	9277.5693359375	11299.236328125	12028.265625
Q99426	TBCB	Tubulin-folding cofactor B	Q99426	TBCB_HUMAN	4	4	4	4	4	4	4	4	4	4	4	4	4	4	4	4	4	4	4	4	4	4	4	4	4	4	4	4	4	4	4	10549.8212890625	9789.78125	10998.5224609375	10809.2568359375	11479.5146484375	11062.34765625	11581.4609375	13620.61328125	12616.8984375	13761.275390625	14763.4765625	11312.60546875	13265.826171875	14160.486328125	13030.787109375	12947.9404296875	13082.1650390625	11412.078125	11011.03125	12092.888671875	11181.3154296875	12226.4794921875	12309.4091796875	10324.8486328125	11540.41796875	10972.12109375	11448.4111328125	11397.38671875	9627.4814453125	13276.021484375	10512.2666015625
Q99436	PSMB7	Proteasome subunit beta type-7	Q99436	PSB7_HUMAN	12	12	12	12	12	12	11	12	12	12	12	12	12	12	12	12	12	12	12	12	12	12	12	12	12	12	12	12	12	12	12	95700.859375	95231	94300.109375	94214.5390625	90892.4609375	88980.59375	93332.640625	88556.078125	88699.0234375	89233.5234375	86826.453125	84856.625	87171.765625	86747.375	87038.96875	84247.5390625	85289.59375	85886.046875	84762.2421875	85492.4296875	84566.0625	88760.40625	80595.8203125	88562.359375	88623.53125	87574.6328125	87375.8515625	86660.171875	87120.484375	87042.2421875	85250.484375
Q99439	CNN2	Calponin-2	Q99439	CNN2_HUMAN	5	5	5	5	5	5	5	5	5	5	5	5	5	5	5	5	5	5	5	5	5	5	5	5	5	5	5	5	5	5	5	14047.8798828125	13535.3095703125	15124.4765625	13430.2890625	13840.853515625	14131.1767578125	14171.638671875	16952.541015625	16229.931640625	16727.822265625	17755.896484375	17508.576171875	17848.42578125	18229.798828125	17218.755859375	17281.48828125	17533.392578125	18719.033203125	18473.841796875	16082.3056640625	16757.01171875	11747.44921875	12096.375	13727.681640625	12074.2900390625	13543.9931640625	13847.8154296875	12494.78125	14529.7421875	15240.162109375	15446.962890625
Q99460	PSMD1	26S proteasome non-ATPase regulatory subunit 1	Q99460	PSMD1_HUMAN	24	24	24	24	24	24	23	23	23	23	24	22	24	23	24	24	24	24	22	24	24	23	23	23	24	24	23	23	24	24	24	47674.47265625	48196.02734375	48728.25390625	48466.41796875	47875.87109375	49880.25390625	48896.7890625	41994.37890625	37152.57421875	39797.9140625	38056.2109375	36589.1796875	38780.7109375	39421.46484375	44277.76171875	43343.59375	46233.03125	44902.15625	44986.33984375	43561.44921875	43851.23046875	39843.29296875	37772.26171875	35821.8515625	38071.421875	36400.0859375	37077.27734375	38343.6640625	39521.8828125	41996.44921875	41848.3984375
Q99497	PARK7	Parkinson disease protein 7	Q99497	PARK7_HUMAN	28	29	29	29	29	29	29	29	29	29	29	28	29	29	29	29	29	29	29	29	28	29	29	27	28	27	29	29	29	29	29	518474.9375	548063	551338.75	525504.125	502717.8125	517210.3125	530067.9375	441554.75	446966.9375	412123.375	437790.125	416352.46875	417267.84375	440138.71875	474779.25	473768.6875	484532.75	454456.03125	459617.5	451328.09375	469487.03125	445533.34375	503004.6875	444164.5625	449868.0625	423560.4375	445034.96875	442477.40625	458132.125	457087.5	456165.21875
Q99536	VAT1	Synaptic vesicle membrane protein VAT-1 homolog	Q99536	VAT1_HUMAN	2	3	3	3	3	3	2	3	3	3	3	3	3	3	3	2	2	3	3	3	3	3	3	3	3	3	3	3	3	3	3	9987.486328125	13632.095703125	12047.1923828125	14195.55859375	10424.12109375	10818.1044921875	13301.2001953125	13532.9033203125	11799.458984375	12211.9794921875	11907.8349609375	9878.9189453125	10928.4296875	15300.8427734375	11896.791015625	10272.51171875	10223.03515625	11078.0166015625	14230.51171875	11354.1826171875	13072.3671875	19798.755859375	10982.09375	21895.703125	17968.814453125	19707.6171875	21323.724609375	25258.384765625	14486.857421875	12792.3427734375	10960.5400390625
Q99598	TSNAX	Translin-associated protein X	Q99598	TSNAX_HUMAN	4	5	5	5	5	4	4	5	5	5	5	4	5	5	5	4	5	5	4	5	5	5	5	5	4	5	4	5	5	5	5	38560.71484375	40332.703125	40950.890625	44739.76171875	41189.00390625	31971.896484375	44016.19140625	38497.4765625	34901.19140625	39570.48828125	41796.86328125	32243.4453125	42009.4453125	34576.28125	47471.49609375	42120.75390625	45774.35546875	41414.8515625	40552.6015625	33636.5390625	43800.8046875	42307.96875	38669.19921875	42373.15625	41881.015625	37949.69921875	36793.51171875	41002.15234375	43954.359375	40851.1015625	41918.7734375
Q99627	COPS8	COP9 signalosome complex subunit 8	Q99627	CSN8_HUMAN	5	5	5	5	5	5	5	5	5	5	5	5	5	5	5	5	5	5	5	5	5	5	5	5	5	5	5	5	5	5	5	62396.01171875	57422.41015625	57106.6640625	54537.1640625	56602.71484375	51895.87109375	53804.53125	44629.6484375	50716.35546875	48239.98828125	57033.54296875	50611.47265625	53700.3203125	52028.61328125	50983.91015625	47569.46875	47065.62890625	44350.69140625	52197.50390625	44055.44140625	45562.328125	50704.7421875	44032.71875	51474.25390625	49261.98046875	49467.9609375	50657.12109375	51103.6953125	48113.19140625	52527.6796875	47624.74609375
Q99685	MGLL	Monoglyceride lipase	Q99685	MGLL_HUMAN	0	0	1	0	0	1	0	2	2	0	0	2	2	2	2	2	2	2	2	2	2	2	2	2	2	2	1	2	2	2	2	NaN	NaN	856.9033813476562	NaN	NaN	821.8924560546875	NaN	2622.5966796875	1368.913330078125	NaN	NaN	1639.2994384765625	965.0771484375	706.0849609375	3362.134521484375	2931.88916015625	2587.748046875	2362.44970703125	3301.84375	3085.85009765625	1763.104736328125	2133.034912109375	1123.5447998046875	1975.40283203125	1905.239013671875	2238.5498046875	2839.188720703125	997.556396484375	910.3248291015625	1327.208740234375	132.86805725097656
Q99689	FEZ1	Fasciculation and elongation protein zeta-1	Q99689	FEZ1_HUMAN	1	1	1	1	1	1	1	1	1	1	1	1	1	1	1	1	1	1	1	1	1	1	1	1	1	1	1	1	1	1	1	10164.3330078125	16010.0712890625	3053.711181640625	26551.162109375	1919.0135498046875	19514.763671875	1952.464599609375	60282.91015625	10928.8359375	23084.775390625	41597.0625	628.3211059570312	1335.0477294921875	7938.849609375	4517.6748046875	4385.16259765625	6095.34423828125	6976.3740234375	2218.73388671875	50378.4296875	4415.5673828125	8977.2861328125	2687.197265625	27125.62109375	16452.328125	46254.27734375	600.37939453125	40269.5	7140.36474609375	8511.8076171875	1134.3956298828125
Q99733	NAP1L4	Nucleosome assembly protein 1-like 4	Q99733	NP1L4_HUMAN	11	11	11	11	11	11	11	11	11	11	11	11	11	11	11	11	11	11	11	11	11	11	11	11	10	11	11	11	11	11	11	83393.6875	81184.3125	81365.1484375	77922.6484375	85147.7890625	81125.984375	83007.453125	59641.01171875	55792.0703125	56916.1171875	56127.86328125	56023.49609375	55285.49609375	55699.23828125	59677.9296875	57301.37109375	56010.8671875	59786.046875	59653.6796875	57565.56640625	60192.5625	61880.51171875	63612.80859375	59642.69921875	62999.34765625	61854.671875	62576.41796875	58216.29296875	64082.05859375	62904	63443.203125
Q99808	SLC29A1	Equilibrative nucleoside transporter 1	Q99808	S29A1_HUMAN	6	6	6	6	6	6	6	6	6	6	6	6	6	6	6	6	6	6	6	6	6	6	6	6	6	6	6	6	6	6	6	31742.93359375	27370.650390625	30721.134765625	29930.1484375	30546.798828125	31775.9140625	27944.90234375	29595.544921875	32454.93359375	24679.11328125	27990.677734375	22266.591796875	28871.626953125	32092.033203125	29897.984375	29021.033203125	28074.654296875	30902.404296875	29453.4140625	31895.30078125	30145.66796875	28954.259765625	21740.919921875	34913.7109375	32626.505859375	32218.919921875	30400.390625	28456.736328125	27401.228515625	28538.83203125	27409.09765625
Q99816	TSG101	Tumor susceptibility gene 101 protein	Q99816	TS101_HUMAN	2	2	2	2	2	2	2	2	2	2	2	2	2	2	2	2	2	2	2	2	2	1	2	2	1	2	2	2	2	2	2	4834.71728515625	6132.64892578125	3547.757080078125	6437.09423828125	6533.4853515625	5385.62646484375	6177.125	2711.697998046875	2405.385009765625	2469.443603515625	4977.52490234375	2563.090576171875	2511.1796875	272.4823913574219	4579.50537109375	2198.240234375	5153.97265625	4394.86962890625	3864.177734375	3648.613525390625	3641.5224609375	2559.223388671875	4133.513671875	1435.25341796875	2576.001953125	1839.389404296875	2022.21630859375	1745.0263671875	3184.24560546875	4707.4326171875	3622.49462890625
Q99829	CPNE1	Copine-1	Q99829	CPNE1_HUMAN	6	6	6	6	6	6	6	5	6	6	5	5	5	6	6	6	6	6	6	6	6	6	6	6	6	5	6	6	6	6	6	19696.078125	21306.744140625	22074.072265625	22503.6328125	21068.75390625	19281.08984375	22171.267578125	19322.048828125	20989.037109375	19233.466796875	18156.640625	18943.076171875	19739.53125	19274.126953125	27260.4609375	25892.857421875	25508.650390625	25917.822265625	27750.765625	27465.23046875	27737.146484375	26938.9921875	28922.966796875	26244.322265625	30750.22265625	28918.271484375	26252.775390625	28318.828125	22151.18359375	24524.271484375	24113.07421875
Q99832	CCT7	T-complex protein 1 subunit eta	Q99832	TCPH_HUMAN	24	24	24	24	24	24	24	23	24	23	22	23	23	24	23	24	23	23	21	23	23	24	22	23	24	23	23	24	24	24	24	346514.78125	361191.28125	356829.15625	348409.53125	365783	352665.53125	343371.75	244750.9375	253889.5	251790.8125	259634.84375	248447.96875	260195.09375	262610.71875	246419.015625	256940.28125	247306.4375	256810.828125	262169.25	250339.609375	250742.484375	308890.46875	261775.359375	291928.3125	286274.5625	292723.25	300907.59375	288971.5	278719.03125	283808.53125	278022.3125
Q99933	BAG1	BAG family molecular chaperone regulator 1	Q99933	BAG1_HUMAN	1	1	1	1	1	1	1	1	1	1	1	1	1	1	1	1	1	1	1	1	1	1	1	1	1	1	1	1	1	1	1	21970.166015625	17034.220703125	17213.390625	17903.08984375	20762.271484375	18092.90234375	19498.142578125	17542.5390625	13934.5166015625	19326.8671875	15585.623046875	17889.109375	17989.697265625	16109.7255859375	18226.419921875	18788.53515625	18162.716796875	18745.123046875	19303.48046875	19952.419921875	19210.765625	14594.73828125	14707.287109375	14568.44921875	19934.162109375	11871.8642578125	16136.966796875	17753.791015625	19945.513671875	19074.505859375	17296.837890625
Q9BPX5	ARPC5L	Actin-related protein 2/3 complex subunit 5-like protein	Q9BPX5	ARP5L_HUMAN	1	1	1	1	1	1	1	1	1	1	1	1	1	1	1	1	1	1	1	1	1	1	1	1	1	1	1	1	0	1	1	7003.1396484375	8691.8896484375	9347.33203125	9021.92578125	7527.58154296875	6171.890625	9511.7744140625	11428.2509765625	10343.4697265625	10339.1494140625	7838.81640625	13898.001953125	7291.53125	8969.8876953125	10224.5546875	9503.287109375	8702.9677734375	11419.3935546875	8367.08984375	11147.65234375	8753.953125	9874.7041015625	10064.8203125	8447.4072265625	13416.7783203125	7190.791015625	10191.908203125	12003.615234375	NaN	8487.2119140625	10320.181640625
Q9BQA1	WDR77	Methylosome protein WDR77	Q9BQA1	MEP50_HUMAN	5	5	5	5	5	5	5	5	5	5	5	5	5	4	5	5	5	5	5	5	4	5	5	5	5	5	5	4	5	5	5	38714.02734375	33535	35151.8359375	33654.6953125	37602.0546875	34920.0546875	34448.375	29886.65234375	29073.333984375	28229.67578125	30923.5390625	29619.771484375	32807.5078125	29914.861328125	32157.431640625	31564.103515625	32233.74609375	33209.04296875	34158.01953125	32271.576171875	33966.0234375	29995.9296875	28535.794921875	29209.279296875	32755.216796875	30984.619140625	28171.8828125	30729.328125	32856.23828125	31628.87890625	34479.4453125
Q9BRA2	TXNDC17	Thioredoxin domain-containing protein 17	Q9BRA2	TXD17_HUMAN	5	5	5	5	5	5	5	5	5	5	5	5	5	5	5	5	5	5	5	5	5	5	5	5	5	5	5	5	5	5	5	86593.34375	87714.53125	89590.84375	86563.1015625	83814.0859375	82935.046875	88927.5703125	76555.5234375	71031.609375	76760.703125	75810.21875	73838.375	77472.8203125	75728.703125	79908.9375	82847.3046875	83658.2421875	76591.5234375	81232.171875	81367.40625	81544.9921875	71771.140625	75703.3046875	72196.8359375	71038.3515625	70147.8125	71760.1640625	72106.0625	72165.828125	75048.6171875	79002.4921875
Q9BRF8	CPPED1	Serine/threonine-protein phosphatase CPPED1	Q9BRF8	CPPED_HUMAN	2	2	2	2	2	2	2	2	2	2	2	2	2	2	1	2	2	2	2	2	2	2	2	2	2	2	2	2	2	2	1	8817.3291015625	6499.8408203125	5264.8818359375	6527.0263671875	7302.2666015625	8343.2734375	8432.4169921875	4392.4228515625	4144.52978515625	7572.91650390625	9639.576171875	7933.65380859375	7420.6494140625	5152.845703125	7571.39794921875	8214.9482421875	7841.7099609375	7717.4638671875	10798.552734375	7167.1015625	8816.751953125	6950.28369140625	3817.79052734375	9882.6875	8159.7158203125	8753.4775390625	8889.875	8300.6513671875	8013.58837890625	6673.41943359375	8451.9267578125
Q9BRP8	PYM1	Partner of Y14 and mago	Q9BRP8	PYM1_HUMAN	1	1	1	1	1	1	1	1	1	1	1	1	1	1	1	1	1	1	1	1	1	1	1	1	1	1	1	1	1	1	1	3313.390380859375	5920.8505859375	4382.38525390625	6560.90478515625	5761.56396484375	3461.517578125	4325.759765625	5475.6259765625	5438.150390625	4720.04833984375	3427.189208984375	3362.872802734375	3837.461669921875	2493.851318359375	3284.39453125	3735.3388671875	5068.95068359375	4188.63330078125	5185.60498046875	5001.16015625	4393.9404296875	3264.362548828125	5409.6552734375	3846.098388671875	3627.993408203125	3975.45556640625	2854.3857421875	2733.454833984375	3803.43603515625	5431.1064453125	3674.94189453125
Q9BRT3	MIEN1	Migration and invasion enhancer 1	Q9BRT3	MIEN1_HUMAN	3	3	3	3	3	3	3	2	2	2	2	2	2	2	2	2	2	2	2	2	2	2	2	2	2	2	2	2	3	3	3	38857.48046875	37720.0234375	36052.83984375	42122.18359375	49370.64453125	38459.5078125	38429.80859375	42766.30078125	50628.5234375	40474.453125	53795.9453125	50048.15234375	54909.98828125	46076.38671875	37533.421875	46392.890625	38604.9765625	42854.48828125	33764.5390625	37004.85546875	48603.38671875	44634.3515625	44797.265625	42036.859375	50120.640625	50040.5390625	44579.4921875	46195.3046875	43701.59375	40389.0546875	37943.25390625
Q9BS40	LXN	Latexin	Q9BS40	LXN_HUMAN	5	5	5	5	5	6	5	5	5	5	5	5	5	5	6	6	6	6	6	6	6	6	6	6	6	6	6	5	6	5	6	156500.859375	152386.3125	159015.03125	160078.5625	156973.828125	152355.25	159115.65625	144316.109375	143067.734375	143983.5625	136973.234375	136915.28125	132379.828125	143792.578125	131917.375	126814.453125	135568.328125	121818.34375	133490.46875	123625.40625	137206.265625	130859.46875	113425.7734375	132774.453125	128069.0625	122570.5	133665.78125	124660.796875	133589.265625	134710.75	133572.890625
Q9BSF0	C2orf88	Small membrane A-kinase anchor protein	Q9BSF0	SMAKA_HUMAN	1	1	0	1	0	0	0	1	1	1	1	1	1	1	0	0	0	0	0	0	1	0	0	0	0	0	0	0	1	1	1	7815.3037109375	2776.6416015625	NaN	2113.3408203125	NaN	NaN	NaN	4366.689453125	8337.8623046875	7196.3486328125	6786.80859375	9611.380859375	9446.1005859375	6020.8095703125	NaN	NaN	NaN	NaN	NaN	NaN	4441.025390625	NaN	NaN	NaN	NaN	NaN	NaN	NaN	6931.07421875	3264.11328125	4457.43701171875
Q9BSL1	UBAC1	Ubiquitin-associated domain-containing protein 1	Q9BSL1	UBAC1_HUMAN	20	19	18	20	19	20	20	19	20	19	20	20	18	20	19	19	20	19	19	19	20	19	20	20	19	20	18	20	19	20	20	74299.28125	77058.3515625	77155.5546875	74479.65625	75420.25	70770.6953125	73035.203125	63699.3046875	66468.53125	69657.125	70990.546875	68333.1015625	68302.640625	70618.4140625	73457.7734375	74646.0234375	74214	76986.40625	74504.734375	73434.5625	75017.84375	73987.296875	64994.2578125	77303.25	72226.25	71164.6796875	71777.875	74105.7890625	71146.09375	69946.421875	73929.8671875
Q9BT73	PSMG3	Proteasome assembly chaperone 3	Q9BT73	PSMG3_HUMAN	5	5	5	5	5	5	5	5	5	5	5	5	5	5	5	5	5	5	5	5	5	5	5	5	5	5	5	5	5	5	5	17267.2265625	17307.55859375	17161.6171875	18333.54296875	17956.28515625	17162.271484375	17982.828125	16046.4072265625	15232.03515625	15641.9521484375	15104.400390625	14839.6083984375	15615.0126953125	14748.22265625	17392.22265625	18382.341796875	17659.576171875	18195.626953125	17265.673828125	17819.24609375	18118.837890625	16961.1171875	12391.681640625	14222.576171875	15892.1259765625	16588.76953125	14991.6953125	14879.9912109375	14757.2421875	14619.4482421875	15107.1552734375
Q9BT78	COPS4	COP9 signalosome complex subunit 4	Q9BT78	CSN4_HUMAN	16	17	17	17	16	15	17	17	17	17	17	17	17	17	16	17	17	17	16	16	16	16	16	17	17	17	17	16	17	17	17	68311.7578125	68119.2578125	68924.46875	66418.7265625	69386.578125	66831.4609375	62625.546875	61465.9609375	61582.68359375	64679.69140625	66473.125	63574.98046875	64252.43359375	64624.9296875	62606.10546875	57569.84765625	59601.140625	61616.83203125	60646.671875	59375.7890625	60285.30078125	58459.37890625	60360.625	59437.06640625	65582.0703125	62247.24609375	63322.1484375	57320.1796875	62906.08984375	59728.2734375	61134.37890625
Q9BTM9	URM1	Ubiquitin-related modifier 1	Q9BTM9	URM1_HUMAN	1	1	1	1	1	1	1	1	1	1	1	1	1	1	1	1	0	1	1	1	1	1	0	1	1	1	1	1	1	1	1	11441.8154296875	11498.267578125	11870.078125	7646.19287109375	19247.720703125	16828.974609375	15543.62890625	11192.5712890625	14278.9990234375	14964.3447265625	15780.595703125	16734.126953125	15405.2138671875	10962.3515625	14135.7451171875	11942.2802734375	NaN	9514.0791015625	14175.771484375	10370.7333984375	15509.5546875	11685.5126953125	NaN	15278.927734375	14348.9609375	15250.9736328125	14144.396484375	14841.947265625	13225.779296875	11890.0478515625	11455.978515625
Q9BTU6	PI4K2A	Phosphatidylinositol 4-kinase type 2-alpha	Q9BTU6	P4K2A_HUMAN	1	1	1	1	1	1	0	1	1	1	1	1	1	1	1	1	0	1	1	0	1	1	1	1	1	1	1	1	1	1	1	4547.54736328125	4990.38525390625	2574.512939453125	2148.6279296875	4803.2451171875	1809.69775390625	NaN	4193.0302734375	4212.04443359375	5063.26123046875	5076.89501953125	3352.7421875	3332.22998046875	5560.70703125	4940.64599609375	2184.734130859375	NaN	1756.0936279296875	2188.7939453125	NaN	3263.372802734375	5934.09619140625	4982.50439453125	4001.338623046875	4018.240478515625	3431.05322265625	4896.015625	2899.685546875	3924.371826171875	3909.1435546875	4697.58837890625
Q9BUL8	PDCD10	Programmed cell death protein 10	Q9BUL8	PDC10_HUMAN	2	2	2	2	2	2	2	2	2	2	2	2	2	2	1	1	1	2	2	1	2	2	2	2	2	2	2	2	2	2	2	16847.21875	16295.4697265625	15237.0498046875	13060.65234375	15651.8623046875	16260.0185546875	14652.8330078125	15812.646484375	14373.0439453125	13102.931640625	13167.67578125	11716.5205078125	12027.66015625	15612.71875	10355.0810546875	14397.6474609375	10783.431640625	11896.8701171875	15670.7373046875	11737.01953125	13743.064453125	12738.384765625	13393.5849609375	17372.58984375	15202.32421875	7119.89990234375	11494.4580078125	9864.767578125	16794.154296875	11955.4189453125	13916.5224609375
Q9BUN1	MENT	Protein MENT	Q9BUN1	MENT_HUMAN	1	1	1	1	1	1	1	1	1	1	1	1	1	1	1	1	1	1	1	1	1	1	1	1	1	1	1	1	1	1	1	8152.28173828125	8228.3642578125	7272.478515625	9915.2099609375	7236.69287109375	8603.888671875	6516.87158203125	10104.822265625	8928.7431640625	10846.208984375	9647.337890625	11541.7265625	5373.3212890625	7973.4833984375	7036.669921875	10094.25	9412.8271484375	8637.771484375	6949.4775390625	8418.9091796875	6110.578125	9146.6494140625	8190.9970703125	8825.1396484375	6974.72509765625	8538.9443359375	9778.3193359375	10479.451171875	8555.88671875	9366.697265625	9438.201171875
Q9BV20	MRI1	Methylthioribose-1-phosphate isomerase	Q9BV20	MTNA_HUMAN	5	5	5	5	5	5	5	5	4	4	5	5	5	5	5	5	5	5	5	4	5	4	5	4	3	4	5	5	5	5	4	25835.064453125	27690.345703125	25718.625	26050.892578125	28287.375	26507.265625	23553.912109375	20611.595703125	22988.658203125	19377.47265625	20297.25390625	23823.017578125	20518.5859375	23922.91015625	16885.966796875	14652.7353515625	16489.9765625	16587.16796875	15724.294921875	18817.900390625	17181.703125	16076.08984375	13576.4375	15060.4892578125	9262.72265625	17181.77734375	15689.9013671875	16611.490234375	19406.435546875	19969.3359375	20690.115234375
Q9BVJ7	DUSP23	Dual specificity protein phosphatase 23	Q9BVJ7	DUS23_HUMAN	1	1	1	1	1	1	1	1	1	1	1	1	1	1	1	1	1	1	1	1	1	1	1	1	1	1	1	1	1	1	1	20184.890625	20011.060546875	19143.8828125	21515.7890625	20214.458984375	22354.697265625	17993.978515625	19886.943359375	22694.765625	17790.208984375	20721.431640625	20686.29296875	19887.69921875	19611.29296875	20512.607421875	21253.736328125	19595.404296875	18775.216796875	20844.341796875	20418.44921875	17038.59765625	20760.578125	19924.669921875	17679.677734375	15718.1611328125	18999.369140625	19277.48046875	21217.9453125	18966.14453125	19601.150390625	17755.404296875
Q9BVK6	TMED9	Transmembrane emp24 domain-containing protein 9	Q9BVK6	TMED9_HUMAN	1	0	0	1	1	1	1	0	1	1	1	1	1	1	0	1	0	0	1	1	1	1	0	1	1	0	0	1	1	1	0	6452.130859375	NaN	NaN	4230.04150390625	5727.021484375	5031.82763671875	6159.0048828125	NaN	4322.87060546875	5243.62109375	3402.04638671875	4837.1943359375	3782.82666015625	4543.68115234375	NaN	3751.640869140625	NaN	NaN	5369.224609375	3154.188232421875	4488.30078125	3611.16259765625	NaN	3040.67724609375	3554.849365234375	NaN	NaN	4938.6083984375	4848.484375	1444.111328125	NaN
Q9BVL4	SELENOO	Protein adenylyltransferase SelO, mitochondrial	Q9BVL4	SELO_HUMAN	1	1	1	1	1	1	1	1	1	1	1	1	1	1	1	1	1	1	1	1	1	1	1	1	1	1	1	1	1	1	1	7974.970703125	8927.83984375	6972.5458984375	5737.75634765625	5931.900390625	5604.8212890625	6725.1044921875	4580.7998046875	5932.2958984375	5671.326171875	5226.6865234375	4093.9609375	4765.56787109375	6190.10546875	6224.23974609375	7145.39501953125	6918.47509765625	4852.51611328125	6380.529296875	5818.21875	6377.8349609375	5843.64111328125	6540.47900390625	5557.33984375	5020.181640625	7017.55078125	4702.00634765625	5796.39990234375	6808.18994140625	7005.74365234375	7136.12255859375
Q9BVM2	DPCD	Protein DPCD	Q9BVM2	DPCD_HUMAN	2	2	1	2	1	2	1	2	2	2	2	2	2	2	2	2	1	2	2	2	2	2	1	2	2	2	2	2	2	2	2	10280.828125	12960.2548828125	11627.3447265625	10957.82421875	10795.107421875	9591.5361328125	10388.5576171875	10089.6943359375	12967.359375	13090.3232421875	15501.7119140625	13399.32421875	14199.3095703125	15957.3994140625	12570.85546875	9668.546875	12410.0537109375	9934.9326171875	13335.318359375	10419.986328125	11612.73828125	12412.142578125	10556.48828125	14116.1640625	11524.2607421875	14289.474609375	14204.17578125	14703.2607421875	13468.1533203125	11938.658203125	12267.248046875
Q9BWD1	ACAT2	Acetyl-CoA acetyltransferase, cytosolic	Q9BWD1	THIC_HUMAN	13	13	13	13	13	13	13	13	13	13	13	13	13	13	13	13	13	13	13	13	13	13	12	13	13	13	13	13	13	13	13	107072.8359375	116357.03125	117464.953125	115311.71875	112422.4609375	119284.3984375	114480.390625	95793.2109375	93731.5859375	93635.640625	89732.6484375	89078.2109375	93004.9921875	96972.046875	102211.390625	109083.65625	101886.7421875	108779.6171875	102648.2421875	108127.6328125	101254.296875	98565.1953125	105448.9375	96851.546875	101262.546875	96759.46875	102132.6328125	101959.96875	99559.234375	98914.515625	102015.5
Q9BWP8	COLEC11	Collectin-11	Q9BWP8	COL11_HUMAN	3	2	3	3	3	3	3	3	3	3	3	3	3	3	3	3	3	3	3	3	3	3	3	3	3	3	3	3	3	3	3	11020.2275390625	10936.099609375	10530.263671875	11069.8486328125	9553.1328125	8394.2021484375	10055.7265625	10321.3134765625	8039.859375	9805.7783203125	11321.5703125	8536.8125	10512.150390625	10899.8134765625	10481.5185546875	8667.978515625	10623.8125	7316.8955078125	9107.4951171875	9508.0888671875	9625.82421875	11753.443359375	11912.6171875	13466.9404296875	12936.80859375	12487.251953125	12600.58203125	13612.6357421875	11188.96875	11605.541015625	10625.9833984375
Q9BXR6	CFHR5	Complement factor H-related protein 5	Q9BXR6	FHR5_HUMAN	1	0	1	1	1	1	1	1	1	1	1	1	1	1	0	1	1	0	1	1	1	1	1	1	1	1	1	1	1	1	1	5505.00146484375	NaN	7169.05029296875	30486.0390625	1491.6566162109375	11294.4951171875	9267.2197265625	14360.8408203125	6740.11279296875	9269.359375	13526.693359375	14177.0673828125	10936.9501953125	15088.37109375	NaN	2369.77685546875	2008.2625732421875	NaN	3042.8515625	5566.27294921875	4260.6337890625	6970.70947265625	6782.310546875	14287.9990234375	7625.2607421875	8360.048828125	9231.8779296875	10612.16015625	5007.2353515625	7991.5771484375	7904.51513671875
Q9BY32	ITPA	Inosine triphosphate pyrophosphatase	Q9BY32	ITPA_HUMAN	2	2	2	2	2	2	2	0	0	0	0	0	0	0	2	2	2	2	2	2	2	2	2	2	2	2	2	2	2	2	2	25243.912109375	21441.720703125	25211.51171875	25732.74609375	24868	23078.841796875	25939.169921875	NaN	NaN	NaN	NaN	NaN	NaN	NaN	22764.4765625	25224.91015625	20830.291015625	21844.44921875	25370.44140625	21994.388671875	22163.556640625	24328.095703125	27446.556640625	25690.6015625	26892.0390625	25826.521484375	25640.80859375	26451.185546875	21087.962890625	19348.03515625	22685.31640625
Q9BY43	CHMP4A	Charged multivesicular body protein 4a	Q9BY43	CHM4A_HUMAN	4	4	4	3	4	4	4	4	4	4	4	4	4	4	4	4	4	4	4	4	4	4	4	4	4	4	4	4	4	4	4	32729.150390625	32004.193359375	33632.87109375	32641.923828125	34123.61328125	31125.337890625	33259.25390625	27293.7421875	27601.974609375	31741.072265625	30270.458984375	27365.4921875	36890.47265625	33019.7109375	25553.79296875	25205.458984375	25329.41015625	25679.693359375	27362.037109375	26269.056640625	23118.314453125	28021.626953125	27623.373046875	24982.529296875	29323.408203125	27904.44921875	26689.529296875	30529.77734375	27545.76953125	28671.568359375	28258.232421875
Q9BYB0;Q9UPX8	SHANK3;SHANK2	SH3 and multiple ankyrin repeat domains protein 3;SH3 and multiple ankyrin repeat domains protein 2	Q9BYB0;Q9UPX8	SHAN3_HUMAN;SHAN2_HUMAN	1	1	1	1	1	1	1	1	1	1	1	1	1	1	1	1	1	1	1	1	1	1	1	1	1	1	1	1	1	1	1	5956.36962890625	6837.98193359375	7356.57275390625	7047.30322265625	5420.00244140625	5758.2900390625	5608.8525390625	6536.0068359375	6233.9267578125	6889.70458984375	7325.359375	7825.62255859375	6032.2421875	7179.29638671875	8011.9453125	6421.85205078125	6433.4384765625	7457.2177734375	6531.63232421875	6195.9111328125	7665.92626953125	8263.236328125	7528.904296875	9083.8154296875	6079.51953125	6737.56982421875	7460.74365234375	8964.26171875	5096.701171875	5800.66796875	7696.1787109375
Q9BYN0	SRXN1	Sulfiredoxin-1	Q9BYN0	SRXN1_HUMAN	1	1	1	1	1	1	1	1	1	1	1	1	1	1	1	1	0	0	1	1	1	1	1	1	1	1	1	1	1	1	1	23355.94921875	12998.6376953125	9858.861328125	23699.64453125	18042.955078125	16022.8076171875	20992.404296875	11074.017578125	11158.2431640625	8985.4677734375	5958.27734375	6116.55322265625	10038.642578125	7405.59130859375	16207.052734375	8436.244140625	NaN	NaN	16949.048828125	11097.5263671875	19750.576171875	15374.603515625	18654.736328125	10883.5849609375	11999.3828125	11296.2822265625	13091.541015625	11907.126953125	15888.181640625	10847.517578125	14159.990234375
Q9C0C9	UBE2O	(E3-independent) E2 ubiquitin-conjugating enzyme	Q9C0C9	UBE2O_HUMAN	32	31	32	33	30	31	31	30	31	33	32	32	32	31	33	31	32	31	32	32	30	30	31	30	32	30	31	33	31	32	32	62125.7109375	65389.56640625	65004.625	63075.9765625	62219.8359375	61664.3515625	66213.6875	55299.69140625	51719.17578125	53495.3828125	54371.9140625	52074.34375	54198.953125	54847.515625	57787.26171875	56908.06640625	57419.296875	57182.89453125	56086.35546875	58093.1875	57812.2421875	59734.48828125	51722.70703125	57394.9296875	57629.16015625	58018.3359375	55955.57421875	57197.62109375	55320.59765625	55127.45703125	57491.99609375
Q9GZN8	ADISSP	Adipose-secreted signaling protein	Q9GZN8	ADSSP_HUMAN	1	1	1	1	1	1	1	1	1	1	1	0	1	1	1	1	1	1	1	1	1	1	1	1	1	1	1	1	1	1	1	1542.37353515625	4348.28369140625	4908.78466796875	6814.79150390625	9538.1640625	3366.653076171875	518.4238891601562	746.3418579101562	3627.48486328125	5244.67236328125	1042.341796875	NaN	9.023274421691895	3092.551025390625	3043.0126953125	6620.880859375	5020.59619140625	1965.6187744140625	6338.40283203125	6338.578125	9678.1181640625	3504.5029296875	4640.9150390625	2094.782958984375	1239.743896484375	1859.051513671875	4323.51220703125	3831.52734375	4714.47021484375	3214.433837890625	2.063218593597412
Q9GZP4	PITHD1	PITH domain-containing protein 1	Q9GZP4	PITH1_HUMAN	15	15	15	15	15	15	15	14	15	15	15	15	15	15	14	14	14	13	14	15	15	15	15	15	15	15	15	15	15	15	15	201357.0625	201030.96875	204198.984375	206727.515625	209089.125	201740.921875	203993.96875	158805.21875	160800.4375	152650.65625	154262.390625	157192.65625	166075.09375	164076.734375	185251.890625	190310.921875	180828.359375	187480.515625	187739.0625	180398.265625	184490.25	167719.421875	144633.421875	168272.59375	171191.390625	160841.8125	171673.828125	162196.5625	174682.328125	165491.921875	174912.765625
Q9GZT8	NIF3L1	NIF3-like protein 1	Q9GZT8	NIF3L_HUMAN	14	14	14	14	14	14	14	14	14	14	14	14	14	14	14	14	14	14	14	14	14	14	14	14	14	14	14	14	14	14	14	62941.1484375	58446.42578125	59665.796875	59710.2734375	59299.52734375	59780.31640625	60389.640625	50829.4453125	48998.6953125	49584.87890625	48849.2421875	51959.2734375	49632.875	51911.296875	56078.77734375	52593.81640625	54689.609375	56164.52734375	55358.4140625	54488.38671875	53951.08984375	50037.64453125	54623.15625	52400.2578125	51260.5546875	51838.921875	52708.02734375	48101.48046875	54481.75390625	52838.27734375	53464.5625
Q9GZZ9	UBA5	Ubiquitin-like modifier-activating enzyme 5	Q9GZZ9	UBA5_HUMAN	6	6	6	6	6	6	6	6	6	6	6	6	6	6	6	6	6	6	6	6	6	6	6	6	6	6	6	6	6	6	6	32651.84375	34056.84765625	36461.109375	34269.44140625	33893.5	33896.21875	33994.4609375	24722.224609375	25729.2890625	25076.74609375	24159.599609375	24669.50390625	25411.2109375	24957.236328125	32685.099609375	29864.388671875	32058.734375	31237.66796875	31538.0390625	30186.595703125	29874.181640625	28417.91796875	28271.87890625	26966.80078125	24973.5	27164.8203125	25320.0859375	27905.36328125	30309.65625	28980.169921875	27471.384765625
Q9H008	LHPP	Phospholysine phosphohistidine inorganic pyrophosphate phosphatase	Q9H008	LHPP_HUMAN	9	11	10	9	11	9	9	11	11	10	11	11	11	11	10	11	11	10	11	11	11	11	10	11	11	11	11	11	11	11	11	29500.01953125	23361.263671875	25771.515625	23651.29296875	24164.205078125	22405.458984375	22039.3359375	39341.24609375	44509.71484375	36887.984375	43111.94140625	41841.578125	45093.703125	44535.61328125	32868.828125	34534.25390625	33551.75390625	33093.00390625	34683.8515625	30798.064453125	32499.34375	46899.91015625	39737.375	49642.20703125	46736.44140625	47499.65234375	45921.30078125	45425.97265625	37356.16015625	37294.30078125	35978.4375
Q9H0N5	PCBD2	Pterin-4-alpha-carbinolamine dehydratase 2	Q9H0N5	PHS2_HUMAN	4	4	4	4	4	4	4	4	4	4	4	4	4	4	4	4	4	4	4	4	4	4	4	4	4	4	4	4	4	4	4	24103.1875	19779.9453125	21370.443359375	21002.900390625	20405.44921875	20265.203125	21894.060546875	16908.0703125	14745.3603515625	13960.505859375	16232.056640625	15014.1650390625	17890.28515625	16169.025390625	19500.248046875	16808.8125	19578.376953125	19093.37890625	17501.716796875	19302.865234375	18264.826171875	19647.5390625	17962.1015625	20472.734375	20471.087890625	17677.314453125	18146.1171875	18388.904296875	17758.232421875	19533.359375	19010.5625
Q9H0P0	NT5C3A	Cytosolic 5'-nucleotidase 3A	Q9H0P0	5NT3A_HUMAN	8	7	7	7	8	7	7	8	8	8	8	8	8	6	8	7	7	7	8	7	8	8	8	8	8	8	8	8	7	7	7	24700.923828125	24703.400390625	23095.671875	23271.6015625	23163.79296875	21632.900390625	22621.140625	10026.8525390625	10711.818359375	9601.640625	11973.1298828125	11441.1865234375	12008.7724609375	11923.3701171875	13548.36328125	14679.474609375	14717.03125	14556.84765625	14543.435546875	14863.28125	13837.4072265625	16177.9091796875	16320.6923828125	17489.025390625	16383.7841796875	17003.67578125	16065.84765625	14325.0517578125	15276.2275390625	16835.75390625	14796.7548828125
Q9H0R3	TMEM222	Transmembrane protein 222	Q9H0R3	TM222_HUMAN	1	1	1	1	1	1	1	1	1	1	1	1	1	1	1	1	1	1	1	1	1	1	1	1	1	1	1	1	1	1	1	4654.3310546875	6080.794921875	7580.18115234375	7847.47314453125	5921.564453125	6338.140625	7428.46630859375	2973.556396484375	5108.98486328125	5194.18212890625	6060.693359375	5878.9150390625	4873.23974609375	6390.48486328125	7983.32373046875	4746.55712890625	5193.9365234375	6511.99267578125	4251.8466796875	4365.61474609375	7562.0009765625	2862.884765625	5335.2568359375	2811.83154296875	2835.709716796875	3562.18603515625	2766.92041015625	3793.669677734375	6540.04931640625	4912.71044921875	4226.8154296875
Q9H0R4	HDHD2	Haloacid dehalogenase-like hydrolase domain-containing protein 2	Q9H0R4	HDHD2_HUMAN	8	8	8	8	8	8	8	8	8	8	8	7	8	8	8	8	8	8	8	8	8	8	7	8	8	8	8	8	8	8	8	21699.384765625	21581.99609375	21955.609375	21579.333984375	20222.341796875	18995.193359375	20577.9921875	11684.7890625	12014.189453125	11545.765625	12283.5224609375	11066.765625	11162.9931640625	11457.880859375	20984.005859375	19606.33203125	20583.142578125	20234.232421875	20134.271484375	18580.255859375	19954.328125	17950.546875	20477.083984375	17674.919921875	19291.51953125	17966.880859375	18395.47265625	18905.6640625	18342.84765625	18072.62109375	17328.033203125
Q9H0R8	GABARAPL1	Gamma-aminobutyric acid receptor-associated protein-like 1	Q9H0R8	GBRL1_HUMAN	1	1	1	1	1	1	1	1	1	1	1	1	1	1	1	1	1	0	1	1	1	1	1	1	1	1	1	1	1	1	1	20364.78515625	17032.046875	18552.97265625	18517.46875	17213.380859375	18063.076171875	14693.47265625	11114.865234375	13730.6328125	13299.3701171875	14881.9384765625	11336.779296875	11198.4326171875	12640.8486328125	9066.521484375	8211.982421875	10366.802734375	NaN	11273.2099609375	9291.4609375	12249.0224609375	12031.2666015625	13054.86328125	15111.2783203125	10289.294921875	10487.572265625	8264.50390625	8952.1240234375	10521.6591796875	11177.03515625	12499.001953125
Q9H0U4	RAB1B	Ras-related protein Rab-1B	Q9H0U4	RAB1B_HUMAN	4	4	4	4	3	4	4	4	4	4	4	4	4	4	4	4	4	4	4	4	4	4	3	4	4	4	4	4	4	4	4	33899.859375	36038.7109375	34962.671875	35244.08203125	33740.7578125	37290.1953125	32980.16796875	28896.16796875	29944.509765625	29036.125	32842.7890625	27658.501953125	28291.154296875	29836.224609375	32122.271484375	33024.15625	33963.81640625	33385.22265625	32442.470703125	32360.6796875	32132.6328125	29763.615234375	31404.693359375	29039.802734375	29607.890625	28725.4296875	30210.123046875	30199.1953125	32143.609375	29723.220703125	29629.55078125
Q9H0W9	C11orf54	Ester hydrolase C11orf54	Q9H0W9	CK054_HUMAN	2	2	2	2	2	2	2	2	2	2	2	1	2	2	2	2	2	2	2	2	2	2	2	2	2	2	1	2	2	2	2	13176.205078125	15728.1259765625	11586.1708984375	14245.208984375	14262.7314453125	12492.2978515625	15454.4619140625	7646.8955078125	8977.7236328125	9714.35546875	8284.9765625	7464.68603515625	9528.4248046875	8454.12890625	13889.5087890625	14751.3564453125	12016.3203125	14659.171875	14305.466796875	13356.552734375	12587.615234375	7989.294921875	8716.5224609375	9436.8662109375	11291.05078125	6569.52001953125	11126.9296875	8946.4482421875	10427.1298828125	12329.8662109375	9968.05078125
Q9H201	EPN3	Epsin-3	Q9H201	EPN3_HUMAN	1	1	1	1	1	1	1	1	1	1	1	1	1	1	1	1	1	1	1	1	1	1	1	1	1	1	1	1	1	1	1	6897.76025390625	7172.173828125	6829.64501953125	5519.29150390625	7104.232421875	6965.43994140625	5832.884765625	3829.11865234375	5192.66796875	3714.040771484375	4160.11181640625	4766.20654296875	4464.5439453125	4457.64306640625	4969.56005859375	4822.23291015625	5614.47314453125	5871.79833984375	4868.00244140625	4541.40771484375	4780.583984375	5291.19140625	3973.832275390625	5006.29052734375	5836.10009765625	5275.4697265625	5113.2392578125	5307.5107421875	5236.56298828125	5858.99072265625	4771.76611328125
Q9H254	SPTBN4	Spectrin beta chain, non-erythrocytic 4	Q9H254	SPTN4_HUMAN	2	2	2	2	2	2	2	2	2	2	2	2	2	2	2	2	2	2	2	2	2	2	2	2	2	2	2	2	1	2	2	12784.22265625	11599.3310546875	12633.6240234375	12579.638671875	17478.783203125	6119.5419921875	16801.197265625	10484.4052734375	7346.51611328125	10524.638671875	10948.828125	11781.5341796875	9782.7265625	9211.0146484375	7953.14208984375	14389.2568359375	9611.8330078125	8868.4931640625	7690.59521484375	9396.662109375	10755.064453125	11455.8916015625	10195.4873046875	9925.0556640625	10938.8486328125	9810.9736328125	10975.173828125	9798.509765625	10595.607421875	8630.90234375	9338.779296875
Q9H299	SH3BGRL3	SH3 domain-binding glutamic acid-rich-like protein 3	Q9H299	SH3L3_HUMAN	6	8	8	8	6	8	7	8	8	8	8	8	6	8	8	8	8	8	8	7	8	8	6	6	7	6	7	8	8	7	8	146879.734375	134133.90625	146294.078125	153529.515625	146863.796875	131755.15625	132941.046875	111815.5390625	109437.21875	110846.28125	119260.921875	120646.5546875	112841.6484375	114675.9375	154659.9375	143735	155184.765625	137149.21875	139403.46875	156610.078125	157270.1875	106921.875	122380.765625	112372.8984375	119834.625	125408.859375	113466.1640625	121561.515625	119804.3125	127156.8515625	128862.921875
Q9H2H8	PPIL3	Peptidyl-prolyl cis-trans isomerase-like 3	Q9H2H8	PPIL3_HUMAN	5	5	5	5	5	5	5	4	5	4	4	4	4	4	5	5	5	5	5	5	5	5	5	5	5	5	5	5	5	5	5	37690.80078125	38384.1328125	40179.90234375	39566.58984375	39215.2109375	39132.85546875	37544.23828125	12507.810546875	15303.8134765625	15195.7138671875	15623.154296875	13687.294921875	15850.392578125	17271.732421875	28291.84375	29125	27445.451171875	29620.26171875	31578.408203125	30670.458984375	30713.49609375	30354.966796875	33353.5390625	31350.5625	32543.90625	28263.26953125	32190.2109375	31604.119140625	29977.212890625	28254.830078125	27933.5859375
Q9H3K6	BOLA2	BolA-like protein 2	Q9H3K6	BOLA2_HUMAN	6	6	6	6	6	6	6	6	7	6	7	6	7	7	6	7	7	7	6	7	6	7	6	7	7	7	7	7	6	6	6	81362.5859375	86630.4375	84252.484375	83579.703125	80988.0390625	81077.6796875	82886.5078125	85501.921875	87034.046875	91436.609375	87137.9609375	88571.7265625	83123.9453125	87920.2109375	86755.015625	90103.5546875	90934.7421875	85461.0546875	87509.46875	84563.8671875	89180.0234375	68568.40625	71832.453125	75545.359375	79461.96875	75838.5	82232.3125	75599.828125	75435.203125	82295.328125	72409.6640625
Q9H444	CHMP4B	Charged multivesicular body protein 4b	Q9H444	CHM4B_HUMAN	4	4	4	4	4	4	4	4	4	4	4	4	4	4	4	4	4	4	4	4	4	3	4	4	4	4	4	4	4	4	4	18942.451171875	20790.998046875	17539.78125	16646.701171875	19152.103515625	17734.76953125	16734.55078125	16308.8701171875	16609.90625	16641.638671875	18418.8515625	17502.888671875	16644.3359375	18107.61328125	18679.958984375	16816.572265625	18891.1875	15201.2900390625	16764.015625	16874.875	15991.302734375	13178.921875	16620.67578125	14488.951171875	13872.66015625	12392.2353515625	12876.341796875	15251.6181640625	17652.439453125	16043.171875	15149.2958984375
Q9H479	FN3K	Fructosamine-3-kinase	Q9H479	FN3K_HUMAN	17	17	17	17	17	17	17	17	17	17	17	17	17	17	17	17	17	17	17	17	17	17	17	17	17	17	17	17	17	17	17	84248.28125	86783.8671875	88010.3125	79608.8984375	83143.0546875	84338.640625	83192.78125	96839.53125	96375.765625	92914.046875	91953.5078125	88493.3203125	96462.890625	94884.25	64500.21484375	64004.046875	64881.7109375	61229.8671875	66884.4609375	65176.83203125	67152.0078125	91761.3984375	93641.0234375	91800.203125	92515.1640625	87935.8671875	91367.953125	88960.3203125	82609.3984375	79420.9921875	80416.5390625
Q9H4A3	WNK1	Serine/threonine-protein kinase WNK1	Q9H4A3	WNK1_HUMAN	11	12	12	12	12	12	12	12	12	12	12	11	11	11	12	12	11	12	12	12	11	12	12	12	12	11	12	12	12	12	12	26613.916015625	26521.38671875	27460.408203125	27418.884765625	26903.1171875	27085.73828125	25632.384765625	25679.044921875	24961.060546875	27402.85546875	28185.912109375	26468.681640625	27359.451171875	27661.49609375	27939.666015625	27818.330078125	28823.052734375	26605.46484375	29384.83984375	28982.42578125	27527	23508.97265625	26584.2578125	27167.875	25599.916015625	22976.03125	24681.791015625	24587.3359375	25323.482421875	25716.755859375	27649.73046875
Q9H4A4	RNPEP	Aminopeptidase B	Q9H4A4	AMPB_HUMAN	7	7	7	7	7	7	7	7	7	7	7	7	7	7	5	5	4	6	5	5	5	7	6	7	7	6	7	7	7	7	7	12608.9501953125	11891.2822265625	11568.46484375	12420.986328125	12643.7900390625	10756.4677734375	10395.703125	10433.48046875	9465.576171875	9887.7802734375	10722.4892578125	10462.673828125	9391.6064453125	11219.177734375	5650.15380859375	4990.6787109375	5344.38037109375	4968.73291015625	5486.07568359375	5978.41552734375	6230.458984375	9148.0634765625	5436.93408203125	7735.70556640625	7685.97412109375	7678.7763671875	8068.6025390625	8199.6787109375	8166.54736328125	7886.681640625	8645.44140625
Q9H4B7	TUBB1	Tubulin beta-1 chain	Q9H4B7	TBB1_HUMAN	13	13	13	13	12	13	11	12	12	13	12	11	12	13	13	13	13	13	13	13	13	13	13	13	13	13	13	13	13	13	13	64824.515625	67832.6953125	70052.0546875	69609.84375	70128.7265625	68153.078125	67876.046875	54113.35546875	56676.5625	61837.875	60626.81640625	56673.9765625	55117.1484375	53908.23828125	80692.6953125	90230.3515625	84932.921875	84414.0625	82180.6015625	83280.9375	85831.4296875	73740.234375	71352.4609375	76593.8515625	75466.4453125	83492.984375	76460.25	80975.4140625	70368.1015625	69157.2734375	70620.125
Q9H4G4	GLIPR2	Golgi-associated plant pathogenesis-related protein 1	Q9H4G4	GAPR1_HUMAN	7	7	7	7	7	7	7	7	7	7	7	7	7	7	7	7	7	7	7	7	7	5	6	5	5	6	5	6	7	6	7	74088.0078125	65088.0703125	69959.625	68416.328125	67249.5859375	67487.6328125	65621.90625	50791.25390625	50068.2109375	52106.96484375	57159.08984375	49140.48828125	51968.51171875	52617.1328125	61800.33203125	64541.54296875	63484.046875	64031.48046875	64095.14453125	63671.69140625	65913.4375	34227.75390625	34715.45703125	34908.51953125	32603.6796875	35318.20703125	35215.59765625	34947.015625	50417.609375	55942.265625	53552.671875
Q9H4M9	EHD1	EH domain-containing protein 1	Q9H4M9	EHD1_HUMAN	9	9	9	9	9	9	9	9	9	9	9	9	9	9	9	9	9	9	9	9	9	9	9	9	9	9	9	9	9	9	9	27443.001953125	30415.716796875	32095.142578125	29436.92578125	27576.7109375	33338.66796875	33367.7578125	27779.109375	28160.83203125	30208.986328125	29336.19140625	25393.466796875	31512.748046875	28730.064453125	23898.888671875	24154.634765625	24729.80078125	27030.216796875	22850.81640625	23819.98828125	26459.58984375	27084.373046875	32402.287109375	29259.736328125	29209.955078125	28467.5	25179.66015625	30408.01953125	29993.822265625	28085.87109375	25785.45703125
Q9H5X1	CIAO2A	Cytosolic iron-sulfur assembly component 2A	Q9H5X1	CIA2A_HUMAN	1	1	1	1	1	1	0	1	1	1	1	1	1	1	1	1	1	1	1	1	1	1	1	1	1	1	1	1	1	1	1	3430.214111328125	1383.1307373046875	2611.4931640625	1478.2493896484375	930.6466674804688	726.58251953125	NaN	1627.3519287109375	3108.80322265625	1181.410888671875	1314.65576171875	1898.58740234375	881.0187377929688	398.9356689453125	2188.2490234375	2106.493896484375	3488.01171875	4.79766321182251	3220.5068359375	2070.90966796875	846.8418579101562	4348.02294921875	1982.9425048828125	5993.83642578125	1033.1317138671875	2432.73876953125	2872.169677734375	1292.0660400390625	2883.36767578125	5.26077938079834	2869.4140625
Q9H7C9	AAMDC	Mth938 domain-containing protein	Q9H7C9	AAMDC_HUMAN	3	3	3	3	3	3	3	0	0	0	0	1	0	0	2	3	3	3	2	2	2	3	3	3	3	3	3	3	2	3	3	9535.83984375	5434.10546875	7256.984375	7401.515625	8039.2734375	5643.96826171875	6214.0986328125	NaN	NaN	NaN	NaN	966.83740234375	NaN	NaN	4875.00244140625	3024.20947265625	5002.82763671875	3586.091796875	4349.36669921875	3918.3505859375	2350.583984375	6324.3603515625	7503.17626953125	5472.22412109375	7074.515625	5723.96826171875	5707.25927734375	8096.45751953125	3441.2724609375	4099.11572265625	3373.673095703125
Q9H8M7	MINDY3	Ubiquitin carboxyl-terminal hydrolase MINDY-3	Q9H8M7	MINY3_HUMAN	2	2	2	2	2	2	2	2	2	2	2	2	2	2	2	2	2	2	2	2	2	2	2	2	2	2	2	2	2	2	2	26540.05078125	30461.36328125	28607.833984375	25762.935546875	26248.099609375	29616.337890625	26433.078125	23689.099609375	23412.48828125	21348.92578125	28943.578125	21751.94921875	27662.73828125	25413.818359375	18469.93359375	25423.416015625	22240.869140625	23442.38671875	18649.556640625	21108.0703125	26104.041015625	19786.84375	15336.3388671875	24213.55859375	21174.240234375	23712.53125	24261.265625	22630.66796875	26587.505859375	27552.671875	25889.490234375
Q9H8W4	PLEKHF2	Pleckstrin homology domain-containing family F member 2	Q9H8W4	PKHF2_HUMAN	2	2	2	2	2	2	2	2	2	2	2	2	2	2	2	2	2	2	2	2	2	2	2	2	2	2	2	2	2	2	2	11370.9375	13723.2255859375	13026.353515625	11535.501953125	11282.970703125	14791.8291015625	13460.0732421875	9832.2041015625	10329.2314453125	10553.06640625	9285.7998046875	13349.5458984375	8581.77734375	9363.5146484375	11810.8017578125	12843.2841796875	13105.3583984375	11325.4560546875	12902.3427734375	10279.630859375	11294.4677734375	7596.1708984375	10789.6611328125	10078.669921875	7783.32861328125	9876.8037109375	7816.609375	9008.060546875	9389.2353515625	9024.869140625	9633.8212890625
Q9H910	JPT2	Jupiter microtubule associated homolog 2	Q9H910	JUPI2_HUMAN	1	1	0	1	0	1	1	0	0	0	1	0	0	0	0	1	1	1	0	0	0	0	0	0	0	0	0	0	0	1	0	5397.71875	7666.11669921875	NaN	5090.4921875	NaN	7733.77685546875	7041.86474609375	NaN	NaN	NaN	8365.041015625	NaN	NaN	NaN	NaN	10848.08984375	11205.33203125	7537.15283203125	NaN	NaN	NaN	NaN	NaN	NaN	NaN	NaN	NaN	NaN	NaN	7442.3994140625	NaN
Q9H9Q2	COPS7B	COP9 signalosome complex subunit 7b	Q9H9Q2	CSN7B_HUMAN	6	6	6	6	6	6	6	6	6	6	6	6	6	6	5	6	6	6	6	6	6	6	6	6	5	6	6	5	6	6	6	32407.4375	30036.296875	30813.21484375	31560.154296875	26924.85546875	27954.802734375	28060.794921875	23662.306640625	25479.302734375	26671.0390625	28544.759765625	27070.984375	26586.74609375	26762.626953125	27495.9453125	27627.744140625	29179.412109375	25188.162109375	26082.587890625	25958.35546875	25556.90234375	24722.748046875	25052.78125	27924.482421875	23167.4140625	24117.6328125	24036.568359375	23333.337890625	25182.109375	25585.642578125	25744.7734375
Q9HA64	FN3KRP	Ketosamine-3-kinase	Q9HA64	KT3K_HUMAN	12	12	12	12	12	12	12	12	12	12	12	12	12	12	12	12	12	12	12	12	12	12	12	12	12	12	12	12	12	12	12	44032.51953125	44707.80859375	40843.296875	43911.90625	41209.08203125	43112.296875	43285.3671875	36695.71875	39767.1171875	38617.4609375	42492.84375	38398.1640625	41660.1484375	41513.30859375	32660.712890625	33174.7578125	34128.70703125	30672.8515625	31942.654296875	33288.58984375	34020.61328125	44903.98828125	45807.20703125	45849.49609375	44512.90234375	44649.08984375	45116.765625	45748.8125	39212.6796875	38495.546875	38620.14453125
Q9HA65	TBC1D17	TBC1 domain family member 17	Q9HA65	TBC17_HUMAN	3	3	3	3	3	3	3	3	3	3	3	3	3	3	3	3	3	3	3	3	2	2	2	3	2	3	2	3	3	3	3	17841.27734375	18372.751953125	18523.74609375	18446.990234375	18461.7421875	17283.947265625	17258.205078125	17415.9765625	19746.05078125	21248.85546875	18145.90234375	16179.384765625	18169.458984375	18534.80859375	17081.7109375	17756.79296875	18762.248046875	17387.869140625	16445.853515625	16866.099609375	18097.7109375	16307.025390625	16742.3984375	14090.61328125	16636.642578125	15715.3583984375	17397.275390625	15803.3212890625	15429.9697265625	18206.65625	16179.0419921875
Q9HAB8	PPCS	Phosphopantothenate--cysteine ligase	Q9HAB8	PPCS_HUMAN	4	4	4	4	4	4	4	4	4	4	4	4	4	4	4	4	4	4	4	4	4	4	4	4	4	4	4	4	4	4	4	21274.111328125	22190.66015625	21255.744140625	22897.09765625	21112.26171875	23340.197265625	23049.9375	17537.1328125	17397.603515625	15271.5498046875	17480.365234375	17353.71875	18735.640625	17514.35546875	17013.396484375	17755.927734375	19582.30078125	19047.7734375	18369.806640625	17008.0234375	18509.294921875	14839.0244140625	16469.17578125	18982.271484375	16984.20703125	20093.064453125	21364.8671875	19896.404296875	18031.396484375	19597.39453125	19084.876953125
Q9HBI1	PARVB	Beta-parvin	Q9HBI1	PARVB_HUMAN	9	9	9	9	9	9	9	8	8	8	8	8	8	8	8	8	8	8	8	8	8	9	9	9	9	9	9	9	9	9	9	14411.8154296875	16913.791015625	15264.6083984375	15398.7626953125	12440.2060546875	16165.2080078125	13750.703125	20557.09375	22130.384765625	19929.142578125	19568.591796875	21898.1953125	23008.060546875	21569.841796875	24312.9296875	22409.857421875	22966.23046875	25678.857421875	25712.61328125	27303.205078125	24354.771484375	22588.36328125	18288.87109375	24071.890625	21154.671875	20674.29296875	19071.884765625	22678.044921875	20642.11328125	19353.87109375	19245.11328125
Q9HBL0	TNS1	Tensin-1	Q9HBL0	TENS1_HUMAN	2	2	2	2	2	2	2	2	2	2	2	2	2	2	2	2	2	2	2	2	2	2	2	2	2	2	2	2	2	2	2	6184.62109375	5733.32470703125	6053.51513671875	5554.07177734375	6215.77490234375	5967.7783203125	6111.552734375	6279.1005859375	6590.86962890625	7072.17919921875	7075.29248046875	6458.25537109375	6982.5390625	6216.45947265625	5729.66162109375	6871.31201171875	6427.078125	7335.349609375	6184.7900390625	6672.23095703125	6121.9365234375	6026.14013671875	5648.712890625	5410.69091796875	5806.10595703125	5629.5751953125	5695.462890625	6007.29248046875	5620.8740234375	6066.80712890625	6254.98095703125
Q9HC38	GLOD4	Glyoxalase domain-containing protein 4	Q9HC38	GLOD4_HUMAN	18	18	18	18	18	18	18	18	18	18	18	18	18	18	18	18	18	18	18	18	18	18	18	18	18	18	18	18	18	18	18	124428.8125	130446.9296875	134577.34375	130729.5	125537.8828125	127301.0546875	130494.3203125	108369.546875	107454.828125	107384.71875	109011.984375	103954.546875	110218.703125	107640.5703125	113062.5	113862.28125	117249.515625	111555.953125	119816.9609375	120330.28125	116319.8359375	111613.4296875	111025	113738.6640625	111808.28125	108491.09375	111713.1171875	109330.3203125	111573.6875	109905.03125	114304.6875
Q9HCN8	SDF2L1	Stromal cell-derived factor 2-like protein 1	Q9HCN8	SDF2L_HUMAN	0	0	0	0	0	0	0	0	0	0	0	0	0	0	1	1	1	1	1	1	1	1	1	0	1	0	1	1	1	1	0	NaN	NaN	NaN	NaN	NaN	NaN	NaN	NaN	NaN	NaN	NaN	NaN	NaN	NaN	12259.8095703125	5942.169921875	12210.2099609375	7860.8984375	6292.6982421875	8744.28515625	11473.12109375	1731.8797607421875	3036.404296875	NaN	3902.930908203125	NaN	4967.48486328125	3707.65625	4403.46630859375	3152.0966796875	NaN
Q9HDC9	APMAP	Adipocyte plasma membrane-associated protein	Q9HDC9	APMAP_HUMAN	2	2	2	2	2	2	2	2	2	2	2	2	2	2	2	2	2	2	2	2	2	2	2	2	2	2	2	2	2	2	2	5731.88525390625	9919.3037109375	6954.1396484375	4735.92041015625	7212.427734375	6456.87060546875	7017.0546875	12582.8740234375	11904.1064453125	9613.1796875	16712.740234375	15380.3642578125	14733.1796875	12505.810546875	8817.1396484375	9546.0615234375	8702.3212890625	8032.0517578125	8023.412109375	9522.357421875	11239.240234375	3850.29248046875	7361.5009765625	8461.255859375	9262.9248046875	11773.3916015625	12793.150390625	9932.3046875	9451.8212890625	11750.2109375	12343.12109375
Q9NP58	ABCB6	ATP-binding cassette sub-family B member 6	Q9NP58	ABCB6_HUMAN	9	7	9	9	8	8	8	8	8	8	9	9	9	8	7	7	8	8	8	8	8	8	8	8	9	9	8	9	9	8	9	25218.068359375	26630.720703125	26687.212890625	26732.443359375	25729.15234375	27861.275390625	25643.873046875	25668.689453125	22849.578125	24295.220703125	23384.21484375	23910.078125	24823.615234375	26062.345703125	18945.27734375	20937.453125	21923.775390625	20634.49609375	22978.189453125	18739.44140625	20276.1171875	22853.537109375	23374.02734375	23739.2265625	22144.322265625	22199.390625	24242.978515625	21422.138671875	24428.9609375	23053.4765625	23416.67578125
Q9NP59	SLC40A1	Solute carrier family 40 member 1	Q9NP59	S40A1_HUMAN	2	2	2	2	2	2	2	2	2	2	2	2	2	2	2	2	2	2	2	2	2	2	2	2	2	2	2	2	2	2	2	10610.6533203125	12978.234375	14709.4228515625	12753.4912109375	12258.228515625	12048.0068359375	12337.4365234375	8227.9931640625	7505.3271484375	8474.2119140625	5892.9755859375	7189.373046875	6912.66650390625	7432.87939453125	12827.1572265625	11821.501953125	10563.33203125	9626.337890625	12756.658203125	11785.0302734375	12188.51171875	9154.34375	13189.7802734375	9540.08203125	12569.5498046875	9324.1845703125	9125.5458984375	13220.291015625	8439.3251953125	9809.2685546875	10117.78515625
Q9NP72	RAB18	Ras-related protein Rab-18	Q9NP72	RAB18_HUMAN	2	2	2	2	2	2	2	2	2	2	2	2	2	2	2	2	2	2	2	2	2	2	2	2	2	2	2	2	2	2	2	9691.572265625	15413.6611328125	15730.0947265625	15973.849609375	15473.98046875	12984.7958984375	13743.9345703125	12960.828125	13208.71875	15220.5185546875	13937.2548828125	11335.6884765625	13054.3388671875	10953.552734375	15994.3818359375	15503.962890625	13292.8330078125	13767.1064453125	13181.7392578125	13965.96484375	14173.990234375	12919.12109375	9531.681640625	10568.8447265625	13996.357421875	12629.8896484375	11724.8447265625	12022.2158203125	13783.216796875	13762.2138671875	13954.296875
Q9NP79	VTA1	Vacuolar protein sorting-associated protein VTA1 homolog	Q9NP79	VTA1_HUMAN	1	2	2	2	2	2	2	2	2	2	2	2	2	2	2	2	2	2	2	2	2	2	2	2	2	2	2	2	2	2	2	17512.30859375	26643.8359375	14106.7763671875	18802.669921875	847.5860595703125	17946.357421875	6698.2548828125	18450.900390625	20726.57421875	23074.53125	21396.88671875	9977.794921875	23326.619140625	21731.90234375	18045.3671875	27508.013671875	19960.076171875	22062.53125	24259.421875	22721.57421875	14848.857421875	14610.62890625	19396.03515625	18304.94921875	11386.2490234375	19389.24609375	18678.02734375	21918.1171875	15290.904296875	16148.4267578125	17578.20703125
Q9NPQ8	RIC8A	Synembryn-A	Q9NPQ8	RIC8A_HUMAN	3	3	3	3	3	3	3	3	3	3	3	3	3	3	3	3	3	3	3	3	3	3	3	3	3	3	3	3	3	3	3	25920.158203125	23072.0390625	25227.173828125	23719.015625	24963.6015625	22491.259765625	23856.1640625	18017.994140625	18696.580078125	18278.490234375	17981.732421875	16000.0419921875	17287.25	17312.740234375	24582.498046875	24334.779296875	25217.44140625	26372.900390625	25043.43359375	23047.357421875	26279.1328125	20253.802734375	21299.455078125	18264.515625	20244.251953125	20114.765625	18333.357421875	17026.080078125	19620.93359375	22716.529296875	21150.240234375
Q9NQ79	CRTAC1	Cartilage acidic protein 1	Q9NQ79	CRAC1_HUMAN	1	1	0	0	1	0	0	0	1	0	1	1	1	1	1	1	0	0	1	1	1	1	0	1	1	1	1	1	1	1	0	5065.595703125	3749.060791015625	NaN	NaN	4914.771484375	NaN	NaN	NaN	5243.4755859375	NaN	4302.4453125	7282.10400390625	4436.47314453125	6048.24609375	5217.83544921875	4312.91552734375	NaN	NaN	6630.98388671875	5039.28564453125	3778.475341796875	7638.16650390625	NaN	10218.1953125	8549.3720703125	9568.3779296875	8400.384765625	10148.896484375	6004.30615234375	4903.18115234375	NaN
Q9NQC3	RTN4	Reticulon-4	Q9NQC3	RTN4_HUMAN	2	3	3	3	2	3	3	3	3	3	3	3	3	3	3	3	3	3	3	3	3	3	3	3	3	3	3	3	3	3	3	11038.025390625	13767.9521484375	13625.0615234375	13979.353515625	14750.603515625	10611.0419921875	11245.6943359375	14672.1474609375	14032.3837890625	13939.810546875	21377.3359375	13146.994140625	18414.455078125	16436.853515625	16634.5625	20576.21484375	18181.09765625	14957.9853515625	14458.1103515625	19871.423828125	15448.263671875	11061.51953125	9370.5478515625	15449.5712890625	13342.0224609375	11069.859375	11699.7900390625	9734.1328125	16793.578125	11390.50390625	12823.0244140625
Q9NQP4	PFDN4	Prefoldin subunit 4	Q9NQP4	PFD4_HUMAN	5	5	5	5	5	5	5	5	5	5	5	5	5	5	5	5	5	5	5	5	5	5	5	5	5	5	4	5	5	5	5	33026.22265625	33899.8671875	32019.693359375	31702.953125	33762.390625	35180.91015625	27223.072265625	32282.203125	37206.984375	37921.12890625	36710.96484375	40523.6640625	31864.1171875	34150.83203125	29564.99609375	31837.220703125	31510.400390625	32062.1171875	31230.296875	33463.15625	35387.01171875	28123.853515625	26868.3828125	27799.09765625	25509.41015625	27438.541015625	22813.099609375	20831.2265625	29806.9609375	30076.439453125	30271.615234375
Q9NQW7	XPNPEP1	Xaa-Pro aminopeptidase 1	Q9NQW7	XPP1_HUMAN	3	3	3	3	3	3	3	3	3	3	3	3	3	3	3	3	3	3	3	3	3	3	3	3	3	3	3	3	3	3	3	25917.26171875	24746.203125	26266.421875	25577.9765625	25642.17578125	24552.779296875	23354.751953125	20866.55859375	18457.298828125	19289.76953125	19308.58984375	18340.33203125	17653.251953125	18450.71875	19878.048828125	16967.333984375	19017.017578125	19393.9921875	17942.7265625	19600.306640625	21166.05859375	22275.92578125	23361.03515625	21933.859375	23578.765625	21284.990234375	22746.88671875	24656.515625	19761.052734375	22460.05078125	20664.802734375
Q9NR45	NANS	Sialic acid synthase	Q9NR45	SIAS_HUMAN	10	10	10	10	10	9	10	10	10	10	10	9	10	10	10	10	10	10	10	10	10	10	10	10	10	10	10	10	10	10	10	32769.77734375	36310.0625	35634.4765625	35255.81640625	32676.859375	33815.3203125	33893.16796875	32219.78125	31065.96875	32346.71484375	33694.2421875	32174.9140625	36107.58984375	34674.9609375	39290.15234375	38931.14453125	39813.83203125	38359.15234375	36412.90234375	39344.24609375	38231.0703125	34142.52734375	37083.92578125	32705.533203125	32766.767578125	30440.208984375	30721.185546875	31603.912109375	33202.71875	31854.375	35519.57421875
Q9NR46	SH3GLB2	Endophilin-B2	Q9NR46	SHLB2_HUMAN	11	11	11	11	11	11	11	11	11	11	11	11	11	11	11	11	11	11	11	11	11	11	10	11	11	11	11	10	11	11	11	23923.3828125	25591.947265625	25397.404296875	26394.30859375	22778.40234375	25379.5703125	25155.15625	25291.720703125	25094.68359375	26108.185546875	27780.263671875	25695.38671875	25295.658203125	26304.322265625	26941.63671875	27185.751953125	28914.876953125	29442.12890625	27948.24609375	29614.478515625	28943.810546875	20298.974609375	17410.12109375	20406.37890625	19707.837890625	18294.240234375	19163.708984375	20011.685546875	24523.396484375	25133.033203125	22803.59375
Q9NRF8	CTPS2	CTP synthase 2	Q9NRF8	PYRG2_HUMAN	4	4	4	4	4	4	4	4	4	4	4	4	4	4	4	4	4	4	4	4	4	4	4	4	4	4	4	4	4	4	4	12036.8046875	13191.5048828125	11837.48828125	11343.62109375	12140.4990234375	11880.32421875	11692.8583984375	9282.314453125	7600.6416015625	8741.7734375	9140.556640625	6735.18115234375	9521.6708984375	7352.91650390625	11557.609375	8828.5087890625	11250.333984375	10736.775390625	10103.3525390625	11888.2294921875	7422.60498046875	8937.7138671875	11007.1884765625	10251.388671875	10740.9560546875	9704.1474609375	9147.9638671875	10060.5498046875	7567.736328125	9522.9013671875	9432.2734375
Q9NRV9	HEBP1	Heme-binding protein 1	Q9NRV9	HEBP1_HUMAN	13	13	13	13	13	13	13	13	13	13	12	13	13	13	13	13	13	13	13	13	13	13	13	13	13	13	13	13	13	13	13	91929.6640625	97470.5546875	98421.4453125	95511.21875	94785.890625	94615.265625	90510.546875	54384.73828125	53521.3125	53926.62890625	54225.3984375	54367.9453125	52155.82421875	52349.26171875	99200.0703125	96151.875	93516.6796875	97975.90625	98074.640625	97094.71875	101699.484375	85847.3359375	81606.6796875	82275.5546875	87870.3203125	83376.6484375	84898.078125	83172.328125	81142.765625	82040.359375	80417.9609375
Q9NRW1	RAB6B	Ras-related protein Rab-6B	Q9NRW1	RAB6B_HUMAN	3	3	3	3	3	3	3	3	3	3	3	3	3	3	3	3	3	3	3	3	3	3	3	3	3	3	3	3	3	3	3	26186.68359375	25146.33984375	27301.6015625	27497.154296875	27194.947265625	25801.169921875	25002.966796875	23109.63671875	18618.33203125	23769.001953125	20661.8046875	20915.267578125	21275.8828125	22670.5625	22345.314453125	22316.01953125	23544.97265625	23689.162109375	25388.70703125	25375.119140625	23707.4921875	23400.39453125	21675.390625	27018.162109375	23025.060546875	23191.8359375	25055.396484375	22028.0390625	23794.3984375	22654.0859375	21501.087890625
Q9NRX4	PHPT1	14 kDa phosphohistidine phosphatase	Q9NRX4	PHP14_HUMAN	9	9	9	9	9	9	9	9	9	9	9	9	8	9	9	9	9	9	9	9	9	9	9	8	9	8	9	9	8	9	9	25473.18359375	27888.68359375	26164.65234375	24136.419921875	24021.587890625	25057.15625	27454.3671875	22983.37890625	22203.228515625	20625.74609375	22534.8828125	20360.953125	22488.857421875	26502.388671875	27818.3203125	28666.427734375	27367.3359375	27949.6953125	29063.404296875	28307.296875	26140.40234375	23425.865234375	23357.01953125	25753.33984375	24431.205078125	21559.544921875	23592.37109375	23950.537109375	25096.73046875	26389.6328125	23009.521484375
Q9NRY5	FAM114A2	Protein FAM114A2	Q9NRY5	F1142_HUMAN	9	9	8	9	9	9	9	9	9	9	9	9	9	9	9	9	9	9	9	9	9	9	9	9	9	9	9	9	9	9	9	30551.75390625	28789.646484375	31109.77734375	28462.447265625	29681.625	28981.515625	31583.900390625	28145.267578125	32046.951171875	26032.900390625	26755.814453125	27160.97265625	29520.763671875	25737.763671875	37963.77734375	38406.87890625	38500.5078125	37125.2265625	37978.2109375	37011.62890625	39440.578125	28335.4296875	26514.9765625	26154.470703125	30684.701171875	24671.80078125	26610.259765625	24777.142578125	30365.86328125	29973.720703125	31406.2890625
Q9NS86	LANCL2	LanC-like protein 2	Q9NS86	LANC2_HUMAN	4	4	4	4	4	4	4	4	4	4	4	3	3	4	4	4	4	4	4	4	4	4	4	4	4	4	4	4	4	4	4	19705.279296875	19004.142578125	22577.416015625	19888.572265625	18658.41015625	22131.44140625	20614.27734375	14979.3017578125	17242.423828125	15276.7509765625	17633.375	16385.3359375	16526.4765625	16662.5859375	18082.419921875	18832.609375	16842.716796875	17695.080078125	17720.212890625	18631.44140625	18074.68359375	17918.45703125	14715.0576171875	15449.416015625	16105.7490234375	15317.6572265625	16099.8681640625	16487.912109375	17129.81640625	18092.275390625	16419.205078125
Q9NSD9	FARSB	Phenylalanine--tRNA ligase beta subunit	Q9NSD9	SYFB_HUMAN	0	1	1	0	0	1	1	1	2	2	1	2	2	2	2	2	2	2	2	2	2	2	2	0	0	0	1	1	2	2	2	NaN	3287.80078125	3251.82861328125	NaN	NaN	4337.35693359375	2646.642578125	4797.77587890625	5882.17919921875	4203.27978515625	6383.4453125	5218.9873046875	4734.4697265625	4467.7763671875	21699.1328125	17272.1328125	21670.341796875	20744.552734375	21362.66015625	21341.58984375	20698.59765625	3817.98779296875	4755.2978515625	NaN	NaN	NaN	5154.36279296875	3032.87939453125	8640.6513671875	9831.568359375	8634.953125
Q9NT62	ATG3	Ubiquitin-like-conjugating enzyme ATG3	Q9NT62	ATG3_HUMAN	5	5	5	5	5	5	5	5	5	5	5	5	5	5	5	5	5	5	5	5	5	5	4	5	5	5	5	5	5	5	5	44164.05078125	40965.59375	41869.28125	43627.83984375	42263.1796875	41629.80859375	40105.8046875	37863.93359375	35595.38671875	41258.2109375	41038.69140625	35526.8125	38753.7890625	37657.18359375	37467.33984375	37059.421875	37467.25390625	38584.37109375	34275.4453125	35043.99609375	34712.40234375	34718.81640625	37333.79296875	37872.41015625	37861.28125	37197.96875	39001.44921875	37544.0546875	36204.36328125	38743.578125	34109.890625
Q9NTK5	OLA1	Obg-like ATPase 1	Q9NTK5	OLA1_HUMAN	29	30	30	29	29	29	29	28	29	29	29	29	29	28	29	29	30	29	29	30	30	30	30	30	30	30	30	30	31	30	29	164852.375	160503.046875	166732.84375	166499.390625	168179.078125	158965.75	168565.515625	158076.453125	155534.53125	147346.078125	159279.171875	155467.828125	157244.234375	162641.6875	145812.53125	138573.140625	141851.9375	144036.40625	146911.328125	140386.859375	148185.171875	146222.15625	133260.8125	147998.546875	143809.96875	144936.171875	148142.125	145616.015625	147539.578125	147267.5	150651.796875
Q9NUQ9	CYRIB	CYFIP-related Rac1 interactor B	Q9NUQ9	CYRIB_HUMAN	6	6	6	6	6	6	6	6	6	6	6	6	6	6	6	6	6	6	6	6	6	6	6	6	6	6	6	6	6	6	6	35747.2890625	34278.203125	32455.763671875	33701.09765625	28515.748046875	31759.279296875	35456.1796875	32209.16015625	33626.82421875	31089.046875	32337.033203125	32463.28515625	32962.40625	34587.91015625	37002.015625	33886.37890625	37615.5234375	34035.1171875	37550.7578125	33191.98046875	35426.28515625	30827.439453125	30547.02734375	35282.80859375	31211.427734375	29306.306640625	28659.431640625	31514.41796875	32127.734375	32482.9765625	32770.5390625
Q9NVS9	PNPO	Pyridoxine-5'-phosphate oxidase	Q9NVS9	PNPO_HUMAN	3	3	3	3	3	3	3	3	2	2	2	2	2	3	3	3	3	3	3	3	3	3	3	3	3	3	3	3	3	3	3	13865.076171875	12473.185546875	11927.1669921875	13942.923828125	14815.96875	13040.748046875	13411.9208984375	6602.91943359375	6571.4375	3691.599365234375	4635.5283203125	3822.467041015625	6085.1806640625	6975.73681640625	11712.869140625	10034.53515625	11097.046875	11496.337890625	10080.7685546875	10027.4990234375	9519.2841796875	7161.02880859375	9910.2978515625	6735.3974609375	9552.30859375	9070.4638671875	8127.25732421875	6162.91650390625	10054.9873046875	9374.64453125	10522.6806640625
Q9NWV4	CZIB	CXXC motif containing zinc binding protein	Q9NWV4	CZIB_HUMAN	10	10	10	9	9	10	10	9	10	10	10	9	9	9	9	10	10	9	9	10	10	10	10	9	10	9	10	10	10	10	10	53641.9375	52548.0078125	54139.06640625	57357.80859375	52004.24609375	54203.77734375	51782.75390625	40816.68359375	40616.421875	44200.9609375	43235.8515625	40030.97265625	46272.96484375	45805.05078125	48512.9609375	44543.80859375	49504.44140625	50478.625	47364.28515625	48381.26953125	50827.97265625	41731.7265625	43909.7265625	46194.5390625	47161.625	49130.01953125	45986.4296875	47278.03125	48823.9375	47251.65625	47731.21875
Q9NX46	ADPRS	ADP-ribosylhydrolase ARH3	Q9NX46	ADPRS_HUMAN	5	5	5	5	4	5	5	5	5	5	5	4	5	5	4	5	5	5	5	5	4	5	5	5	5	5	5	4	5	5	5	19828.44140625	18881.056640625	19690.734375	17706.30859375	17021.185546875	17365.68359375	19373.61328125	14902.046875	13591.1982421875	14886.662109375	14268.736328125	12937.5361328125	16157.9130859375	15552.4521484375	16953.09765625	15829.701171875	14924.939453125	15509.2392578125	15469.556640625	18342.240234375	13966.08984375	16866.15234375	16556.62109375	16955.94140625	16131.1298828125	16111.0380859375	16768.78515625	16973.044921875	16598.123046875	14821.6708984375	15785.341796875
Q9NXU5	ARL15	ADP-ribosylation factor-like protein 15	Q9NXU5	ARL15_HUMAN	1	1	1	1	1	1	1	1	1	1	1	0	1	1	0	1	1	1	1	1	1	1	0	1	1	1	1	0	1	1	1	9547.3408203125	9364.6845703125	9962.2099609375	10343.3447265625	8475.025390625	6549.28662109375	7433.98974609375	22111.701171875	22296.6875	2593.529052734375	917.120849609375	NaN	8.54531478881836	17704.205078125	NaN	3929.21240234375	6480.0625	6465.14111328125	6070.69091796875	9906.0654296875	775.6241455078125	3516.74462890625	NaN	6638.93115234375	5706.873046875	3361.174072265625	14582.671875	NaN	7525.24951171875	20313.412109375	8750.7607421875
Q9NXW2	DNAJB12	DnaJ homolog subfamily B member 12	Q9NXW2	DJB12_HUMAN	0	1	1	1	0	0	1	0	0	1	1	1	0	1	1	0	1	1	0	0	0	0	0	0	0	0	0	1	1	1	1	NaN	3067.16650390625	17512.87109375	18048.443359375	NaN	NaN	835.5418090820312	NaN	NaN	13036.060546875	13557.068359375	13321.05859375	NaN	2043.744384765625	1062.9620361328125	NaN	16970.103515625	1078.603759765625	NaN	NaN	NaN	NaN	NaN	NaN	NaN	NaN	NaN	10645.7431640625	1374.4500732421875	11.526053428649902	14509.1708984375
Q9NY33	DPP3	Dipeptidyl peptidase 3	Q9NY33	DPP3_HUMAN	27	27	27	27	27	26	27	27	27	27	27	27	27	27	26	27	27	26	25	26	26	27	26	26	27	26	26	27	27	26	27	97435.9140625	99654.765625	96725.890625	97600.875	96921.890625	97308.8828125	97128.359375	84692.03125	85714.0078125	85782.4609375	86017.5390625	83551.25	86110.609375	84784.0078125	74041.84375	71157.859375	74744.5703125	70664.828125	76294.265625	73576.265625	75015.453125	76904.75	78256.4140625	75344.7265625	76382.1875	73940.234375	73406.5703125	72786.4921875	81099.09375	80987.2265625	82770.0859375
Q9NY65	TUBA8	Tubulin alpha-8 chain	Q9NY65	TBA8_HUMAN	4	4	4	4	4	4	4	4	4	3	3	4	4	4	4	4	4	4	4	4	4	4	4	4	4	4	4	4	4	3	4	78320.4296875	75585.171875	94559.578125	88199.578125	112872.28125	97898.7265625	73942.859375	97442.4375	100954.03125	87123.7421875	88651.109375	122041.875	102248.4609375	98707.2421875	104820.71875	103541.296875	97042.4765625	116003.171875	108238.59375	96412.1640625	126416.4765625	106411.75	88333.921875	104117.890625	108529.9375	120066.859375	97816.0546875	86254.0234375	97281.8203125	104626.6015625	98563.59375
Q9NZD4	AHSP	Alpha-hemoglobin-stabilizing protein	Q9NZD4	AHSP_HUMAN	8	8	8	8	8	8	8	8	8	8	8	8	8	8	8	8	8	8	8	8	8	8	8	8	8	8	8	8	8	8	8	646590.75	648209.4375	625649	616396.25	652516.3125	657372.1875	617812	400445.5625	413489.90625	415143.4375	419937.875	418500.125	427213.15625	421390.71875	440451.5	426321.28125	428583.46875	450586.84375	478733.6875	449720.4375	448306.59375	442661.4375	392307.78125	469138.71875	448996.21875	437321.0625	444797.75	440371.03125	475336.25	470058.75	476060.90625
Q9NZJ4	SACS	Sacsin	Q9NZJ4	SACS_HUMAN	1	1	1	1	1	1	1	1	1	1	1	1	1	1	1	1	1	1	1	1	1	1	1	1	1	1	1	1	1	1	1	6113.08935546875	3964.672607421875	7068.6181640625	6361.65234375	5459.203125	5992.947265625	5868.92724609375	11726.2333984375	12603.4267578125	11033.1376953125	12076.6650390625	9660.88671875	10272.578125	10624.2548828125	16314.357421875	13789.9970703125	15584.3486328125	16079.4453125	13975.6171875	15950.20703125	14919.578125	15483.8037109375	18293.98828125	15139.3388671875	16872.208984375	16412.087890625	17481.36328125	16534.18359375	10734.5615234375	13202.5673828125	13275.541015625
Q9NZL9	MAT2B	Methionine adenosyltransferase 2 subunit beta	Q9NZL9	MAT2B_HUMAN	2	2	2	2	1	2	2	2	2	2	2	1	2	1	2	2	2	2	2	2	2	2	2	2	2	2	1	2	2	2	2	13983.626953125	17381.8046875	19611.22265625	19118.595703125	20973.275390625	14181.2412109375	16563.4765625	13905.763671875	10519.708984375	10001.58984375	14550.330078125	12275.822265625	11920.5478515625	13526.796875	14316.6552734375	9951.5517578125	11672.1474609375	12810.5	12631.80078125	11632.5107421875	11993.587890625	8713.0634765625	10788.8427734375	13036.751953125	11111.2255859375	11181.224609375	12241.9228515625	13070.962890625	12032.3828125	13687.484375	14728.20703125
Q9NZN3	EHD3	EH domain-containing protein 3	Q9NZN3	EHD3_HUMAN	5	5	5	5	5	5	6	6	6	6	6	6	6	6	5	6	5	5	6	6	5	5	6	6	5	6	5	5	6	5	5	24405.025390625	23021.82421875	19990.4609375	23426.06640625	23776.255859375	20447.62109375	23014.494140625	25325.318359375	25830.865234375	27913.318359375	24349.470703125	30960.46875	28597.490234375	25920.80078125	24622.0546875	22397.365234375	21741.447265625	24001.703125	23144.865234375	21316.93359375	23554.6953125	25783.51171875	25160.900390625	24348.83984375	24047.859375	24372.015625	23459.453125	26725.9375	24643.080078125	24928.80859375	24550.439453125
Q9NZP8	C1RL	Complement C1r subcomponent-like protein	Q9NZP8	C1RL_HUMAN	5	4	5	5	5	5	5	5	5	5	5	5	5	5	5	5	5	5	5	4	4	5	5	5	5	5	5	5	5	5	5	30645.82421875	25095.181640625	28312.599609375	29468.875	29047.638671875	26926.34765625	28140.068359375	41376.59375	42287.1328125	42833.0546875	42934.5390625	47499.984375	41051.26953125	40813.94140625	30965.521484375	29448.943359375	30250.6015625	30021.62890625	27913.505859375	30395.45703125	31121.7890625	39269.8046875	41217.86328125	36123.359375	34492.18359375	38319.0625	36200.91015625	40327.3984375	34019.0078125	34385.0546875	37288.4296875
Q9NZQ3	NCKIPSD	NCK-interacting protein with SH3 domain	Q9NZQ3	SPN90_HUMAN	1	1	1	1	1	1	1	1	1	1	1	1	1	1	1	1	1	1	1	1	1	1	1	1	1	1	1	1	1	1	1	58658.59375	48972.81640625	55263.1796875	54065.31640625	56646.5703125	59979.8203125	56530.28125	52190.60546875	46871.09375	39416.671875	45963.22265625	49724.37890625	45809.89453125	47576.328125	53095.83984375	48680.51953125	47639.2734375	50543.45703125	55283.53125	53091.171875	57596.88671875	53017.578125	50344.1484375	54944.8359375	61062.30078125	53619.8984375	55227.69140625	56396.625	52594.90625	52765.8984375	51060.5234375
Q9P0J7	KCMF1	E3 ubiquitin-protein ligase KCMF1	Q9P0J7	KCMF1_HUMAN	2	2	2	2	2	2	2	2	2	2	2	2	2	2	2	2	2	2	2	2	2	2	1	2	1	2	2	2	2	2	2	8237.546875	6584.458984375	6597.44287109375	6160.74072265625	4315.42431640625	6548.7041015625	5903.27685546875	3825.064697265625	5746.7763671875	4230.89404296875	6209.36572265625	5106.14794921875	5312.5556640625	4291.41552734375	6973.41064453125	7621.0888671875	6622.345703125	7037.42236328125	7972.5634765625	7155.99072265625	7457.92626953125	5528.03173828125	5640.53662109375	4449.41162109375	4573.09765625	4035.58984375	4658.69189453125	4189.05712890625	6059.9052734375	5511.1123046875	4328.25634765625
Q9P0L0	VAPA	Vesicle-associated membrane protein-associated protein A	Q9P0L0	VAPA_HUMAN	4	4	4	4	4	4	4	3	4	4	4	4	4	3	4	4	4	4	3	3	4	4	4	4	4	3	4	4	4	4	3	7620.1630859375	8178.15478515625	9142.4619140625	8622.7939453125	10484.8525390625	9376.783203125	8534.42578125	9637.0185546875	8625.04296875	9704.6708984375	8609.150390625	8617.75390625	7070.89306640625	7847.453125	8108.30322265625	7227.1220703125	7397.44970703125	6609.599609375	7453.626953125	6853.07275390625	8715.19140625	8691.50390625	9277.224609375	6991.0283203125	8345.9443359375	7831.1591796875	7978.3662109375	8845.6064453125	8863.212890625	8198.423828125	7934.5693359375
Q9P0M9	MRPL27	Large ribosomal subunit protein bL27m	Q9P0M9	RM27_HUMAN	1	1	1	1	1	1	1	1	1	1	1	1	1	1	1	1	1	1	1	1	1	1	1	1	1	1	1	1	1	1	1	52528.4921875	61104.625	43584.203125	51741.18359375	42769.4921875	59655.421875	55441.45703125	54865.671875	69664.1875	69961.2890625	62315.125	67268.375	58628.33984375	84224.90625	64924.10546875	50074.640625	39504.05078125	65678.375	59458.49609375	65214.76171875	70809.34375	70854.6328125	68618.265625	78821.9765625	51953.37890625	56289.12109375	50873.98046875	50614.2734375	59368.1015625	52185.98828125	48441.74609375
Q9P1F3	ABRACL	Costars family protein ABRACL	Q9P1F3	ABRAL_HUMAN	1	1	1	1	1	1	1	1	1	1	1	1	1	1	1	1	1	1	1	1	1	1	1	1	1	1	1	1	1	1	1	6151.4345703125	12830.89453125	8593.7880859375	10853.6875	7273.2724609375	10930.4873046875	7330.19189453125	8017.34912109375	13966.1728515625	10488.455078125	10603.0107421875	9055.998046875	13008.1083984375	10297.8115234375	10338.4228515625	11618.166015625	12378.830078125	11417.0625	10255.12109375	11228.0771484375	10472.900390625	9636.1953125	13166.7392578125	10184.82421875	10231.251953125	6975.98974609375	9678.8037109375	9397.7060546875	12207.6640625	9308.4365234375	10543.6318359375
Q9P2R3	ANKFY1	Rabankyrin-5	Q9P2R3	ANFY1_HUMAN	6	6	6	6	6	6	6	6	6	6	6	6	6	6	6	6	6	6	6	6	6	6	6	6	6	6	6	6	6	6	6	14546.2490234375	15520.0283203125	14886.7265625	15581.099609375	13415.775390625	14895.828125	13353.6669921875	12452.6611328125	12007.3759765625	10949.921875	11615.6357421875	12422.21484375	12224.8173828125	12423.486328125	12843.0830078125	14131.4248046875	12912.78515625	15209.30859375	14433.4150390625	15543.5732421875	12063.1611328125	13076.6962890625	11677.1435546875	13150.4658203125	13945.63671875	13715.11328125	13759.8623046875	11551.587890625	12802.1806640625	12842.0205078125	13279.9736328125
Q9P2T1	GMPR2	GMP reductase 2	Q9P2T1	GMPR2_HUMAN	9	10	10	10	10	10	10	10	10	10	10	10	10	10	10	10	10	10	10	10	10	10	10	9	10	10	10	9	10	10	10	77766.1953125	78709.6953125	84938.53125	85563.0546875	73379.140625	83305.15625	79593.484375	78116.5	78803.9609375	78878.03125	76733.71875	81316.34375	80586.546875	83142.0703125	77103.3125	84006.421875	86383.4375	73919.6171875	70626.5625	74303.3671875	87072.6484375	82824.4296875	81401.40625	78714.140625	70220.421875	76361.6328125	76582.4921875	72337.5234375	80550.3984375	75894.3203125	80354.3515625
Q9UBC2	EPS15L1	Epidermal growth factor receptor substrate 15-like 1	Q9UBC2	EP15R_HUMAN	4	4	4	4	4	4	4	4	4	4	4	4	4	4	4	4	4	4	4	4	4	4	4	4	4	4	4	4	4	4	4	14619.1044921875	13440.216796875	14978.4580078125	15233.0068359375	14547.9287109375	13751.44140625	13789.7646484375	15943.5244140625	14327.3271484375	16966.90625	17292.998046875	14463.1708984375	14161.1943359375	13608.4921875	15401.2197265625	13752.935546875	14074.0087890625	13889.1748046875	12337.9296875	14035.388671875	15622.228515625	17003.267578125	16668.3125	18627.296875	18225.619140625	17418.9375	17699.80078125	15846.76171875	14827.875	15404.42578125	14712.0498046875
Q9UBF6	RNF7	RING-box protein 2	Q9UBF6	RBX2_HUMAN	1	1	1	1	1	1	1	1	1	1	1	1	1	1	1	1	1	1	1	1	1	1	1	1	1	1	1	1	1	1	1	17583.78515625	17539.892578125	15863.9052734375	18128.888671875	17690.82421875	13002.029296875	19849.556640625	19988.978515625	24158.056640625	18623.001953125	23691.017578125	19969.73828125	30242.626953125	22536.6015625	20699.658203125	24662.3203125	20133.369140625	20198.443359375	22085.646484375	17970.373046875	15938.7294921875	15278.595703125	16631.638671875	21201.689453125	16903.8671875	18375.236328125	16673.736328125	19445.115234375	19842.751953125	21781.240234375	18807.951171875
Q9UBQ7	GRHPR	Glyoxylate reductase/hydroxypyruvate reductase	Q9UBQ7	GRHPR_HUMAN	10	10	10	10	10	10	10	9	10	10	10	10	10	10	10	9	10	10	10	10	10	10	10	10	9	9	10	10	10	10	10	58707.26171875	59838.94921875	57891.97265625	57658.02734375	55554.00390625	58824.51171875	56713.55859375	52475.5859375	51201.203125	50342.515625	52932.65234375	50512.10546875	51536.7265625	54352.66015625	49981.1953125	49841.53125	49752.01171875	50798.6875	51011.84765625	49358.0390625	48208.3828125	46822.6796875	51106.78125	48830.73828125	50200.30859375	48210.33203125	49237.8203125	48371.21484375	49316.98828125	50666.08203125	48808.71875
Q9UBV8	PEF1	Peflin	Q9UBV8	PEF1_HUMAN	4	4	4	4	4	4	4	4	4	4	4	4	3	4	4	4	4	4	4	4	4	4	4	4	4	4	4	3	4	3	4	22278.119140625	18577.115234375	18985.22265625	17802.19140625	16522.748046875	18708.84375	20890.353515625	17706.16015625	17071.970703125	16912.392578125	18352.4296875	15516.6943359375	17529.263671875	18442.724609375	20307.361328125	19796.2265625	18238.068359375	19813.19140625	18757.974609375	20040.232421875	20729.37109375	15428.52734375	16463.21484375	15539.65625	16856.83984375	14820.3193359375	14857.7958984375	18387.6015625	19766.44140625	16490.220703125	18025.734375
Q9UBW5	BIN2	Bridging integrator 2	Q9UBW5	BIN2_HUMAN	3	3	3	3	3	3	2	3	3	3	3	3	3	3	3	3	3	3	3	3	3	3	3	3	3	3	3	3	3	3	3	4788.10498046875	5006.470703125	3506.046142578125	3897.811279296875	4724.71044921875	4201.39892578125	4697.44775390625	7077.0078125	5468.8544921875	6441.154296875	6216.14501953125	6781.6279296875	6468.662109375	6401.34619140625	7133.0322265625	6408.34423828125	6917.52685546875	6979.7197265625	6744.04052734375	6992.72509765625	7695.6259765625	7387.2744140625	3956.900634765625	7565.7470703125	5682.349609375	5862.9833984375	6206.90087890625	6649.7734375	4957.7392578125	5090.8486328125	5553.82666015625
Q9UBW8	COPS7A	COP9 signalosome complex subunit 7a	Q9UBW8	CSN7A_HUMAN	3	3	3	3	3	3	3	3	3	3	3	3	3	3	3	3	3	3	3	3	3	3	3	3	3	3	3	3	3	3	3	4113.74609375	3251.001953125	3382.46923828125	4622.3740234375	4450.62353515625	4396.599609375	3866.101806640625	2306.066162109375	3681.96923828125	4483.0009765625	3224.198974609375	1510.1209716796875	2778.49365234375	3367.065185546875	3308.059814453125	4171.40625	3009.290283203125	3543.510009765625	3761.620361328125	2975.2138671875	3322.865234375	3074.54345703125	3470.192138671875	2865.786376953125	2811.510009765625	3570.50244140625	3155.64990234375	3994.268310546875	3849.1201171875	3184.166259765625	3813.751708984375
Q9UDX3	SEC14L4	SEC14-like protein 4	Q9UDX3	S14L4_HUMAN	12	12	12	13	13	13	13	12	13	12	12	12	12	12	12	12	12	13	13	13	13	12	11	12	12	12	13	12	13	13	13	62826.66796875	59925.7578125	61020.25	60004.203125	61166.765625	60041.83203125	60401.046875	62827.65234375	65581.625	68645.8359375	65830.5078125	65271.42578125	70570.7578125	69901.4140625	67497.2734375	72533.9296875	69671.921875	71443.3828125	68169.96875	74736.0859375	66637.7578125	74403.578125	64907.45703125	71991.2734375	71560.90625	77872.3828125	77412.375	67910.484375	62648.11328125	65210.12109375	66642.8125
Q9UEY8	ADD3	Gamma-adducin	Q9UEY8	ADDG_HUMAN	1	1	0	1	1	0	1	1	1	1	1	1	1	1	1	1	1	1	0	1	1	1	1	1	1	1	1	1	1	1	1	13418.009765625	11130.1220703125	NaN	11382.2333984375	11288.689453125	NaN	5647.98291015625	11967.2998046875	13889.498046875	18404.6015625	12940.162109375	14318.6005859375	12302.125	13523.8798828125	13859.728515625	10044.056640625	11635.47265625	6958.7392578125	NaN	5216.728515625	10137.37109375	10207.2353515625	14158.0888671875	7996.1533203125	15919.7626953125	15080.5029296875	14678.0615234375	15144.6865234375	10563.423828125	10478.2900390625	8914.8984375
Q9UFH2	DNAH17	Dynein axonemal heavy chain 17	Q9UFH2	DYH17_HUMAN	1	1	1	1	1	1	1	1	1	1	1	1	1	1	1	1	1	1	1	1	1	1	1	1	1	1	1	1	1	1	1	14235.322265625	17845.71875	18852.912109375	16551.55078125	17673.34765625	23069.556640625	23747.845703125	12746.9619140625	13933.248046875	14552.8916015625	8861.095703125	14724.615234375	12662.5673828125	15025.517578125	16499.18359375	14074.947265625	22016.74609375	20381.916015625	10903.3037109375	14298.3203125	15216.1455078125	12495.6279296875	34453.2890625	17833.521484375	12606.9794921875	13291.806640625	10561.818359375	14831.3642578125	16732.5859375	17941.095703125	18892.806640625
Q9UGM5	FETUB	Fetuin-B	Q9UGM5	FETUB_HUMAN	5	6	6	5	5	5	6	7	7	7	7	7	7	7	6	5	7	6	5	6	5	4	4	6	6	6	6	7	7	7	6	23957.017578125	26135.869140625	22559.14453125	24999.146484375	25525.900390625	24532.6328125	26051.59375	64601.4609375	63971.6796875	70436.421875	64970.80859375	72622.953125	71687.625	67360.9296875	28041.162109375	29430.583984375	19933.18359375	28109.048828125	32012.970703125	30689.474609375	28209.435546875	24353.337890625	25336.857421875	26339.384765625	28386.56640625	28906.43359375	28023.826171875	29726.509765625	38307.82421875	38375.78125	39070.67578125
Q9UHD1	CHORDC1	Cysteine and histidine-rich domain-containing protein 1	Q9UHD1	CHRD1_HUMAN	6	6	5	6	6	6	6	6	6	5	6	6	6	6	6	6	6	6	6	6	6	5	5	6	5	6	6	6	6	6	6	10334.2978515625	8607.677734375	8238.5830078125	8476.62890625	8589.3076171875	7284.103515625	7618.07568359375	6405.4541015625	8579.8271484375	8109.47265625	8694.8095703125	7902.66552734375	9169.7080078125	6724.7451171875	7934.79931640625	10897.2255859375	9361.4951171875	9720.44921875	9926.4716796875	8528.9189453125	8776.9404296875	5839.66064453125	7015.14013671875	5546.11328125	6217.59375	5272.623046875	6212.41357421875	5996.107421875	8115.3271484375	7422.27099609375	8041.4619140625
Q9UHJ6	SHPK	Sedoheptulokinase	Q9UHJ6	SHPK_HUMAN	2	2	2	2	2	2	2	0	0	1	0	0	0	0	2	2	2	2	2	2	2	2	2	1	1	2	2	2	2	2	2	15974.0791015625	17657.1640625	18698.02734375	19547.84375	16516.46875	15438.685546875	16164.2724609375	NaN	NaN	4173.22216796875	NaN	NaN	NaN	NaN	14577.4873046875	13157.7939453125	11408.1591796875	10953.1220703125	13284.361328125	12845.734375	12326.830078125	4353.14013671875	7210.00537109375	5326.7412109375	9210.9951171875	5452.50439453125	3398.764892578125	5926.7177734375	9075.8125	7464.10986328125	8336.462890625
Q9UHY7	ENOPH1	Enolase-phosphatase E1	Q9UHY7	ENOPH_HUMAN	3	3	3	3	3	3	3	3	3	3	3	3	3	3	3	3	3	3	3	3	3	3	3	3	3	3	3	3	3	3	3	21227.892578125	26330.3828125	22905.4921875	24427.07421875	22743.07421875	24060.5078125	23141.5703125	14506.841796875	15477.3505859375	11523.2490234375	16482.1640625	15025.630859375	16595.58203125	13039.1416015625	13868.818359375	14261.150390625	14702.8369140625	14965.9228515625	15720.0810546875	14673.826171875	15684.341796875	19278.50390625	18234.3359375	20667.2890625	17965.529296875	18116.45703125	20497.611328125	17888.94140625	15910.6904296875	17418.693359375	16576.830078125
Q9UI12	ATP6V1H	V-type proton ATPase subunit H	Q9UI12	VATH_HUMAN	8	8	8	8	8	8	8	7	7	7	7	6	7	8	8	7	8	7	8	8	8	7	8	8	7	6	8	8	8	8	8	17352.158203125	18021.2109375	16575.01953125	17734.146484375	16479.279296875	16223.9052734375	16901.46875	14343.740234375	13606.1474609375	10520.5732421875	12363.4912109375	11983.85546875	12215.9306640625	11997.79296875	12546.5419921875	14167.51171875	14128.560546875	13616.76171875	14021.103515625	12581.39453125	14685.1533203125	12252.6845703125	14235.431640625	12894.7685546875	12455.3408203125	12455.125	13739.35546875	12557.939453125	14506.44140625	13633.072265625	12352.4697265625
Q9UI26	IPO11	Importin-11	Q9UI26	IPO11_HUMAN	1	1	1	1	1	1	1	1	1	1	1	1	1	1	1	1	1	1	1	1	1	1	1	1	1	1	1	1	1	1	1	14124.783203125	15277.205078125	14518.5068359375	12063.3857421875	11278.8037109375	12262.3125	12185.9921875	9223.314453125	10138.49609375	8055.75390625	9579.5498046875	6712.53515625	7191.5107421875	11706.158203125	8326.859375	6550.1396484375	9974.8564453125	9235.6015625	10410.1845703125	9595.3232421875	10917.75390625	8102.521484375	2190.838623046875	8925.3671875	8319.1689453125	6894.16357421875	7772.9306640625	6958.2373046875	7233.12646484375	8655.1201171875	10437.22265625
Q9UIA9	XPO7	Exportin-7	Q9UIA9	XPO7_HUMAN	16	18	17	17	17	18	18	18	18	16	18	18	18	18	17	16	18	18	18	18	18	18	16	18	18	18	17	18	17	18	18	56838.375	52569.6875	55724.66796875	55915.91796875	53978.3046875	55085.59375	54906.3046875	52864.21875	49224.10546875	47094.171875	49634.53125	48141.7109375	49474.9609375	51548.12890625	53948.52734375	58261.90234375	53854.58984375	56912.875	56240.81640625	58054.16796875	55662.2109375	58515.80859375	52603.54296875	55398.2109375	55565.953125	55432.0859375	58816.92578125	51074.55859375	52088.64453125	50577.1796875	54057.8359375
Q9UIC8	LCMT1	Leucine carboxyl methyltransferase 1	Q9UIC8	LCMT1_HUMAN	3	3	3	3	3	3	3	3	3	3	3	3	3	3	3	3	2	3	3	3	3	3	3	3	3	3	3	3	3	3	3	18049.93359375	15536.3583984375	16163.9716796875	13872.6259765625	14984.0869140625	17719.3203125	15105.7451171875	11636.6171875	11967.21484375	12998.5400390625	15236.3955078125	10111.5478515625	11052.794921875	14120.4072265625	12456.6982421875	13423.3662109375	11538.859375	14971.9677734375	15080.087890625	12922.5205078125	12239.4521484375	11770.2197265625	12117.8486328125	9710.1748046875	10116.4462890625	9620.1904296875	11429.7578125	8864.6474609375	12650.443359375	12250.044921875	13118.943359375
Q9UJ70	NAGK	N-acetyl-D-glucosamine kinase	Q9UJ70	NAGK_HUMAN	1	1	1	1	1	1	1	1	1	1	1	1	1	1	1	1	1	1	1	1	1	1	1	1	1	1	1	1	1	1	1	20687.099609375	24027.251953125	24636.302734375	23563.005859375	23460.9921875	22493.181640625	22030.259765625	11285.76953125	12408.740234375	13167.93359375	14460.0830078125	12577.6826171875	13092.0419921875	13907.86328125	17895.623046875	14261.2001953125	18312.603515625	16063.5341796875	15738.806640625	16153.037109375	16686.126953125	15659.552734375	19151.5546875	12377.580078125	10027.5107421875	16001.5185546875	17236.30859375	12176.9365234375	16263.3876953125	19287.49609375	13422.0673828125
Q9UJC5	SH3BGRL2	SH3 domain-binding glutamic acid-rich-like protein 2	Q9UJC5	SH3L2_HUMAN	3	3	3	3	3	3	3	3	3	3	3	3	3	3	3	3	3	3	3	3	3	3	3	3	3	2	3	3	3	3	3	18178.501953125	17734.466796875	16908.40234375	17105.32421875	17131.099609375	18682.056640625	18302.31640625	24512.599609375	21669.041015625	19328.828125	19541.412109375	17660.82421875	23029.626953125	23591.3046875	25193.548828125	24198.970703125	24366.982421875	23266.0234375	25034.509765625	24842.392578125	25134.7890625	10838.2294921875	12785.6572265625	12086.5546875	12475.53125	9082.345703125	12600.8388671875	10255.7197265625	19390.58984375	19264.388671875	19188.498046875
Q9UJU6	DBNL	Drebrin-like protein	Q9UJU6	DBNL_HUMAN	7	7	7	7	7	7	7	7	7	7	7	7	7	7	7	7	7	7	7	7	7	7	7	7	7	7	7	7	7	7	7	39945.5390625	41133.75	43468.28515625	40783.56640625	41868.3125	41328.34765625	42227.25	35226.1015625	36329.29296875	37196.93359375	37171.296875	33437.85546875	36555.06640625	33665.53125	39922.453125	41152.6640625	37963.73046875	37977.16015625	35942.359375	38128.33984375	38014.25	35457.2578125	40161.0390625	33821.3984375	35455.65234375	38470.72265625	36181.58984375	36424.69921875	35385.7265625	37907.78515625	36663.6015625
Q9UJW0	DCTN4	Dynactin subunit 4	Q9UJW0	DCTN4_HUMAN	1	1	1	1	1	1	1	1	1	1	1	1	1	1	1	1	1	1	1	1	1	1	1	1	1	1	1	1	1	1	1	6421.58154296875	7891.35400390625	4220.45751953125	5976.6123046875	5726.666015625	4719.16259765625	6016.75341796875	3420.49267578125	4493.78564453125	4827.1923828125	4189.775390625	2607.188720703125	4238.22705078125	3318.814453125	4448.9404296875	4889.40576171875	3825.422119140625	6299.708984375	7151.47900390625	4149.89306640625	3715.2763671875	4480.40576171875	4965.64453125	3477.5830078125	2875.899658203125	4490.98095703125	4307.14990234375	4558.34521484375	4113.177734375	3848.40673828125	3581.505859375
Q9UK55	SERPINA10	Protein Z-dependent protease inhibitor	Q9UK55	ZPI_HUMAN	9	8	7	9	9	9	8	9	9	9	9	9	9	9	9	9	9	9	8	9	8	9	8	9	9	9	9	9	9	9	9	21261.66015625	18730.705078125	20728.83984375	22417.76953125	24280.36328125	21556.912109375	22386.42578125	32926.26171875	33277.2109375	33705.3046875	33183.52734375	35127.62890625	34427.63671875	34072.671875	30888.3125	30342.541015625	26532.189453125	29131.607421875	31756.95703125	29321.076171875	29418.80859375	23253.81640625	26206.1640625	25356.767578125	24287.39453125	23993.638671875	24320.388671875	26093.166015625	26904.400390625	27097.251953125	25728.5
Q9UKK9	NUDT5	ADP-sugar pyrophosphatase	Q9UKK9	NUDT5_HUMAN	12	12	12	12	12	12	12	12	12	12	12	12	12	12	12	11	12	12	12	12	12	12	12	12	12	12	12	12	12	12	12	30066.0703125	30691.458984375	29648.9140625	29681.904296875	30469.130859375	30200.59375	29691.685546875	26695.05078125	26497.81640625	27719.2578125	27383.58203125	27529.88671875	28752.0546875	26285.365234375	24538.224609375	24994.384765625	24720.19921875	24207.947265625	23922.6328125	23009.099609375	25461.60546875	28500.15625	25138.41796875	28210.884765625	30953.498046875	27550.658203125	28314.4296875	28964.7734375	25927.443359375	27895.65625	27549.958984375
Q9UKV8	AGO2	Protein argonaute-2	Q9UKV8	AGO2_HUMAN	30	31	31	31	28	31	31	30	30	31	31	31	30	31	31	30	31	31	30	30	31	30	29	31	30	29	31	31	30	31	31	84228.2265625	88584.28125	84045.8359375	83241.1953125	81212.3359375	82924.515625	82801.3203125	71315.375	67097.234375	70676.609375	71550.4140625	66094.3671875	70376.1328125	70000.5703125	68822.484375	71800.796875	66261.671875	69459.640625	70617.28125	70225.1640625	68025.5625	70472.2109375	68681.5	66385.0859375	70450.03125	65152.79296875	67545.8671875	65925.953125	70002.6015625	70078.9140625	70194.6015625
Q9UKY7	CDV3	Protein CDV3 homolog	Q9UKY7	CDV3_HUMAN	3	3	3	3	3	3	3	2	3	3	3	3	3	3	3	3	3	3	3	3	3	2	3	3	2	2	3	2	3	3	3	15308.740234375	13001.5849609375	11494.0205078125	15612.03515625	13859.1259765625	12745.54296875	13420.798828125	12169.3896484375	12698.2451171875	15073.212890625	16335.13671875	15449.1669921875	14061.744140625	15895.076171875	14443.2998046875	15122.7685546875	14211.626953125	13321.8291015625	16339.171875	12224.5830078125	14206.6015625	13260.240234375	11854.4482421875	14316.20703125	12758.5400390625	15764.2060546875	15387.87890625	14629.2353515625	15562.794921875	14852.0771484375	12525.9345703125
Q9UL25	RAB21	Ras-related protein Rab-21	Q9UL25	RAB21_HUMAN	2	2	2	2	2	2	2	2	2	2	2	2	2	2	2	2	2	2	2	2	2	2	2	2	2	2	2	2	2	2	2	15374.12109375	18045.05859375	14932.6552734375	16385.12890625	11472.8642578125	13925.3564453125	13850.970703125	16033.12109375	15995.4912109375	15527.16796875	14035.162109375	18579.697265625	18433.326171875	17743.859375	13094.873046875	17137.0078125	17313.541015625	14799.76171875	13615.763671875	15578.5400390625	15826.177734375	17988.74609375	14228.08203125	17583.267578125	16498.01953125	16695.998046875	18195.396484375	16614.916015625	15741.14453125	16079.771484375	14074.486328125
Q9UL46	PSME2	Proteasome activator complex subunit 2	Q9UL46	PSME2_HUMAN	19	19	19	19	18	19	19	19	19	19	19	19	19	19	19	19	19	19	19	19	19	19	19	19	19	19	19	19	19	19	19	175879.796875	186869.578125	182766.84375	181681.484375	169522.828125	180131	177756.5	171968.90625	169564.421875	170619.9375	165467.734375	161030.359375	162854.046875	168147.140625	170017	170044.546875	164734.34375	166486.234375	164987.4375	164159.75	159813.53125	158639.1875	170809.96875	158180.203125	164285.328125	151300.953125	163203.4375	155481.390625	166400.078125	161381.015625	159247.5625
Q9ULA0	DNPEP	Aspartyl aminopeptidase	Q9ULA0	DNPEP_HUMAN	8	8	8	8	8	8	8	8	8	8	8	8	8	8	8	8	8	7	8	8	8	8	8	8	8	8	8	8	8	8	8	33520.58203125	35877.3515625	37166.24609375	33500.0859375	32870.4140625	32946.23828125	33580.984375	29410.505859375	28904.82421875	26248.705078125	27866.091796875	26359.490234375	26395.197265625	28123.751953125	33196.09765625	32424	31191.646484375	30554.390625	30781.06640625	32633.013671875	31655.744140625	26514.78515625	27774.89453125	27851.982421875	27436.98046875	22506.416015625	25644.150390625	22684.015625	29565.2890625	29901.197265625	26875.375
Q9ULC4	MCTS1	Malignant T-cell-amplified sequence 1	Q9ULC4	MCTS1_HUMAN	6	6	6	6	6	6	6	6	6	5	6	6	6	6	6	6	6	6	6	6	6	6	6	6	6	6	6	6	6	6	6	35022.07421875	31367.0234375	33689.53125	31701.267578125	33339.23046875	32872.9140625	36859.171875	27411.171875	29707.75	29330.005859375	25934.291015625	29903.935546875	32173.12890625	32668.111328125	32502.646484375	30875.197265625	32876.64453125	28311.908203125	27337.91796875	32088.759765625	35377.66015625	28090.47265625	26440.9453125	27014.419921875	26583.00390625	26123.07421875	28056.4765625	25297.4453125	30372.185546875	27393.529296875	30318.40234375
Q9ULH1	ASAP1	Arf-GAP with SH3 domain, ANK repeat and PH domain-containing protein 1	Q9ULH1	ASAP1_HUMAN	6	6	6	6	6	6	6	6	6	6	6	6	6	6	6	6	6	6	6	6	6	6	6	6	6	6	6	6	6	6	6	19988.91015625	18225.171875	19129.0078125	20918	19490.298828125	18967.583984375	18747.830078125	16138.70703125	17769.625	16664.623046875	18495.849609375	17160.92578125	15112.607421875	17264.71484375	17421.068359375	18223.630859375	17567.48046875	17094.380859375	16703.94921875	15484.197265625	18266.169921875	17862.65625	14108.439453125	20524.060546875	17243.708984375	17602.173828125	17726.83984375	18890.060546875	19758.96484375	17570.76953125	16111.755859375
Q9ULP9	TBC1D24	TBC1 domain family member 24	Q9ULP9	TBC24_HUMAN	4	5	5	5	5	5	5	5	5	4	5	5	5	5	5	5	5	5	5	5	4	4	4	5	5	4	5	5	5	5	5	22693.837890625	25997.451171875	24619.802734375	23033.43359375	28002.9296875	21152.720703125	25088.923828125	23473.935546875	22651.283203125	22266.146484375	21057.29296875	20588.486328125	22825.560546875	20554.509765625	25435.142578125	27885.46484375	22808.751953125	24923.88671875	23836.916015625	24612.15234375	25761.244140625	23555.736328125	24817.26953125	20627.28125	21690.63671875	20288.857421875	22694.630859375	23869.453125	22099.970703125	20819.69921875	23286.34765625
Q9ULV4	CORO1C	Coronin-1C	Q9ULV4	COR1C_HUMAN	1	2	1	2	2	2	2	1	2	2	2	2	2	2	1	2	2	1	2	2	0	2	1	2	1	2	1	1	2	1	2	4245.29150390625	5879.31494140625	4658.66650390625	4498.1708984375	4571.361328125	4561.3701171875	1802.9180908203125	7656.62353515625	6886.78173828125	13065.75	12483.92578125	7372.576171875	6674.5830078125	7045.81396484375	7758.8701171875	6628.8486328125	5781.91650390625	7250.451171875	8265.693359375	10001.5068359375	NaN	7270.7958984375	7275.58935546875	9309.0341796875	7102.01171875	7251.2568359375	4140.27783203125	6357.3134765625	8490.345703125	6049.00341796875	8235.1494140625
Q9UMY4	SNX12	Sorting nexin-12	Q9UMY4	SNX12_HUMAN	1	1	1	1	1	1	1	1	1	1	1	1	1	1	1	1	1	1	1	1	1	1	1	1	1	1	1	1	1	1	1	4877.2734375	8748.5595703125	10872.283203125	10486.0439453125	9034.5537109375	6104.9130859375	6051.1962890625	8234.9267578125	8091.720703125	10252.8583984375	12472.2412109375	10479.3134765625	11059.9453125	9105.5888671875	8434.609375	10206.2265625	6905.6796875	10316.4111328125	6462.90673828125	7070.18310546875	8956.626953125	10357.8359375	8770.115234375	7989.44970703125	6927.6455078125	8193.3984375	10023.978515625	9650.775390625	8631.2236328125	8636.236328125	8067.125
Q9UN37	VPS4A	Vacuolar protein sorting-associated protein 4A	Q9UN37	VPS4A_HUMAN	2	2	2	2	2	2	2	2	1	2	2	2	2	2	2	2	2	2	2	2	2	2	2	2	2	2	2	2	2	2	2	24412.109375	21215.611328125	27020.03515625	27538.310546875	25460.015625	34916.03515625	24010.666015625	17499.876953125	14611.7021484375	14786.259765625	14471.9921875	14391.7529296875	20059.919921875	18183.734375	28463.23828125	22030.587890625	29383.021484375	29733.005859375	27326.9921875	15244.236328125	16409.71875	15701.173828125	29888.04296875	20961.8984375	11232.5830078125	18711.703125	22733.970703125	26018.716796875	24437.958984375	31405.94921875	17624.44140625
Q9UNH7	SNX6	Sorting nexin-6	Q9UNH7	SNX6_HUMAN	1	1	1	1	1	1	1	1	1	1	1	1	1	1	1	1	1	1	1	1	1	1	1	1	1	1	1	1	1	1	1	21187.4609375	15416.0810546875	15320.1015625	16124.6767578125	20789.76953125	17504.67578125	23308.71484375	15636.087890625	12851.8828125	15533.48046875	13440.94921875	19896.705078125	14066.5185546875	20358.6640625	11478.08984375	14218.5166015625	16475.66015625	16074.2890625	15675.470703125	15272.7763671875	17816.640625	11620.3740234375	14893.20703125	13943.6689453125	18180.666015625	17163.806640625	13408.060546875	15094.296875	12757.0947265625	19262.6015625	18233.435546875
Q9UNM6	PSMD13	26S proteasome non-ATPase regulatory subunit 13	Q9UNM6	PSD13_HUMAN	15	15	15	15	15	15	15	15	15	15	15	15	15	15	15	15	15	15	15	15	15	15	14	14	14	15	14	14	15	14	15	59992.609375	60886.30078125	60059.91015625	58894.5625	56439.28125	56724.16796875	57896.15234375	49621.4453125	52264.9453125	51824.41796875	54589.4765625	51372.9921875	55540.1328125	52014.30078125	54979.8828125	53022.97265625	55995.45703125	50128.01953125	52492.5078125	54470.9609375	55623.71875	47239.89453125	45083.88671875	50177.50390625	48746.60546875	46839.39453125	49138.83984375	45963.5	50528.3125	52702.1015625	53403.59375
Q9UNN5	FAF1	FAS-associated factor 1	Q9UNN5	FAF1_HUMAN	4	4	4	4	4	4	4	4	4	4	4	4	4	4	3	4	4	4	4	4	4	4	4	4	4	4	4	4	4	4	4	16085.8896484375	14478.6923828125	15871.271484375	16910.67578125	11763.1806640625	15596.4296875	14151.119140625	14472.771484375	15373.546875	15024.5625	15934.52734375	14001.1455078125	15269.091796875	14336.98046875	15381.197265625	15974.80859375	15149.2841796875	14840.1484375	15016.287109375	16026.0302734375	15097.0556640625	15727.234375	10256.3935546875	15358.73828125	14781.998046875	16563.9921875	11914.9794921875	15938.43359375	13738.2841796875	13981.9609375	16541.513671875
Q9UNS2	COPS3	COP9 signalosome complex subunit 3	Q9UNS2	CSN3_HUMAN	12	12	12	12	12	12	12	12	12	12	12	12	12	11	12	12	12	12	12	12	12	11	12	12	12	11	12	11	12	12	12	77594.1484375	80822.625	78526.7578125	76092.7578125	78289.59375	75294.2578125	75530.8359375	64839.33203125	67011.0546875	65445.7109375	66774.140625	65943.5859375	67741.828125	67221.6171875	65848.328125	68276.1953125	68222.734375	68140.7578125	69982.6328125	67020.6875	66300.8359375	68059.96875	76256.2734375	65032.796875	66196.5078125	61756.90625	67070.4609375	64855.73828125	66734.3203125	69016.8203125	69330.140625
Q9UNZ2	NSFL1C	NSFL1 cofactor p47	Q9UNZ2	NSF1C_HUMAN	26	26	26	26	26	26	26	25	25	26	26	26	26	26	26	26	26	26	26	25	26	26	26	26	26	26	26	26	26	26	25	175867.25	175279.21875	178823.828125	174535.453125	178215.0625	177420.828125	181831.8125	172059.703125	169830.390625	168203.0625	177257.5	166742.640625	174725.90625	174603.5	152933.390625	152626.484375	154500.9375	152868.5625	152543.578125	155801.71875	152082.921875	168678.453125	178720.875	167902.25	173313.34375	166996.828125	168368.421875	169727.484375	163086.484375	165047.234375	168213.234375
Q9UPN7	PPP6R1	Serine/threonine-protein phosphatase 6 regulatory subunit 1	Q9UPN7	PP6R1_HUMAN	7	7	7	7	7	7	7	7	7	7	7	7	7	7	7	7	7	7	7	7	7	7	7	6	7	7	7	7	7	7	7	17002.29296875	15913.1455078125	18729.208984375	18788.88671875	14867.408203125	17102.65625	17491.3046875	16255.2265625	16081.3486328125	16556.98046875	18279.830078125	17321.28125	17063.2734375	15667.1591796875	20038.400390625	19566.2109375	17410.4375	20111.498046875	18361.73046875	18108.134765625	17466.267578125	14843.05859375	17115.8984375	16445.705078125	16009.705078125	13849.8955078125	15016.8232421875	17198.78125	18077.41015625	14364.9482421875	16833.384765625
Q9UQ80	PA2G4	Proliferation-associated protein 2G4	Q9UQ80	PA2G4_HUMAN	26	25	26	26	26	26	26	26	26	26	25	26	26	25	26	26	26	26	26	26	26	26	26	26	26	26	26	26	26	26	26	90247.0390625	91239.6484375	90433.296875	87155.7265625	88614.8046875	90081.2890625	88617.609375	81176.9609375	81024.96875	76327.265625	79198.671875	77461.5546875	83501.328125	80051.71875	89695.375	94678.5625	89055.3671875	92329.328125	95103.578125	91200.5859375	90077.0078125	129379.6328125	123953.7734375	126759	127764.4609375	125694.5625	133503.515625	122946.21875	95721.4453125	94338.578125	94631.7421875
Q9Y230	RUVBL2	RuvB-like 2	Q9Y230	RUVB2_HUMAN	20	20	20	20	20	19	20	20	20	20	20	20	20	20	20	19	20	20	20	20	20	20	19	19	20	20	20	20	20	20	20	39290.703125	39268.0234375	37137.13671875	39968.7890625	38214.328125	39911.80078125	37186.4375	49322.5703125	50463.94140625	50366.6171875	50725.3125	50700.47265625	50614.78515625	48783.453125	46257.0234375	45209.19921875	49019.796875	45824.87109375	46326.39453125	44842.765625	48292.26953125	40728.69921875	39078.9609375	40253.828125	42768.36328125	39531.69921875	40827.47265625	41940.24609375	43912.68359375	41556.7890625	43385.0625
Q9Y265	RUVBL1	RuvB-like 1	Q9Y265	RUVB1_HUMAN	15	15	15	14	15	14	14	15	15	15	15	15	15	15	15	15	15	14	14	15	15	14	14	15	15	14	15	15	15	15	14	33910	33737.9296875	36139.37109375	33725.4375	33117.26953125	33456.40625	34592.9921875	44643.7421875	44594.328125	43480.10546875	47554.11328125	40463.3359375	48422.77734375	44519.078125	39910.359375	39043.0625	39967.1484375	40891.06640625	40209.18359375	41591.390625	40210.5390625	34082.4453125	35892.6953125	35240.359375	36932.65625	36262	36046.0390625	35748.16015625	40692	37818.6875	38256.52734375
Q9Y285	FARSA	Phenylalanine--tRNA ligase alpha subunit	Q9Y285	SYFA_HUMAN	0	0	0	1	0	0	2	2	1	2	0	2	1	2	4	4	4	4	4	4	4	2	0	0	0	1	2	1	3	2	2	NaN	NaN	NaN	3333.9228515625	NaN	NaN	2805.93310546875	4449.7734375	3154.953369140625	5357.05615234375	NaN	2321.370849609375	5210.44384765625	3630.865966796875	14048.806640625	12818.97265625	12945.7666015625	14165.931640625	13197.4140625	14500.25390625	13816.6142578125	1241.8934326171875	NaN	NaN	NaN	2229.59130859375	3592.339599609375	3433.15087890625	5068.8115234375	4672.22607421875	5388.1103515625
Q9Y2V2	CARHSP1	Calcium-regulated heat-stable protein 1	Q9Y2V2	CHSP1_HUMAN	8	8	8	8	8	8	8	8	8	8	8	8	8	8	8	8	8	8	8	8	8	8	8	8	8	8	8	8	8	8	8	182976.90625	182438.390625	174432.4375	175904.6875	172216.84375	172555.8125	181258.578125	166605.15625	167350.609375	156140.4375	167322.140625	161806.15625	163305.484375	155774.203125	170010.59375	169180.9375	169981.90625	179981.796875	166072.984375	166837.171875	173480.53125	150757.171875	131363.4375	142253.3125	151670.0625	142198.671875	149410.46875	154744.984375	163048.28125	165112.40625	164070.734375
Q9Y315	DERA	Deoxyribose-phosphate aldolase	Q9Y315	DEOC_HUMAN	8	9	9	9	9	8	9	8	9	9	9	9	9	9	9	9	8	9	9	9	9	8	8	9	9	9	9	8	9	9	9	37207.9140625	45549.69921875	41926.859375	41642	40540.98828125	39462.89453125	36999.44140625	38192.1328125	37943.546875	38205.51953125	38619.76171875	31666.859375	38850.69921875	37319.34375	37048.3515625	38758.02734375	38613.921875	41993.9453125	40315.0625	38031.94921875	45207.93359375	32873.36328125	36639.79296875	37734.203125	34667.9453125	35109.30078125	33569.62109375	32460.859375	32914.95703125	37810.98828125	36803.30859375
Q9Y3B6	EMC9	ER membrane protein complex subunit 9	Q9Y3B6	EMC9_HUMAN	1	1	1	1	1	1	1	1	1	1	1	1	1	1	1	1	1	1	1	1	1	1	1	1	1	1	1	1	1	1	1	15633.7060546875	14483.974609375	15975.0771484375	14923.3466796875	16284.5009765625	16036.4833984375	13883.5859375	11534.7021484375	11844.3291015625	11034.63671875	10295.078125	12176.5986328125	11615.943359375	11252.16796875	13061.5966796875	12167.8046875	11742.51953125	12328.603515625	11726.4248046875	12302.72265625	12508.17578125	10919.7177734375	14184.9580078125	11284.1162109375	12422.474609375	11584.3857421875	10571.9267578125	10396.7265625	11849.744140625	10904.826171875	11957.1923828125
Q9Y3B8	REXO2	Oligoribonuclease, mitochondrial	Q9Y3B8	ORN_HUMAN	6	6	6	6	6	6	6	6	6	6	6	6	6	6	5	6	6	6	6	6	6	6	6	6	6	6	6	6	6	6	6	21416.11328125	20676.138671875	20670.490234375	21690.033203125	20126.84765625	22875.693359375	20633.7734375	18178.310546875	18926.6171875	19279.498046875	17981.439453125	15628.828125	17926.583984375	20439.537109375	16547.796875	20227.875	20362.3046875	19757.15234375	20251.732421875	18844	21401.83203125	15200.6962890625	15944.509765625	13518.810546875	13987.568359375	15283.134765625	16149.154296875	16732.03125	15675.9931640625	17866.251953125	16872.8671875
Q9Y3C6	PPIL1	Peptidyl-prolyl cis-trans isomerase-like 1	Q9Y3C6	PPIL1_HUMAN	4	4	4	4	4	4	4	4	4	4	4	4	4	4	4	4	4	4	4	4	4	4	4	4	4	4	4	4	4	4	4	21144.7890625	21247.41796875	20286.357421875	20904.458984375	18933.17578125	19531.5703125	19903.17578125	15404.783203125	16596.095703125	17099.310546875	17714.626953125	18598.638671875	17160.904296875	16779.57421875	16733.001953125	18156.439453125	16396.130859375	19084.544921875	17759.41015625	15905.8095703125	16612.5625	16721.078125	20167.853515625	18089.17578125	16539.5625	16336.6923828125	18665.568359375	16382.376953125	17624.3125	17362.703125	17910.615234375
Q9Y3C8	UFC1	Ubiquitin-fold modifier-conjugating enzyme 1	Q9Y3C8	UFC1_HUMAN	5	5	5	5	5	5	5	5	5	5	5	5	5	5	5	5	5	5	5	5	5	5	5	5	5	5	5	5	5	5	5	27838.1640625	26737.576171875	26910.693359375	27381.279296875	26902.30859375	26358.802734375	25877.001953125	22776.376953125	23543.109375	22201.80859375	22601.93359375	23707.4921875	21938.388671875	24156.783203125	25360.3515625	25882.0234375	26608.560546875	24898.435546875	25214.21484375	25057.044921875	25558.6796875	26538.486328125	28796.361328125	24619.310546875	23221.857421875	25180.521484375	25534.486328125	24584.884765625	25606.521484375	23978.25	24650.599609375
Q9Y3D6	FIS1	Mitochondrial fission 1 protein	Q9Y3D6	FIS1_HUMAN	1	1	1	1	1	1	1	1	1	1	1	1	1	1	1	1	1	1	1	1	1	1	1	1	1	1	1	1	1	1	1	19302.724609375	15868.94921875	17630.63671875	15581.2568359375	18249.353515625	18257.892578125	16933.06640625	16451.912109375	15138.9013671875	16849.685546875	16340.6650390625	12678.544921875	14725.5625	16934.955078125	15147.216796875	16434.291015625	15867.69140625	15870.8076171875	14465.8984375	15196.1484375	14138.8984375	15407.94921875	17785.51953125	15662.25	17293.8515625	13619.1630859375	15937.0283203125	17324.744140625	16378.4091796875	16140.4443359375	15954.8369140625
Q9Y3I1	FBXO7	F-box only protein 7	Q9Y3I1	FBX7_HUMAN	9	9	10	10	10	9	9	10	10	10	10	10	10	10	10	10	9	10	10	10	10	10	9	10	10	10	10	10	10	10	10	792494.75	737307.25	780543.3125	770518.625	721994.75	721600.25	772244.1875	557993.5	530703.375	512162.375	567298.8125	537484.5625	519140.15625	504427.875	574668.125	601252.5	587652.8125	560676.125	558588.5	622183.0625	596849.3125	570990.125	629362.8125	551434.4375	569241.5	547848.4375	527508.3125	555130.625	621723.8125	611483.125	588782.625
Q9Y3Q8	TSC22D4	TSC22 domain family protein 4	Q9Y3Q8	T22D4_HUMAN	7	7	7	7	7	7	7	7	7	7	7	7	7	7	7	7	7	7	7	7	7	7	7	7	7	7	7	7	7	7	7	17158.72265625	15859.8876953125	16439.181640625	17845.21484375	16922.626953125	17868.181640625	16653.2734375	17326.306640625	16724.908203125	18465.9765625	17614.916015625	17034.61328125	16586.171875	16996.4296875	14129.3662109375	15647.5341796875	12997.9111328125	14188.19140625	13929.947265625	15178.388671875	14461.3525390625	15187.6611328125	15250.3974609375	11805.216796875	13907.1455078125	13114.3349609375	13927.7958984375	14362.373046875	14953.6845703125	12943.6953125	15958.5126953125
Q9Y463	DYRK1B	Dual specificity tyrosine-phosphorylation-regulated kinase 1B	Q9Y463	DYR1B_HUMAN	1	1	1	1	1	1	1	1	1	1	1	1	1	1	1	1	1	1	1	1	1	1	1	1	1	1	1	1	1	1	1	36329.71484375	33527.3125	39756.84765625	36626.03125	41566.8203125	35203.83984375	37070.37890625	36952.8515625	31559.26953125	32893.70703125	29486.923828125	33869.43359375	30648.056640625	29426.818359375	34160.32421875	33946.57421875	31840.158203125	30260.423828125	27664.203125	30217.533203125	35657.3046875	30469.0703125	38281.54296875	24947.537109375	36191.08203125	26955.869140625	25536.6640625	23916.181640625	26901.140625	33961.03125	36486.84375
Q9Y490	TLN1	Talin-1	Q9Y490	TLN1_HUMAN	111	108	112	112	105	104	108	111	111	112	112	112	111	109	112	111	112	110	111	108	109	111	108	111	110	109	111	112	112	110	111	103766.078125	106225.5390625	108779.390625	106546.0859375	103522.4921875	105447.0703125	103082.953125	132089.109375	134860.5	145642.109375	137627.46875	134486.8125	134814.921875	134035.734375	141750.109375	146790.640625	145309.203125	147201.828125	142113.203125	144318.0625	142614.078125	124444.4296875	132696.375	127798.1953125	122741.9453125	133390.515625	124237.421875	131997.9375	128216.3046875	125953.78125	127018.7421875
Q9Y4E8	USP15	Ubiquitin carboxyl-terminal hydrolase 15	Q9Y4E8	UBP15_HUMAN	34	34	34	34	34	34	34	34	34	34	33	33	34	33	34	34	34	34	33	34	33	34	34	34	34	33	34	34	34	33	34	57897.015625	59450.125	58527.515625	58525.796875	57516.265625	56838.01171875	58580.4765625	47748.98828125	47400.5625	46858.52734375	50032.0234375	47036.27734375	49010.98046875	47867.14453125	49510.453125	48743.43359375	50727.58203125	48474.66796875	50677.61328125	50243.1953125	50027.39453125	51391.6484375	46099.625	50935.75	50927.828125	49585.9765625	50749.63671875	50969.890625	50951.5859375	48317.125	50115.6875
Q9Y570	PPME1	Protein phosphatase methylesterase 1	Q9Y570	PPME1_HUMAN	9	9	8	9	9	9	9	9	9	9	9	9	9	8	9	9	9	9	8	9	9	9	8	9	9	9	9	9	9	9	9	27318.375	27743.732421875	27256.705078125	27443.09765625	26541.802734375	27366.4296875	27942.296875	27902.328125	27942.0078125	23931.197265625	26955.919921875	24104.69921875	27808.7578125	27594.828125	28502.1875	28225.357421875	27266.56640625	27856.486328125	29719.126953125	29602.3984375	28049.41015625	24508.498046875	23882.564453125	26994.74609375	26700.845703125	25249.056640625	26578.45703125	24015.091796875	25537.5703125	26313.458984375	25066.419921875
Q9Y5B0	CTDP1	RNA polymerase II subunit A C-terminal domain phosphatase	Q9Y5B0	CTDP1_HUMAN	0	0	0	0	0	0	0	1	1	1	1	1	1	1	1	1	1	1	1	1	1	1	1	1	1	1	1	1	1	1	1	NaN	NaN	NaN	NaN	NaN	NaN	NaN	11774.25390625	12707.2412109375	15443.072265625	8676.720703125	14124.353515625	14707.3525390625	13763.4775390625	19235.423828125	20526.521484375	20264.857421875	22951.837890625	20086.04296875	21519.619140625	23999.01171875	8148.62548828125	4767.2646484375	5994.09765625	7433.38916015625	5906.8701171875	7159.84912109375	6868.46044921875	10865.7333984375	7706.908203125	14025.7265625
Q9Y5K5	UCHL5	Ubiquitin carboxyl-terminal hydrolase isozyme L5	Q9Y5K5	UCHL5_HUMAN	3	3	3	3	3	3	3	3	3	3	3	3	3	3	3	3	3	3	3	3	3	3	3	3	3	3	3	3	3	3	3	22567.24609375	24288.09765625	20477.345703125	22275.38671875	23168.896484375	22682	18405.05859375	20177.93359375	17252.21484375	21315.048828125	19646.6875	22063.63671875	19198.685546875	17432.341796875	19630.37109375	20577.958984375	23696.384765625	20659.01953125	19500.63671875	23603.572265625	17165.04296875	21113.279296875	23599.103515625	19901.083984375	19735.333984375	22174.353515625	22107.537109375	20668.1640625	21156.70703125	21016.521484375	21092.3203125
Q9Y5K8	ATP6V1D	V-type proton ATPase subunit D	Q9Y5K8	VATD_HUMAN	1	1	1	1	1	1	1	1	1	1	1	1	1	1	1	1	1	1	1	0	1	1	1	1	1	1	1	1	1	1	1	13523.2099609375	9045.26171875	12104.333984375	11561.587890625	2925.855224609375	7147.38623046875	3645.18798828125	1185.738525390625	9661.962890625	8220.4462890625	4014.566650390625	1358.4114990234375	4663.2119140625	6156.9765625	3088.4345703125	9969.0078125	2871.39208984375	6624.20068359375	5332.0869140625	NaN	8.59171199798584	8642.5771484375	8716.3662109375	8476.19921875	3984.479736328125	3706.421142578125	5340.7080078125	7381.68017578125	12462.673828125	4378.8701171875	974.5379028320312
Q9Y5L0	TNPO3	Transportin-3	Q9Y5L0	TNPO3_HUMAN	1	1	1	1	1	1	1	1	1	1	1	1	1	1	1	1	1	1	1	1	1	1	1	1	1	1	1	1	1	1	1	11413.302734375	11677.2236328125	12329.2958984375	12068.6953125	10396.7783203125	10283.5703125	11013.3271484375	9328.84765625	7845.869140625	8300.306640625	9811.4677734375	8704.576171875	9837.21875	7902.1435546875	9055.5390625	9998.69921875	9700.298828125	8658.8955078125	9432.779296875	10289.072265625	11504.408203125	9715.845703125	9346.2099609375	6143.7646484375	8208.119140625	5877.52392578125	5723.82568359375	7832.65283203125	10141.25390625	9563.4130859375	10033.3388671875
Q9Y5P6	GMPPB	Mannose-1-phosphate guanyltransferase beta	Q9Y5P6	GMPPB_HUMAN	4	4	4	4	4	4	4	4	4	4	4	4	4	4	4	4	4	4	4	4	4	4	4	4	4	4	4	4	4	4	4	22476.462890625	24256.654296875	21646.173828125	20595.6796875	17056.58203125	21128.404296875	23215.1796875	13385.9921875	10600.5810546875	13462.2392578125	10260.23828125	9245.919921875	12830.865234375	15326.3447265625	16248.125	15837.197265625	13247.2119140625	16423.873046875	17083.111328125	16200.189453125	14622.0341796875	22638.958984375	21348.767578125	21359.03515625	20074.109375	20811.34765625	23056.34765625	23793.796875	16950.15234375	15672.51953125	18150.177734375
Q9Y5Q9	GTF3C3	General transcription factor 3C polypeptide 3	Q9Y5Q9	TF3C3_HUMAN	0	0	0	0	0	0	0	1	1	1	1	1	1	1	0	0	0	0	0	0	0	0	0	0	0	0	0	0	1	1	1	NaN	NaN	NaN	NaN	NaN	NaN	NaN	33859.28515625	30557.671875	30246.2421875	29935.2890625	32051.5625	25903.068359375	27763.1640625	NaN	NaN	NaN	NaN	NaN	NaN	NaN	NaN	NaN	NaN	NaN	NaN	NaN	NaN	11745.5673828125	9543.220703125	13155.4775390625
Q9Y5U9	IER3IP1	Immediate early response 3-interacting protein 1	Q9Y5U9	IR3IP_HUMAN	1	1	1	1	1	1	1	1	1	1	1	1	1	1	1	1	1	1	1	1	1	1	1	1	1	1	1	1	1	1	1	13145.353515625	14021.1005859375	12293.40625	11377.7900390625	13727.1513671875	11567.91796875	9358.38671875	12474.48046875	11511.1962890625	14300.568359375	10908.0966796875	11269.0126953125	11112.5009765625	11770.64453125	11279.30859375	9923.09375	12998.5693359375	13258.509765625	15972.787109375	12572.970703125	10806.6943359375	11172.5341796875	11214.9296875	12094.8525390625	13211.00390625	11878.8076171875	10265.87109375	11768.01953125	10381.0234375	10233.990234375	11936.64453125
Q9Y5Y2	NUBP2	Cytosolic Fe-S cluster assembly factor NUBP2	Q9Y5Y2	NUBP2_HUMAN	1	1	1	1	1	1	0	1	1	1	1	1	1	1	1	1	1	1	1	1	1	1	1	1	1	1	1	1	1	1	1	4334.21240234375	5269.6318359375	5619.7802734375	5897.546875	4284.12841796875	3771.06689453125	NaN	4262.44580078125	4185.548828125	3256.528076171875	3441.98095703125	4517.9423828125	4023.81494140625	4207.6455078125	6691.9228515625	4587.22412109375	6626.8212890625	5187.43798828125	4779.876953125	5856.7734375	3022.18896484375	3990.959716796875	5033.7021484375	4516.884765625	3414.1298828125	2312.441162109375	2879.908203125	3535.761474609375	1861.52392578125	3081.244140625	426.6248779296875
Q9Y5Y7	LYVE1	Lymphatic vessel endothelial hyaluronic acid receptor 1	Q9Y5Y7	LYVE1_HUMAN	2	2	2	2	2	2	2	1	2	2	2	2	2	2	2	2	2	1	2	2	2	2	2	2	2	2	2	2	2	2	2	11656.3671875	9053.427734375	9212.859375	9751.6201171875	7347.61181640625	8974.203125	11121.8408203125	7476.66943359375	7210.90283203125	5700.7509765625	6618.95458984375	9827.154296875	7121.22119140625	7906.0771484375	7060.14306640625	4663.3408203125	5418.251953125	6253.32275390625	7500.68115234375	6851.412109375	4703.0830078125	8687.06640625	6110.65869140625	9979.9267578125	5743.9189453125	7351.10986328125	7690.6103515625	7410.05126953125	7184.62890625	8814.626953125	5369.88330078125
Q9Y5Z4	HEBP2	Heme-binding protein 2	Q9Y5Z4	HEBP2_HUMAN	5	5	5	5	5	5	5	5	5	5	5	5	5	5	5	5	5	5	5	5	5	5	5	5	5	5	5	5	5	5	5	22148.9609375	22297.46484375	24219.41015625	23491.357421875	21575.912109375	22641.033203125	23713.69140625	19672.572265625	21664.798828125	18461.19140625	19848.572265625	19781.599609375	22098.365234375	23727.41015625	20233.953125	20106.890625	19777.76171875	19368.857421875	21551.09375	21525.373046875	22129.07421875	18019.265625	18019.8515625	19366.302734375	20698.2265625	18873.205078125	19192.8515625	20826.646484375	21332.568359375	20733.189453125	19334.76171875
Q9Y624	F11R	Junctional adhesion molecule A	Q9Y624	JAM1_HUMAN	3	3	3	3	3	3	3	3	3	3	3	3	3	3	3	3	3	3	3	3	3	3	3	3	3	3	3	3	3	3	3	19098.126953125	21636.41015625	19366.30859375	23346.984375	20042.865234375	23265.8046875	20011.296875	23930.166015625	22118.193359375	19728.697265625	20281.03125	24900.267578125	23169.224609375	19991.830078125	29353.837890625	30791.8125	24017.447265625	27790.849609375	23212.970703125	21851.84375	24907.255859375	22039.51953125	26907.765625	26059.9609375	23378.4921875	24236.283203125	24312.185546875	24331.642578125	22972.185546875	20645.5546875	22773.396484375
Q9Y696	CLIC4	Chloride intracellular channel protein 4	Q9Y696	CLIC4_HUMAN	4	4	4	4	4	4	4	4	4	4	4	4	4	4	4	4	4	4	4	4	4	4	4	4	4	4	4	4	4	4	4	25739.13671875	29882.103515625	30137.529296875	27409.58984375	25086.412109375	24930.2734375	27782.861328125	32781.49609375	35851.9453125	32425.47265625	32709.037109375	31032.5	29143.474609375	34068.7265625	26144.26953125	32680.40234375	31693.81640625	31979.033203125	27386.185546875	33029.5625	34044	27277.8671875	26255.919921875	33879.24609375	32474.087890625	23419.162109375	27777.166015625	27467.845703125	27704.525390625	31206.0546875	29556.16015625
Q9Y6A1	POMT1	Protein O-mannosyl-transferase 1	Q9Y6A1	POMT1_HUMAN	1	1	1	1	1	1	1	1	1	1	1	1	1	1	1	1	1	1	1	1	1	1	1	1	1	1	1	1	1	1	1	3627.985107421875	2987.264404296875	3156.104248046875	2741.02880859375	3045.635986328125	3278.653076171875	3303.04833984375	2477.642822265625	2134.444091796875	2222.124755859375	2300.594482421875	2128.789306640625	2345.019775390625	2422.826904296875	3253.58984375	1996.877197265625	2459.982177734375	3147.3701171875	2311.18408203125	2208.031005859375	3010.979736328125	2054.48974609375	2936.1611328125	2877.49658203125	3610.50830078125	2056.01611328125	2717.92529296875	3065.105224609375	2780.9765625	2598.804931640625	2744.654052734375
Q9Y6R7	FCGBP	IgGFc-binding protein	Q9Y6R7	FCGBP_HUMAN	2	2	2	2	1	2	1	2	2	2	2	2	2	2	1	2	1	0	0	0	1	2	2	2	1	1	2	1	2	2	2	6332.23095703125	6638.935546875	7447.1123046875	4965.4521484375	7612.3369140625	9661.705078125	4049.0517578125	9482.7744140625	8929.486328125	11860.646484375	8041.36474609375	13710.7353515625	7540.1416015625	8290.591796875	3822.256103515625	3517.2705078125	4376.18212890625	NaN	NaN	NaN	5317.00537109375	7214.31640625	7077.9443359375	4895.25341796875	4536.38623046875	4250.04833984375	4694.96435546875	4401.98779296875	6881.82861328125	6134.14306640625	5614.30078125
